,batting_temp,batting_wind,batting_rain,batting_humidity,batting_cloud,batting_pressure,batting_viscosity,weather
0,20,11,0,50,6,1009,3,3
1,20,11,0,50,6,1009,3,3
2,20,11,0,50,6,1009,3,3
3,20,11,0,50,6,1009,3,3
4,20,11,0,50,6,1009,3,3
5,22,11,0,51,0,1010,3,3
6,22,11,0,51,0,1010,3,3
7,22,11,0,51,0,1010,3,3
8,22,11,0,51,0,1010,3,3
9,22,11,0,51,0,1010,3,3
10,22,11,0,51,0,1010,3,3
11,22,11,0,51,0,1010,3,3
12,24,5,0,50,0,1012,3,3
13,24,5,0,50,0,1012,3,3
14,24,5,0,50,0,1012,3,3
15,30,5,0,35,0,1012,3,3
16,30,5,0,35,0,1012,3,3
17,30,5,0,35,0,1012,3,3
18,30,5,0,35,0,1012,3,3
19,30,5,0,35,0,1012,3,3
20,30,5,0,35,0,1012,3,3
21,30,5,0,35,0,1012,3,3
22,30,5,0,35,0,1012,3,3
23,30,5,0,35,0,1012,3,3
24,30,5,0,35,0,1012,3,3
25,30,5,0,35,0,1012,3,3
26,20,9,0,42,52,1015,3,0
27,20,9,0,42,52,1015,3,0
28,20,9,0,42,52,1015,3,0
29,20,9,0,42,52,1015,3,0
30,20,9,0,42,52,1015,3,0
31,20,9,0,42,52,1015,3,0
32,20,9,0,42,52,1015,3,0
33,20,9,0,42,52,1015,3,0
34,14,21,1,90,63,1025,3,0
35,14,21,1,90,63,1025,3,0
36,14,21,1,90,63,1025,3,0
37,14,21,1,90,63,1025,3,0
38,14,21,1,90,63,1025,3,0
39,14,21,1,90,63,1025,3,0
40,14,21,1,90,63,1025,3,0
41,14,21,1,90,63,1025,3,0
42,14,21,1,90,63,1025,3,0
43,14,21,1,90,63,1025,3,0
44,14,21,1,90,63,1025,3,0
45,14,15,0,75,74,1024,3,2
46,14,15,0,75,74,1024,3,2
47,14,15,0,75,74,1024,3,2
48,22,8,0,38,3,1021,3,3
49,22,8,0,38,3,1021,3,3
50,22,8,0,38,3,1021,3,3
51,22,8,0,38,3,1021,3,3
52,22,8,0,38,3,1021,3,3
53,22,8,0,38,3,1021,3,3
54,18,12,0,45,5,1023,3,3
55,18,12,0,45,5,1023,3,3
56,18,12,0,45,5,1023,3,3
57,18,12,0,45,5,1023,3,3
58,18,12,0,45,5,1023,3,3
59,18,12,0,45,5,1023,3,3
60,18,12,0,45,5,1023,3,3
61,18,12,0,45,5,1023,3,3
62,18,12,0,45,5,1023,3,3
63,18,12,0,45,5,1023,3,3
64,18,12,0,45,5,1023,3,3
65,24,4,0,39,4,1018,3,3
66,24,4,0,39,4,1018,3,3
67,24,4,0,39,4,1018,3,3
68,27,3,5,88,48,1010,2,0
69,27,3,5,88,48,1010,2,0
70,27,3,5,88,48,1010,2,0
71,27,3,5,88,48,1010,2,0
72,27,3,5,88,48,1010,2,0
73,27,3,5,88,48,1010,2,0
74,27,3,5,88,48,1010,2,0
75,27,3,5,88,48,1010,2,0
76,27,3,5,88,48,1010,2,0
77,27,3,5,88,48,1010,2,0
78,27,3,5,88,48,1010,2,0
79,27,2,7,91,56,1009,2,0
80,27,2,7,91,56,1009,2,0
81,27,2,7,91,56,1009,2,0
82,27,2,7,91,56,1009,2,0
83,27,2,7,91,56,1009,2,0
84,27,2,7,91,56,1009,2,0
85,25,4,6,99,54,1010,2,0
86,25,4,6,99,54,1010,2,0
87,25,4,6,99,54,1010,2,0
88,25,4,6,99,54,1010,2,0
89,25,4,6,99,54,1010,2,0
90,25,4,11,100,57,1008,1,0
91,25,4,11,100,57,1008,1,0
92,25,4,11,100,57,1008,1,0
93,25,4,11,100,57,1008,1,0
94,25,4,11,100,57,1008,1,0
95,25,4,11,100,57,1008,1,0
96,25,4,11,100,57,1008,1,0
97,25,4,11,100,57,1008,1,0
98,25,4,11,100,57,1008,1,0
99,25,4,11,100,57,1008,1,0
100,25,4,11,100,57,1008,1,0
101,23,5,1,92,21,1010,3,4
102,23,5,1,92,21,1010,3,4
103,23,5,1,92,21,1010,3,4
104,23,5,1,92,21,1010,3,4
105,23,5,1,92,21,1010,3,4
106,23,5,1,92,21,1010,3,4
107,23,5,1,92,21,1010,3,4
108,23,5,1,92,21,1010,3,4
109,23,5,1,92,21,1010,3,4
110,27,2,3,82,37,1010,2,4
111,27,2,3,82,37,1010,2,4
112,27,2,3,82,37,1010,2,4
113,27,2,3,82,37,1010,2,4
114,27,2,3,82,37,1010,2,4
115,27,2,3,82,37,1010,2,4
116,27,2,3,82,37,1010,2,4
117,27,2,3,82,37,1010,2,4
118,27,2,3,82,37,1010,2,4
119,27,2,3,82,37,1010,2,4
120,27,2,3,82,37,1010,2,4
121,26,4,4,91,37,1010,2,4
122,26,4,4,91,37,1010,2,4
123,26,4,4,91,37,1010,2,4
124,26,4,4,91,37,1010,2,4
125,26,4,4,91,37,1010,2,4
126,24,2,14,98,41,1010,1,0
127,24,2,14,98,41,1010,1,0
128,24,2,14,98,41,1010,1,0
129,24,2,14,98,41,1010,1,0
130,27,9,2,77,55,1008,3,0
131,27,9,2,77,55,1008,3,0
132,27,9,2,77,55,1008,3,0
133,27,9,2,77,55,1008,3,0
134,27,9,2,77,55,1008,3,0
135,27,9,2,77,55,1008,3,0
136,27,9,2,77,55,1008,3,0
137,27,9,2,77,55,1008,3,0
138,27,9,2,77,55,1008,3,0
139,27,9,2,77,55,1008,3,0
140,9,7,0,80,23,1023,3,4
141,9,7,0,80,23,1023,3,4
142,9,7,0,80,23,1023,3,4
143,9,7,0,80,23,1023,3,4
144,9,7,0,80,23,1023,3,4
145,9,7,0,80,23,1023,3,4
146,9,7,0,80,23,1023,3,4
147,9,7,0,80,23,1023,3,4
148,9,7,0,80,23,1023,3,4
149,9,7,0,80,23,1023,3,4
150,9,7,0,80,23,1023,3,4
151,17,21,0,66,31,1022,3,4
152,17,21,0,66,31,1022,3,4
153,17,21,0,66,31,1022,3,4
154,17,21,0,66,31,1022,3,4
155,17,21,0,66,31,1022,3,4
156,23,17,0,74,27,1018,3,4
157,23,17,0,74,27,1018,3,4
158,23,17,0,74,27,1018,3,4
159,23,17,0,74,27,1018,3,4
160,23,17,0,74,27,1018,3,4
161,23,17,0,74,27,1018,3,4
162,23,17,0,74,27,1018,3,4
163,23,17,0,74,27,1018,3,4
164,23,17,0,74,27,1018,3,4
165,23,17,0,74,27,1018,3,4
166,23,17,0,74,27,1018,3,4
167,26,24,1,83,68,1009,2,0
168,26,24,1,83,68,1009,2,0
169,26,24,1,83,68,1009,2,0
170,26,24,1,83,68,1009,2,0
171,30,16,0,63,25,1009,3,4
172,30,16,0,63,25,1009,3,4
173,30,16,0,63,25,1009,3,4
174,30,16,0,63,25,1009,3,4
175,30,16,0,63,25,1009,3,4
176,30,16,0,63,25,1009,3,4
177,30,16,0,63,25,1009,3,4
178,30,16,0,63,25,1009,3,4
179,30,16,0,63,25,1009,3,4
180,30,16,0,63,25,1009,3,4
181,26,9,1,88,26,1012,3,4
182,26,9,1,88,26,1012,3,4
183,26,9,1,88,26,1012,3,4
184,26,9,1,88,26,1012,3,4
185,26,9,1,88,26,1012,3,4
186,26,9,1,88,26,1012,3,4
187,26,9,1,88,26,1012,3,4
188,26,9,1,88,26,1012,3,4
189,26,9,1,88,26,1012,3,4
190,26,3,0,82,12,1011,3,4
191,26,3,0,82,12,1011,3,4
192,26,3,0,82,12,1011,3,4
193,26,3,0,82,12,1011,3,4
194,26,3,0,82,12,1011,3,4
195,26,3,0,82,12,1011,3,4
196,26,3,0,82,12,1011,3,4
197,26,3,0,82,12,1011,3,4
198,26,3,0,82,12,1011,3,4
199,26,3,0,82,12,1011,3,4
200,26,3,0,82,12,1011,3,4
201,26,18,1,75,22,1010,3,4
202,26,18,1,75,22,1010,3,4
203,26,18,1,75,22,1010,3,4
204,28,12,0,72,20,1009,3,4
205,28,12,0,72,20,1009,3,4
206,28,12,0,72,20,1009,3,4
207,28,12,0,72,20,1009,3,4
208,28,12,0,72,20,1009,3,4
209,30,5,0,45,0,1008,3,3
210,30,5,0,45,0,1008,3,3
211,30,5,0,45,0,1008,3,3
212,30,5,0,45,0,1008,3,3
213,30,5,0,45,0,1008,3,3
214,30,5,0,45,0,1008,3,3
215,30,5,0,45,0,1008,3,3
216,30,5,0,45,0,1008,3,3
217,32,15,0,47,0,1006,3,3
218,32,15,0,47,0,1006,3,3
219,32,15,0,47,0,1006,3,3
220,32,15,0,47,0,1006,3,3
221,32,15,0,47,0,1006,3,3
222,32,15,0,47,0,1006,3,3
223,32,15,0,47,0,1006,3,3
224,32,15,0,47,0,1006,3,3
225,32,15,0,47,0,1006,3,3
226,32,15,0,47,0,1006,3,3
227,32,15,0,47,0,1006,3,3
228,27,10,0,85,35,1011,3,4
229,27,10,0,85,35,1011,3,4
230,27,6,1,86,14,1011,3,4
231,27,6,1,86,14,1011,3,4
232,27,6,1,86,14,1011,3,4
233,27,6,1,86,14,1011,3,4
234,27,6,1,86,14,1011,3,4
235,27,6,1,86,14,1011,3,4
236,27,6,1,86,14,1011,3,4
237,30,15,0,61,0,1008,3,1
238,30,15,0,61,0,1008,3,1
239,30,15,0,61,0,1008,3,1
240,30,15,0,61,0,1008,3,1
241,30,15,0,61,0,1008,3,1
242,30,15,0,61,0,1008,3,1
243,30,15,0,61,0,1008,3,1
244,30,15,0,61,0,1008,3,1
245,17,17,2,92,98,1015,3,2
246,17,17,2,92,98,1015,3,2
247,17,17,2,92,98,1015,3,2
248,17,17,2,92,98,1015,3,2
249,17,17,2,92,98,1015,3,2
250,17,17,2,92,98,1015,3,2
251,17,17,2,92,98,1015,3,2
252,17,17,2,92,98,1015,3,2
253,17,17,2,92,98,1015,3,2
254,17,17,2,92,98,1015,3,2
255,17,17,2,92,98,1015,3,2
256,17,5,0,64,75,1026,3,2
257,17,5,0,64,75,1026,3,2
258,17,5,0,64,75,1026,3,2
259,17,5,0,64,75,1026,3,2
260,17,5,0,64,75,1026,3,2
261,17,5,0,64,75,1026,3,2
262,17,5,0,64,75,1026,3,2
263,21,6,0,66,39,1017,3,4
264,21,6,0,66,39,1017,3,4
265,21,6,0,66,39,1017,3,4
266,21,6,0,66,39,1017,3,4
267,21,6,0,66,39,1017,3,4
268,21,6,0,66,39,1017,3,4
269,17,20,1,66,78,1002,3,2
270,17,20,1,66,78,1002,3,2
271,17,20,1,66,78,1002,3,2
272,17,20,1,66,78,1002,3,2
273,17,20,1,66,78,1002,3,2
274,17,20,1,66,78,1002,3,2
275,17,20,1,66,78,1002,3,2
276,17,20,1,66,78,1002,3,2
277,17,20,1,66,78,1002,3,2
278,17,20,1,66,78,1002,3,2
279,17,20,1,66,78,1002,3,2
280,17,22,0,68,10,1011,3,1
281,17,22,0,68,10,1011,3,1
282,17,22,0,68,10,1011,3,1
283,17,22,0,68,10,1011,3,1
284,17,22,0,68,10,1011,3,1
285,17,22,0,68,10,1011,3,1
286,17,22,0,68,10,1011,3,1
287,17,22,0,68,10,1011,3,1
288,17,22,0,68,10,1011,3,1
289,17,22,0,68,10,1011,3,1
290,17,22,0,68,10,1011,3,1
291,16,6,0,74,42,1022,3,0
292,16,6,0,74,42,1022,3,0
293,16,6,0,74,42,1022,3,0
294,16,6,0,74,42,1022,3,0
295,16,6,0,74,42,1022,3,0
296,16,6,0,74,42,1022,3,0
297,16,6,0,74,42,1022,3,0
298,16,6,0,74,42,1022,3,0
299,16,6,0,74,42,1022,3,0
300,27,15,5,67,19,1007,2,4
301,27,15,5,67,19,1007,2,4
302,27,15,5,67,19,1007,2,4
303,27,15,5,67,19,1007,2,4
304,27,15,5,67,19,1007,2,4
305,27,15,5,67,19,1007,2,4
306,27,15,5,67,19,1007,2,4
307,27,15,5,67,19,1007,2,4
308,27,15,5,67,19,1007,2,4
309,27,15,5,67,19,1007,2,4
310,27,15,5,67,19,1007,2,4
311,28,26,0,79,26,1010,3,4
312,28,26,0,79,26,1010,3,4
313,28,26,0,79,26,1010,3,4
314,28,26,0,79,26,1010,3,4
315,28,26,0,79,26,1010,3,4
316,28,26,0,79,26,1010,3,4
317,28,26,0,79,26,1010,3,4
318,28,26,0,79,26,1010,3,4
319,28,26,0,79,26,1010,3,4
320,28,26,0,79,26,1010,3,4
321,28,26,0,79,26,1010,3,4
322,27,23,0,80,47,1010,3,0
323,27,23,0,80,47,1010,3,0
324,27,23,0,80,47,1010,3,0
325,27,23,0,80,47,1010,3,0
326,27,23,0,80,47,1010,3,0
327,27,23,0,80,47,1010,3,0
328,27,23,0,80,47,1010,3,0
329,27,23,0,80,47,1010,3,0
330,27,23,0,80,47,1010,3,0
331,27,23,0,80,47,1010,3,0
332,29,17,3,72,25,1007,2,4
333,29,17,3,72,25,1007,2,4
334,29,17,3,72,25,1007,2,4
335,29,17,3,72,25,1007,2,4
336,29,17,3,72,25,1007,2,4
337,29,17,3,72,25,1007,2,4
338,29,17,3,72,25,1007,2,4
339,29,17,3,72,25,1007,2,4
340,29,17,3,72,25,1007,2,4
341,29,17,3,72,25,1007,2,4
342,29,17,3,72,25,1007,2,4
343,27,15,2,79,22,1009,3,4
344,27,15,2,79,22,1009,3,4
345,27,15,2,79,22,1009,3,4
346,27,15,2,79,22,1009,3,4
347,27,15,2,79,22,1009,3,4
348,27,15,2,79,22,1009,3,4
349,27,15,2,79,22,1009,3,4
350,27,15,2,79,22,1009,3,4
351,27,12,0,42,0,1015,3,3
352,27,12,0,42,0,1015,3,3
353,27,12,0,42,0,1015,3,3
354,27,12,0,42,0,1015,3,3
355,27,12,0,42,0,1015,3,3
356,27,12,0,42,0,1015,3,3
357,27,12,0,42,0,1015,3,3
358,27,12,0,42,0,1015,3,3
359,27,12,0,42,0,1015,3,3
360,27,12,0,42,0,1015,3,3
361,27,12,0,42,0,1015,3,3
362,28,12,0,48,0,1014,3,3
363,28,12,0,48,0,1014,3,3
364,28,12,0,48,0,1014,3,3
365,28,12,0,48,0,1014,3,3
366,28,12,0,48,0,1014,3,3
367,28,12,0,48,0,1014,3,3
368,28,12,0,48,0,1014,3,3
369,28,12,0,48,0,1014,3,3
370,28,12,0,48,0,1014,3,3
371,27,13,0,70,0,1014,3,1
372,27,13,0,70,0,1014,3,1
373,27,13,0,70,0,1014,3,1
374,27,13,0,70,0,1014,3,1
375,27,13,0,70,0,1014,3,1
376,27,13,0,70,0,1014,3,1
377,27,13,0,70,0,1014,3,1
378,27,13,0,70,0,1014,3,1
379,27,13,0,70,0,1014,3,1
380,27,13,0,70,0,1014,3,1
381,27,13,0,70,0,1014,3,1
382,29,17,0,54,3,1015,3,3
383,29,17,0,54,3,1015,3,3
384,29,17,0,54,3,1015,3,3
385,29,17,0,54,3,1015,3,3
386,29,17,0,54,3,1015,3,3
387,29,17,0,54,3,1015,3,3
388,29,17,0,54,3,1015,3,3
389,29,17,0,54,3,1015,3,3
390,29,17,0,54,3,1015,3,3
391,29,17,0,54,3,1015,3,3
392,29,17,0,54,3,1015,3,3
393,27,22,0,61,15,1013,3,1
394,27,22,0,61,15,1013,3,1
395,27,22,0,61,15,1013,3,1
396,27,22,0,61,15,1013,3,1
397,27,22,0,61,15,1013,3,1
398,27,22,0,61,15,1013,3,1
399,27,22,0,61,15,1013,3,1
400,27,22,0,61,15,1013,3,1
401,27,22,0,61,15,1013,3,1
402,27,22,0,61,15,1013,3,1
403,18,10,0,68,0,1010,3,1
404,18,10,0,68,0,1010,3,1
405,18,10,0,68,0,1010,3,1
406,18,10,0,68,0,1010,3,1
407,18,10,0,68,0,1010,3,1
408,18,10,0,68,0,1010,3,1
409,18,10,0,68,0,1010,3,1
410,18,10,0,68,0,1010,3,1
411,18,10,0,68,0,1010,3,1
412,18,10,0,68,0,1010,3,1
413,18,10,0,68,0,1010,3,1
414,23,13,0,76,88,1019,3,2
415,23,13,0,76,88,1019,3,2
416,23,13,0,76,88,1019,3,2
417,23,13,0,76,88,1019,3,2
418,23,13,0,76,88,1019,3,2
419,23,13,0,76,88,1019,3,2
420,23,13,0,76,88,1019,3,2
421,29,11,0,28,6,1009,3,3
422,29,11,0,28,6,1009,3,3
423,29,11,0,28,6,1009,3,3
424,29,11,0,28,6,1009,3,3
425,29,11,0,28,6,1009,3,3
426,29,11,0,28,6,1009,3,3
427,29,11,0,28,6,1009,3,3
428,29,11,0,28,6,1009,3,3
429,29,11,0,28,6,1009,3,3
430,29,11,0,28,6,1009,3,3
431,25,20,6,56,25,1007,2,4
432,25,20,6,56,25,1007,2,4
433,25,20,6,56,25,1007,2,4
434,25,20,6,56,25,1007,2,4
435,25,20,6,56,25,1007,2,4
436,25,20,6,56,25,1007,2,4
437,25,20,6,56,25,1007,2,4
438,25,7,6,66,19,1005,2,4
439,25,7,6,66,19,1005,2,4
440,25,7,6,66,19,1005,2,4
441,25,7,6,66,19,1005,2,4
442,25,7,6,66,19,1005,2,4
443,25,7,6,66,19,1005,2,4
444,25,7,6,66,19,1005,2,4
445,25,7,6,66,19,1005,2,4
446,25,7,6,66,19,1005,2,4
447,25,7,6,66,19,1005,2,4
448,33,15,0,25,8,1012,3,3
449,33,15,0,25,8,1012,3,3
450,33,15,0,25,8,1012,3,3
451,33,15,0,25,8,1012,3,3
452,33,15,0,25,8,1012,3,3
453,33,15,0,25,8,1012,3,3
454,33,15,0,25,8,1012,3,3
455,33,15,0,25,8,1012,3,3
456,33,15,0,25,8,1012,3,3
457,33,15,0,25,8,1012,3,3
458,24,2,0,78,0,1011,3,1
459,24,2,0,78,0,1011,3,1
460,24,2,0,78,0,1011,3,1
461,24,2,0,78,0,1011,3,1
462,24,2,0,78,0,1011,3,1
463,24,2,0,78,0,1011,3,1
464,24,2,0,78,0,1011,3,1
465,24,2,0,78,0,1011,3,1
466,24,2,0,78,0,1011,3,1
467,24,2,0,78,0,1011,3,1
468,24,2,0,78,0,1011,3,1
469,29,13,0,36,47,1013,3,3
470,29,13,0,36,47,1013,3,3
471,29,13,0,36,47,1013,3,3
472,29,13,0,36,47,1013,3,3
473,29,13,0,36,47,1013,3,3
474,29,13,0,36,47,1013,3,3
475,29,13,0,36,47,1013,3,3
476,29,13,0,36,47,1013,3,3
477,29,13,0,36,47,1013,3,3
478,29,13,0,36,47,1013,3,3
479,29,13,0,36,47,1013,3,3
480,22,17,0,80,31,1016,3,4
481,22,17,0,80,31,1016,3,4
482,22,17,0,80,31,1016,3,4
483,22,17,0,80,31,1016,3,4
484,29,9,2,76,19,1007,3,4
485,29,9,2,76,19,1007,3,4
486,29,9,2,76,19,1007,3,4
487,29,9,2,76,19,1007,3,4
488,29,9,2,76,19,1007,3,4
489,29,9,2,76,19,1007,3,4
490,29,9,2,76,19,1007,3,4
491,29,9,2,76,19,1007,3,4
492,15,8,0,90,0,1017,3,1
493,15,8,0,90,0,1017,3,1
494,15,8,0,90,0,1017,3,1
495,15,8,0,90,0,1017,3,1
496,15,8,0,90,0,1017,3,1
497,15,8,0,90,0,1017,3,1
498,15,8,0,90,0,1017,3,1
499,15,8,0,90,0,1017,3,1
500,15,8,0,90,0,1017,3,1
501,16,27,0,59,37,1017,3,4
502,16,27,0,59,37,1017,3,4
503,16,27,0,59,37,1017,3,4
504,16,27,0,59,37,1017,3,4
505,16,27,0,59,37,1017,3,4
506,16,27,0,59,37,1017,3,4
507,17,11,0,76,87,1015,0,2
508,17,11,0,76,87,1015,0,2
509,17,11,0,76,87,1015,0,2
510,17,11,0,76,87,1015,0,2
511,17,11,0,76,87,1015,0,2
512,17,11,0,76,87,1015,0,2
513,17,11,0,76,87,1015,0,2
514,17,11,0,76,87,1015,0,2
515,17,11,0,76,87,1015,0,2
516,17,11,0,76,87,1015,0,2
517,17,11,0,76,87,1015,0,2
518,24,18,1,90,73,1013,3,2
519,24,18,1,90,73,1013,3,2
520,24,18,1,90,73,1013,3,2
521,24,18,1,90,73,1013,3,2
522,24,18,1,90,73,1013,3,2
523,24,18,1,90,73,1013,3,2
524,24,18,1,90,73,1013,3,2
525,24,18,1,90,73,1013,3,2
526,24,18,1,90,73,1013,3,2
527,24,18,1,90,73,1013,3,2
528,24,18,1,90,73,1013,3,2
529,18,23,0,71,11,1024,3,1
530,18,23,0,71,11,1024,3,1
531,18,23,0,71,11,1024,3,1
532,18,23,0,71,11,1024,3,1
533,21,9,0,53,33,1015,3,4
534,21,9,0,53,33,1015,3,4
535,21,9,0,53,33,1015,3,4
536,21,9,0,53,33,1015,3,4
537,21,9,0,53,33,1015,3,4
538,21,9,0,53,33,1015,3,4
539,21,9,0,53,33,1015,3,4
540,21,9,0,53,33,1015,3,4
541,21,9,0,53,33,1015,3,4
542,21,9,0,53,33,1015,3,4
543,21,9,0,53,33,1015,3,4
544,29,11,0,40,6,1009,3,3
545,29,11,0,40,6,1009,3,3
546,29,11,0,40,6,1009,3,3
547,29,11,0,40,6,1009,3,3
548,29,11,0,40,6,1009,3,3
549,29,11,0,40,6,1009,3,3
550,29,11,0,40,6,1009,3,3
551,29,11,0,40,6,1009,3,3
552,29,11,0,40,6,1009,3,3
553,29,11,0,40,6,1009,3,3
554,29,11,0,40,6,1009,3,3
555,33,12,0,25,4,1010,3,3
556,33,12,0,25,4,1010,3,3
557,33,12,0,25,4,1010,3,3
558,33,12,0,25,4,1010,3,3
559,33,12,0,25,4,1010,3,3
560,33,12,0,25,4,1010,3,3
561,33,12,0,25,4,1010,3,3
562,33,12,0,25,4,1010,3,3
563,33,12,0,25,4,1010,3,3
564,33,12,0,25,4,1010,3,3
565,33,12,0,25,4,1010,3,3
566,33,4,0,44,49,1007,3,0
567,33,4,0,44,49,1007,3,0
568,33,4,0,44,49,1007,3,0
569,33,4,0,44,49,1007,3,0
570,33,4,0,44,49,1007,3,0
571,33,4,0,44,49,1007,3,0
572,33,4,0,44,49,1007,3,0
573,33,4,0,44,49,1007,3,0
574,33,4,0,44,49,1007,3,0
575,33,4,0,44,49,1007,3,0
576,33,4,0,44,49,1007,3,0
577,26,22,1,70,33,1006,3,4
578,26,22,1,70,33,1006,3,4
579,26,22,1,70,33,1006,3,4
580,26,22,1,70,33,1006,3,4
581,26,22,1,70,33,1006,3,4
582,26,22,1,70,33,1006,3,4
583,26,22,1,70,33,1006,3,4
584,26,22,1,70,33,1006,3,4
585,26,22,1,70,33,1006,3,4
586,26,22,1,70,33,1006,3,4
587,26,19,0,75,28,1006,3,4
588,26,19,0,75,28,1006,3,4
589,26,19,0,75,28,1006,3,4
590,26,19,0,75,28,1006,3,4
591,26,19,0,75,28,1006,3,4
592,26,19,0,75,28,1006,3,4
593,28,21,0,73,49,1007,3,0
594,28,21,0,73,49,1007,3,0
595,28,21,0,73,49,1007,3,0
596,28,21,0,73,49,1007,3,0
597,28,21,0,73,49,1007,3,0
598,28,21,0,73,49,1007,3,0
599,28,21,0,73,49,1007,3,0
600,28,21,0,73,49,1007,3,0
601,28,21,0,73,49,1007,3,0
602,28,21,0,73,49,1007,3,0
603,27,16,0,79,80,1012,3,2
604,27,16,0,79,80,1012,3,2
605,27,16,0,79,80,1012,3,2
606,27,16,0,79,80,1012,3,2
607,27,16,0,79,80,1012,3,2
608,27,16,0,79,80,1012,3,2
609,27,16,0,79,80,1012,3,2
610,27,16,0,79,80,1012,3,2
611,27,16,0,79,80,1012,3,2
612,27,16,0,79,80,1012,3,2
613,26,24,0,81,14,1010,3,1
614,26,24,0,81,14,1010,3,1
615,26,24,0,81,14,1010,3,1
616,26,24,0,81,14,1010,3,1
617,26,24,0,81,14,1010,3,1
618,26,24,0,81,14,1010,3,1
619,26,24,0,81,14,1010,3,1
620,26,24,0,81,14,1010,3,1
621,26,24,0,81,14,1010,3,1
622,26,24,0,81,14,1010,3,1
623,26,24,0,81,14,1010,3,1
624,27,25,0,81,19,1009,3,4
625,27,25,0,81,19,1009,3,4
626,27,25,0,81,19,1009,3,4
627,29,17,0,73,31,1007,3,4
628,29,17,0,73,31,1007,3,4
629,29,17,0,73,31,1007,3,4
630,29,17,0,73,31,1007,3,4
631,29,17,0,73,31,1007,3,4
632,29,17,0,73,31,1007,3,4
633,29,17,0,73,31,1007,3,4
634,28,18,0,73,33,1009,3,4
635,28,18,0,73,33,1009,3,4
636,28,18,0,73,33,1009,3,4
637,28,18,0,73,33,1009,3,4
638,28,18,0,73,33,1009,3,4
639,28,18,0,73,33,1009,3,4
640,28,18,0,73,33,1009,3,4
641,28,18,0,73,33,1009,3,4
642,28,18,0,73,33,1009,3,4
643,28,18,0,73,33,1009,3,4
644,22,12,0,84,8,1009,3,1
645,22,12,0,84,8,1009,3,1
646,22,12,0,84,8,1009,3,1
647,22,12,0,84,8,1009,3,1
648,22,12,0,84,8,1009,3,1
649,22,12,0,84,8,1009,3,1
650,22,12,0,84,8,1009,3,1
651,22,12,0,84,8,1009,3,1
652,22,12,0,84,8,1009,3,1
653,22,12,0,84,8,1009,3,1
654,22,12,0,84,8,1009,3,1
655,23,2,3,93,58,1010,2,0
656,23,2,3,93,58,1010,2,0
657,23,2,3,93,58,1010,2,0
658,23,2,3,93,58,1010,2,0
659,23,2,3,93,58,1010,2,0
660,23,0,3,94,58,1011,2,0
661,23,0,3,94,58,1011,2,0
662,23,0,3,94,58,1011,2,0
663,23,0,3,94,58,1011,2,0
664,23,0,3,94,58,1011,2,0
665,26,8,3,83,15,1011,2,4
666,26,8,3,83,15,1011,2,4
667,26,8,3,83,15,1011,2,4
668,26,8,3,83,15,1011,2,4
669,26,8,3,83,15,1011,2,4
670,26,2,5,82,37,1012,2,4
671,26,2,5,82,37,1012,2,4
672,26,2,5,82,37,1012,2,4
673,26,2,5,82,37,1012,2,4
674,26,2,5,82,37,1012,2,4
675,26,2,5,82,37,1012,2,4
676,26,2,5,82,37,1012,2,4
677,26,2,5,82,37,1012,2,4
678,26,2,5,82,37,1012,2,4
679,20,16,0,61,2,1003,3,1
680,20,16,0,61,2,1003,3,1
681,20,16,0,61,2,1003,3,1
682,20,16,0,61,2,1003,3,1
683,20,16,0,61,2,1003,3,1
684,20,16,0,61,2,1003,3,1
685,20,16,0,61,2,1003,3,1
686,20,16,0,61,2,1003,3,1
687,20,16,0,61,2,1003,3,1
688,20,16,0,61,2,1003,3,1
689,20,16,0,61,2,1003,3,1
690,19,20,0,63,8,1018,3,1
691,19,20,0,63,8,1018,3,1
692,19,20,0,63,8,1018,3,1
693,19,20,0,63,8,1018,3,1
694,24,20,0,76,42,1008,3,0
695,24,20,0,76,42,1008,3,0
696,24,20,0,76,42,1008,3,0
697,24,20,0,76,42,1008,3,0
698,24,20,0,76,42,1008,3,0
699,24,20,0,76,42,1008,3,0
700,24,20,0,76,42,1008,3,0
701,24,20,0,76,42,1008,3,0
702,22,8,0,84,73,1016,3,2
703,22,8,0,84,73,1016,3,2
704,12,13,0,73,51,1022,3,0
705,12,13,0,73,51,1022,3,0
706,12,13,0,73,51,1022,3,0
707,12,13,0,73,51,1022,3,0
708,12,13,0,73,51,1022,3,0
709,12,13,0,73,51,1022,3,0
710,12,13,0,73,51,1022,3,0
711,12,13,0,73,51,1022,3,0
712,12,13,0,73,51,1022,3,0
713,12,13,0,73,51,1022,3,0
714,12,13,0,73,51,1022,3,0
715,27,3,1,80,16,1010,3,4
716,27,3,1,80,16,1010,3,4
717,27,3,1,80,16,1010,3,4
718,27,3,1,80,16,1010,3,4
719,27,9,7,82,29,1010,2,4
720,27,9,7,82,29,1010,2,4
721,28,8,6,74,50,1008,2,0
722,28,8,6,74,50,1008,2,0
723,28,8,6,74,50,1008,2,0
724,28,8,6,74,50,1008,2,0
725,28,8,6,74,50,1008,2,0
726,28,8,6,74,50,1008,2,0
727,28,8,6,74,50,1008,2,0
728,28,8,6,74,50,1008,2,0
729,28,8,6,74,50,1008,2,0
730,28,8,6,74,50,1008,2,0
731,28,8,6,74,50,1008,2,0
732,14,14,0,70,10,1017,3,1
733,14,14,0,70,10,1017,3,1
734,14,14,0,70,10,1017,3,1
735,14,14,0,70,10,1017,3,1
736,14,14,0,70,10,1017,3,1
737,14,14,0,70,10,1017,3,1
738,14,14,0,70,10,1017,3,1
739,14,14,0,70,10,1017,3,1
740,14,14,0,70,10,1017,3,1
741,14,14,0,70,10,1017,3,1
742,14,14,0,70,10,1017,3,1
743,15,18,0,65,78,1013,3,2
744,15,18,0,65,78,1013,3,2
745,15,18,0,65,78,1013,3,2
746,15,18,0,65,78,1013,3,2
747,15,18,0,65,78,1013,3,2
748,19,18,0,61,47,1014,3,0
749,19,18,0,61,47,1014,3,0
750,19,18,0,61,47,1014,3,0
751,19,18,0,61,47,1014,3,0
752,19,18,0,61,47,1014,3,0
753,19,18,0,61,47,1014,3,0
754,19,18,0,61,47,1014,3,0
755,19,18,0,61,47,1014,3,0
756,19,18,0,61,47,1014,3,0
757,19,18,0,61,47,1014,3,0
758,18,9,0,90,87,1012,3,2
759,18,9,0,90,87,1012,3,2
760,18,9,0,90,87,1012,3,2
761,18,9,0,90,87,1012,3,2
762,18,9,0,90,87,1012,3,2
763,18,9,0,90,87,1012,3,2
764,18,9,0,90,87,1012,3,2
765,18,9,0,90,87,1012,3,2
766,18,9,0,90,87,1012,3,2
767,18,9,0,90,87,1012,3,2
768,29,15,3,78,47,1013,2,0
769,29,15,3,78,47,1013,2,0
770,29,15,3,78,47,1013,2,0
771,29,15,3,78,47,1013,2,0
772,29,15,3,78,47,1013,2,0
773,29,15,3,78,47,1013,2,0
774,29,15,3,78,47,1013,2,0
775,29,15,3,78,47,1013,2,0
776,29,15,3,78,47,1013,2,0
777,29,15,3,78,47,1013,2,0
778,29,15,3,78,47,1013,2,0
779,27,18,2,85,67,1016,3,0
780,27,18,2,85,67,1016,3,0
781,27,18,2,85,67,1016,3,0
782,28,9,1,77,30,1014,3,4
783,28,9,1,77,30,1014,3,4
784,28,9,1,77,30,1014,3,4
785,28,9,1,77,30,1014,3,4
786,28,9,1,77,30,1014,3,4
787,28,9,1,77,30,1014,3,4
788,28,9,1,77,30,1014,3,4
789,28,9,1,77,30,1014,3,4
790,28,9,1,77,30,1014,3,4
791,28,22,0,71,15,1013,3,1
792,28,22,0,71,15,1013,3,1
793,28,22,0,71,15,1013,3,1
794,28,22,0,71,15,1013,3,1
795,28,22,0,71,15,1013,3,1
796,28,22,0,71,15,1013,3,1
797,28,22,0,71,15,1013,3,1
798,28,22,0,71,15,1013,3,1
799,28,22,0,71,15,1013,3,1
800,28,22,0,71,15,1013,3,1
801,28,22,0,71,15,1013,3,1
802,28,15,0,70,51,1015,3,0
803,28,15,0,70,51,1015,3,0
804,28,15,0,70,51,1015,3,0
805,28,15,0,70,51,1015,3,0
806,28,15,0,70,51,1015,3,0
807,28,15,0,70,51,1015,3,0
808,28,15,0,70,51,1015,3,0
809,28,15,0,70,51,1015,3,0
810,28,15,0,70,51,1015,3,0
811,28,15,0,70,51,1015,3,0
812,28,15,0,70,51,1015,3,0
813,27,16,0,81,36,1007,3,4
814,27,16,0,81,36,1007,3,4
815,27,16,0,81,36,1007,3,4
816,27,16,0,81,36,1007,3,4
817,27,16,0,81,36,1007,3,4
818,27,16,0,81,36,1007,3,4
819,27,16,0,81,36,1007,3,4
820,28,17,2,74,28,1007,3,4
821,28,17,2,74,28,1007,3,4
822,28,17,2,74,28,1007,3,4
823,28,17,2,74,28,1007,3,4
824,28,17,2,74,28,1007,3,4
825,28,17,2,74,28,1007,3,4
826,28,17,2,74,28,1007,3,4
827,28,17,2,74,28,1007,3,4
828,28,17,2,74,28,1007,3,4
829,28,17,2,74,28,1007,3,4
830,28,17,2,74,28,1007,3,4
831,22,12,0,77,19,1009,3,4
832,22,12,0,77,19,1009,3,4
833,22,12,0,77,19,1009,3,4
834,22,12,0,77,19,1009,3,4
835,22,12,0,77,19,1009,3,4
836,22,12,0,77,19,1009,3,4
837,22,12,0,77,19,1009,3,4
838,22,12,0,77,19,1009,3,4
839,22,12,0,77,19,1009,3,4
840,22,12,0,77,19,1009,3,4
841,22,12,0,77,19,1009,3,4
842,23,9,1,86,21,1012,3,4
843,23,9,1,86,21,1012,3,4
844,23,9,1,86,21,1012,3,4
845,23,9,1,86,21,1012,3,4
846,27,18,1,78,29,1006,3,4
847,27,18,1,78,29,1006,3,4
848,27,18,1,78,29,1006,3,4
849,27,18,1,78,29,1006,3,4
850,27,18,1,78,29,1006,3,4
851,27,18,1,78,29,1006,3,4
852,26,3,3,84,40,1010,2,0
853,26,3,3,84,40,1010,2,0
854,26,3,3,84,40,1010,2,0
855,26,3,3,84,40,1010,2,0
856,26,3,3,84,40,1010,2,0
857,26,3,3,84,40,1010,2,0
858,26,3,3,84,40,1010,2,0
859,26,3,3,84,40,1010,2,0
860,26,3,3,84,40,1010,2,0
861,26,3,3,84,40,1010,2,0
862,26,3,3,84,40,1010,2,0
863,27,6,8,79,63,1009,1,0
864,27,6,8,79,63,1009,1,0
865,27,6,8,79,63,1009,1,0
866,29,6,0,71,19,1010,3,4
867,29,6,0,71,19,1010,3,4
868,29,6,0,71,19,1010,3,4
869,29,6,0,71,19,1010,3,4
870,29,6,0,71,19,1010,3,4
871,29,6,0,71,19,1010,3,4
872,29,6,0,71,19,1010,3,4
873,29,6,0,71,19,1010,3,4
874,29,6,0,71,19,1010,3,4
875,29,6,0,71,19,1010,3,4
876,24,11,0,46,9,1018,3,3
877,24,11,0,46,9,1018,3,3
878,24,11,0,46,9,1018,3,3
879,24,11,0,46,9,1018,3,3
880,24,11,0,46,9,1018,3,3
881,24,11,0,46,9,1018,3,3
882,24,11,0,46,9,1018,3,3
883,24,11,0,46,9,1018,3,3
884,24,11,0,46,9,1018,3,3
885,24,11,0,46,9,1018,3,3
886,24,11,0,46,9,1018,3,3
887,23,35,0,59,0,1016,3,1
888,23,35,0,59,0,1016,3,1
889,23,35,0,59,0,1016,3,1
890,23,35,0,59,0,1016,3,1
891,23,35,0,59,0,1016,3,1
892,23,35,0,59,0,1016,3,1
893,23,35,0,59,0,1016,3,1
894,23,35,0,59,0,1016,3,1
895,23,35,0,59,0,1016,3,1
896,23,35,0,59,0,1016,3,1
897,22,9,1,60,11,1018,3,1
898,22,9,1,60,11,1018,3,1
899,22,9,1,60,11,1018,3,1
900,22,9,1,60,11,1018,3,1
901,22,9,1,60,11,1018,3,1
902,22,9,1,60,11,1018,3,1
903,22,9,1,60,11,1018,3,1
904,22,9,1,60,11,1018,3,1
905,22,9,1,60,11,1018,3,1
906,22,9,1,60,11,1018,3,1
907,22,9,1,60,11,1018,3,1
908,22,26,0,33,0,1023,3,3
909,22,26,0,33,0,1023,3,3
910,22,26,0,33,0,1023,3,3
911,22,26,0,33,0,1023,3,3
912,22,26,0,33,0,1023,3,3
913,22,26,0,33,0,1023,3,3
914,22,26,0,33,0,1023,3,3
915,22,26,0,33,0,1023,3,3
916,22,26,0,33,0,1023,3,3
917,22,26,0,33,0,1023,3,3
918,22,26,0,33,0,1023,3,3
919,20,21,0,68,2,1022,3,1
920,20,21,0,68,2,1022,3,1
921,20,21,0,68,2,1022,3,1
922,20,21,0,68,2,1022,3,1
923,20,21,0,68,2,1022,3,1
924,20,21,0,68,2,1022,3,1
925,20,21,0,68,2,1022,3,1
926,20,21,0,68,2,1022,3,1
927,20,21,0,68,2,1022,3,1
928,20,21,0,68,2,1022,3,1
929,23,10,0,64,24,1013,3,4
930,23,10,0,64,24,1013,3,4
931,23,10,0,64,24,1013,3,4
932,23,10,0,64,24,1013,3,4
933,23,10,0,64,24,1013,3,4
934,23,10,0,64,24,1013,3,4
935,23,10,0,64,24,1013,3,4
936,23,10,0,64,24,1013,3,4
937,23,10,0,64,24,1013,3,4
938,23,10,0,64,24,1013,3,4
939,23,10,0,64,24,1013,3,4
940,29,6,0,39,0,1013,3,3
941,29,6,0,39,0,1013,3,3
942,29,6,0,39,0,1013,3,3
943,29,6,0,39,0,1013,3,3
944,29,6,0,39,0,1013,3,3
945,29,6,0,39,0,1013,3,3
946,29,6,0,39,0,1013,3,3
947,29,6,0,39,0,1013,3,3
948,24,6,0,44,4,1012,3,3
949,24,6,0,44,4,1012,3,3
950,24,6,0,44,4,1012,3,3
951,24,6,0,44,4,1012,3,3
952,24,6,0,44,4,1012,3,3
953,24,6,0,44,4,1012,3,3
954,28,18,0,60,8,1012,3,1
955,28,18,0,60,8,1012,3,1
956,28,18,0,60,8,1012,3,1
957,28,18,0,60,8,1012,3,1
958,28,18,0,60,8,1012,3,1
959,28,18,0,60,8,1012,3,1
960,28,18,0,60,8,1012,3,1
961,28,18,0,60,8,1012,3,1
962,24,27,0,79,2,1014,3,1
963,24,27,0,79,2,1014,3,1
964,24,27,0,79,2,1014,3,1
965,24,27,0,79,2,1014,3,1
966,24,27,0,79,2,1014,3,1
967,24,27,0,79,2,1014,3,1
968,24,27,0,79,2,1014,3,1
969,24,27,0,79,2,1014,3,1
970,24,27,0,79,2,1014,3,1
971,24,27,0,79,2,1014,3,1
972,31,15,0,28,9,1012,3,3
973,31,15,0,28,9,1012,3,3
974,31,15,0,28,9,1012,3,3
975,31,15,0,28,9,1012,3,3
976,31,15,0,28,9,1012,3,3
977,31,15,0,28,9,1012,3,3
978,31,15,0,28,9,1012,3,3
979,31,15,0,28,9,1012,3,3
980,26,6,0,37,6,1011,3,3
981,26,6,0,37,6,1011,3,3
982,26,6,0,37,6,1011,3,3
983,26,6,0,37,6,1011,3,3
984,26,6,0,37,6,1011,3,3
985,26,6,0,37,6,1011,3,3
986,26,6,0,37,6,1011,3,3
987,26,6,0,37,6,1011,3,3
988,26,6,0,37,6,1011,3,3
989,28,5,0,32,2,1012,3,3
990,28,5,0,32,2,1012,3,3
991,28,5,0,32,2,1012,3,3
992,28,5,0,32,2,1012,3,3
993,28,5,0,32,2,1012,3,3
994,28,5,0,32,2,1012,3,3
995,28,5,0,32,2,1012,3,3
996,13,23,0,75,54,1002,3,0
997,13,23,0,75,54,1002,3,0
998,13,23,0,75,54,1002,3,0
999,13,23,0,75,54,1002,3,0
1000,13,23,0,75,54,1002,3,0
1001,13,23,0,75,54,1002,3,0
1002,13,23,0,75,54,1002,3,0
1003,13,23,0,75,54,1002,3,0
1004,13,23,0,75,54,1002,3,0
1005,13,23,0,75,54,1002,3,0
1006,16,11,0,70,16,1002,3,1
1007,16,11,0,70,16,1002,3,1
1008,16,11,0,70,16,1002,3,1
1009,16,11,0,70,16,1002,3,1
1010,16,11,0,70,16,1002,3,1
1011,16,11,0,70,16,1002,3,1
1012,16,11,0,70,16,1002,3,1
1013,16,11,0,70,16,1002,3,1
1014,16,11,0,70,16,1002,3,1
1015,16,11,0,70,16,1002,3,1
1016,16,11,0,70,16,1002,3,1
1017,14,11,1,74,78,1015,3,2
1018,14,11,1,74,78,1015,3,2
1019,14,11,1,74,78,1015,3,2
1020,14,11,1,74,78,1015,3,2
1021,14,11,1,74,78,1015,3,2
1022,14,11,1,74,78,1015,3,2
1023,14,11,1,74,78,1015,3,2
1024,14,11,1,74,78,1015,3,2
1025,14,11,1,74,78,1015,3,2
1026,14,11,1,74,78,1015,3,2
1027,11,14,1,97,100,1015,3,2
1028,11,14,1,97,100,1015,3,2
1029,11,14,1,97,100,1015,3,2
1030,11,14,1,97,100,1015,3,2
1031,11,14,1,97,100,1015,3,2
1032,11,14,1,97,100,1015,3,2
1033,11,14,1,97,100,1015,3,2
1034,11,14,1,97,100,1015,3,2
1035,11,14,1,97,100,1015,3,2
1036,11,14,1,97,100,1015,3,2
1037,11,14,1,97,100,1015,3,2
1038,17,7,0,63,74,1025,3,2
1039,17,7,0,63,74,1025,3,2
1040,17,7,0,63,74,1025,3,2
1041,17,7,0,63,74,1025,3,2
1042,17,7,0,63,74,1025,3,2
1043,17,7,0,63,74,1025,3,2
1044,17,7,0,63,74,1025,3,2
1045,17,7,0,63,74,1025,3,2
1046,17,7,0,63,74,1025,3,2
1047,17,7,0,63,74,1025,3,2
1048,17,7,0,63,74,1025,3,2
1049,15,4,1,87,39,1009,3,0
1050,15,4,1,87,39,1009,3,0
1051,15,4,1,87,39,1009,3,0
1052,15,4,1,87,39,1009,3,0
1053,15,4,1,87,39,1009,3,0
1054,15,4,1,87,39,1009,3,0
1055,28,19,3,79,22,1008,2,4
1056,28,19,3,79,22,1008,2,4
1057,28,19,3,79,22,1008,2,4
1058,28,19,3,79,22,1008,2,4
1059,28,19,3,79,22,1008,2,4
1060,28,19,3,79,22,1008,2,4
1061,28,19,3,79,22,1008,2,4
1062,28,19,3,79,22,1008,2,4
1063,28,19,3,79,22,1008,2,4
1064,28,19,3,79,22,1008,2,4
1065,28,19,3,79,22,1008,2,4
1066,26,18,0,67,11,1007,3,1
1067,26,18,0,67,11,1007,3,1
1068,26,18,0,67,11,1007,3,1
1069,26,18,0,67,11,1007,3,1
1070,26,18,0,67,11,1007,3,1
1071,26,18,0,67,11,1007,3,1
1072,26,18,0,67,11,1007,3,1
1073,26,18,0,67,11,1007,3,1
1074,26,18,0,67,11,1007,3,1
1075,26,18,0,67,11,1007,3,1
1076,26,18,0,67,11,1007,3,1
1077,27,28,0,80,39,1009,3,4
1078,27,28,0,80,39,1009,3,4
1079,27,28,0,80,39,1009,3,4
1080,27,28,0,80,39,1009,3,4
1081,27,28,0,80,39,1009,3,4
1082,27,28,0,80,39,1009,3,4
1083,27,28,0,80,39,1009,3,4
1084,27,28,0,80,39,1009,3,4
1085,27,28,0,80,39,1009,3,4
1086,27,28,0,80,39,1009,3,4
1087,27,28,0,80,39,1009,3,4
1088,28,25,2,73,68,1009,3,0
1089,28,25,2,73,68,1009,3,0
1090,28,25,2,73,68,1009,3,0
1091,28,25,2,73,68,1009,3,0
1092,28,25,2,73,68,1009,3,0
1093,28,25,2,73,68,1009,3,0
1094,28,25,2,73,68,1009,3,0
1095,28,25,2,73,68,1009,3,0
1096,28,25,2,73,68,1009,3,0
1097,26,25,0,82,10,1011,3,1
1098,26,25,0,82,10,1011,3,1
1099,26,25,0,82,10,1011,3,1
1100,26,25,0,82,10,1011,3,1
1101,26,25,0,82,10,1011,3,1
1102,26,25,0,82,10,1011,3,1
1103,26,25,0,82,10,1011,3,1
1104,26,25,0,82,10,1011,3,1
1105,26,25,0,82,10,1011,3,1
1106,26,25,0,82,10,1011,3,1
1107,29,2,5,74,24,1009,2,4
1108,29,2,5,74,24,1009,2,4
1109,29,2,5,74,24,1009,2,4
1110,29,2,5,74,24,1009,2,4
1111,29,2,5,74,24,1009,2,4
1112,26,6,0,74,2,1013,3,1
1113,26,6,0,74,2,1013,3,1
1114,26,6,0,74,2,1013,3,1
1115,26,6,0,74,2,1013,3,1
1116,26,6,0,74,2,1013,3,1
1117,26,6,0,74,2,1013,3,1
1118,26,6,0,74,2,1013,3,1
1119,26,6,0,74,2,1013,3,1
1120,26,6,0,74,2,1013,3,1
1121,26,6,0,74,2,1013,3,1
1122,26,6,0,74,2,1013,3,1
1123,32,6,0,39,5,1011,3,3
1124,32,6,0,39,5,1011,3,3
1125,32,6,0,39,5,1011,3,3
1126,32,6,0,39,5,1011,3,3
1127,32,6,0,39,5,1011,3,3
1128,32,6,0,39,5,1011,3,3
1129,32,6,0,39,5,1011,3,3
1130,32,6,0,39,5,1011,3,3
1131,32,6,0,39,5,1011,3,3
1132,32,6,0,39,5,1011,3,3
1133,25,13,0,49,27,1011,3,3
1134,25,13,0,49,27,1011,3,3
1135,25,13,0,49,27,1011,3,3
1136,25,13,0,49,27,1011,3,3
1137,25,13,0,49,27,1011,3,3
1138,25,13,0,49,27,1011,3,3
1139,25,13,0,49,27,1011,3,3
1140,25,13,0,49,27,1011,3,3
1141,25,13,0,49,27,1011,3,3
1142,25,13,0,49,27,1011,3,3
1143,25,13,0,49,27,1011,3,3
1144,26,9,0,46,2,1014,3,3
1145,26,9,0,46,2,1014,3,3
1146,26,9,0,46,2,1014,3,3
1147,26,9,0,46,2,1014,3,3
1148,26,9,0,46,2,1014,3,3
1149,26,9,0,46,2,1014,3,3
1150,26,9,0,46,2,1014,3,3
1151,26,9,0,46,2,1014,3,3
1152,26,9,0,46,2,1014,3,3
1153,26,9,0,46,2,1014,3,3
1154,26,9,0,46,2,1014,3,3
1155,18,10,0,40,7,1012,3,3
1156,18,10,0,40,7,1012,3,3
1157,18,10,0,40,7,1012,3,3
1158,18,10,0,40,7,1012,3,3
1159,18,10,0,40,7,1012,3,3
1160,18,10,0,40,7,1012,3,3
1161,18,10,0,40,7,1012,3,3
1162,18,10,0,40,7,1012,3,3
1163,18,10,0,40,7,1012,3,3
1164,26,22,0,84,30,1006,3,4
1165,26,22,0,84,30,1006,3,4
1166,26,22,0,84,30,1006,3,4
1167,26,22,0,84,30,1006,3,4
1168,26,22,0,84,30,1006,3,4
1169,26,22,0,84,30,1006,3,4
1170,26,22,0,84,30,1006,3,4
1171,26,22,0,84,30,1006,3,4
1172,27,26,0,76,35,1009,3,4
1173,27,26,0,76,35,1009,3,4
1174,27,26,0,76,35,1009,3,4
1175,27,26,0,76,35,1009,3,4
1176,26,18,3,86,27,1011,2,4
1177,26,18,3,86,27,1011,2,4
1178,26,18,3,86,27,1011,2,4
1179,26,18,3,86,27,1011,2,4
1180,26,18,3,86,27,1011,2,4
1181,26,18,3,86,27,1011,2,4
1182,26,18,3,86,27,1011,2,4
1183,26,18,3,86,27,1011,2,4
1184,26,18,3,86,27,1011,2,4
1185,26,18,3,86,27,1011,2,4
1186,27,15,0,86,30,1009,3,4
1187,27,15,0,86,30,1009,3,4
1188,27,15,0,86,30,1009,3,4
1189,27,15,0,86,30,1009,3,4
1190,27,15,0,86,30,1009,3,4
1191,27,15,0,86,30,1009,3,4
1192,24,1,0,89,53,1010,3,0
1193,24,1,0,89,53,1010,3,0
1194,24,1,0,89,53,1010,3,0
1195,24,1,0,89,53,1010,3,0
1196,24,1,0,89,53,1010,3,0
1197,24,1,0,89,53,1010,3,0
1198,24,1,0,89,53,1010,3,0
1199,24,1,0,89,53,1010,3,0
1200,24,1,0,89,53,1010,3,0
1201,24,1,0,89,53,1010,3,0
1202,24,1,0,89,53,1010,3,0
1203,28,7,0,66,45,1012,3,0
1204,28,7,0,66,45,1012,3,0
1205,28,7,0,66,45,1012,3,0
1206,28,7,0,66,45,1012,3,0
1207,28,7,0,66,45,1012,3,0
1208,28,7,0,66,45,1012,3,0
1209,28,7,0,66,45,1012,3,0
1210,28,7,0,66,45,1012,3,0
1211,27,7,0,79,36,1009,3,4
1212,27,7,0,79,36,1009,3,4
1213,27,7,0,79,36,1009,3,4
1214,27,7,0,79,36,1009,3,4
1215,27,7,0,79,36,1009,3,4
1216,27,7,0,79,36,1009,3,4
1217,27,7,0,79,36,1009,3,4
1218,27,7,0,79,36,1009,3,4
1219,25,6,0,37,34,1010,3,3
1220,25,6,0,37,34,1010,3,3
1221,25,6,0,37,34,1010,3,3
1222,25,6,0,37,34,1010,3,3
1223,25,6,0,37,34,1010,3,3
1224,25,6,0,37,34,1010,3,3
1225,25,6,0,37,34,1010,3,3
1226,25,6,0,37,34,1010,3,3
1227,25,6,0,37,34,1010,3,3
1228,25,6,0,37,34,1010,3,3
1229,25,6,0,37,34,1010,3,3
1230,23,6,1,74,55,1009,3,0
1231,23,6,1,74,55,1009,3,0
1232,23,6,1,74,55,1009,3,0
1233,23,6,1,74,55,1009,3,0
1234,23,6,1,74,55,1009,3,0
1235,23,6,1,74,55,1009,3,0
1236,21,10,0,40,9,1014,3,3
1237,21,10,0,40,9,1014,3,3
1238,21,10,0,40,9,1014,3,3
1239,21,10,0,40,9,1014,3,3
1240,21,10,0,40,9,1014,3,3
1241,21,10,0,40,9,1014,3,3
1242,21,10,0,40,9,1014,3,3
1243,21,10,0,40,9,1014,3,3
1244,21,10,0,40,9,1014,3,3
1245,21,10,0,40,9,1014,3,3
1246,21,10,0,40,9,1014,3,3
1247,17,18,0,74,88,1018,3,2
1248,17,18,0,74,88,1018,3,2
1249,17,18,0,74,88,1018,3,2
1250,17,18,0,74,88,1018,3,2
1251,17,18,0,74,88,1018,3,2
1252,17,18,0,74,88,1018,3,2
1253,17,18,0,74,88,1018,3,2
1254,17,18,0,74,88,1018,3,2
1255,17,18,0,74,88,1018,3,2
1256,17,18,0,74,88,1018,3,2
1257,17,18,0,74,88,1018,3,2
1258,18,27,0,82,2,1018,3,1
1259,18,27,0,82,2,1018,3,1
1260,18,27,0,82,2,1018,3,1
1261,18,27,0,82,2,1018,3,1
1262,18,27,0,82,2,1018,3,1
1263,18,27,0,82,2,1018,3,1
1264,18,27,0,82,2,1018,3,1
1265,18,27,0,82,2,1018,3,1
1266,18,27,0,82,2,1018,3,1
1267,18,27,0,82,2,1018,3,1
1268,18,27,0,82,2,1018,3,1
1269,20,25,0,85,4,1013,3,1
1270,20,25,0,85,4,1013,3,1
1271,20,25,0,85,4,1013,3,1
1272,20,25,0,85,4,1013,3,1
1273,20,25,0,85,4,1013,3,1
1274,20,25,0,85,4,1013,3,1
1275,20,25,0,85,4,1013,3,1
1276,20,25,0,85,4,1013,3,1
1277,13,19,0,60,82,1028,3,2
1278,13,19,0,60,82,1028,3,2
1279,13,19,0,60,82,1028,3,2
1280,13,19,0,60,82,1028,3,2
1281,13,19,0,60,82,1028,3,2
1282,13,19,0,60,82,1028,3,2
1283,13,19,0,60,82,1028,3,2
1284,13,19,0,60,82,1028,3,2
1285,13,19,0,60,82,1028,3,2
1286,13,19,0,60,82,1028,3,2
1287,13,19,0,60,82,1028,3,2
1288,15,16,0,82,44,1024,3,0
1289,15,16,0,82,44,1024,3,0
1290,15,16,0,82,44,1024,3,0
1291,15,16,0,82,44,1024,3,0
1292,15,16,0,82,44,1024,3,0
1293,15,16,0,82,44,1024,3,0
1294,15,16,0,82,44,1024,3,0
1295,15,16,0,82,44,1024,3,0
1296,23,14,0,57,68,1008,3,0
1297,23,14,0,57,68,1008,3,0
1298,23,14,0,57,68,1008,3,0
1299,19,19,0,55,12,1014,3,1
1300,19,19,0,55,12,1014,3,1
1301,19,19,0,55,12,1014,3,1
1302,23,7,0,88,7,1010,3,1
1303,23,7,0,88,7,1010,3,1
1304,23,7,0,88,7,1010,3,1
1305,23,7,0,88,7,1010,3,1
1306,23,7,0,88,7,1010,3,1
1307,23,7,0,88,7,1010,3,1
1308,23,7,0,88,7,1010,3,1
1309,23,7,0,88,7,1010,3,1
1310,23,7,0,88,7,1010,3,1
1311,23,7,0,88,7,1010,3,1
1312,23,7,0,88,7,1010,3,1
1313,19,14,0,67,23,1019,3,4
1314,19,14,0,67,23,1019,3,4
1315,19,14,0,67,23,1019,3,4
1316,19,14,0,67,23,1019,3,4
1317,19,14,0,67,23,1019,3,4
1318,19,14,0,67,23,1019,3,4
1319,19,14,0,67,23,1019,3,4
1320,19,14,0,67,23,1019,3,4
1321,19,14,0,67,23,1019,3,4
1322,19,14,0,67,23,1019,3,4
1323,19,14,0,67,23,1019,3,4
1324,25,20,0,61,25,1016,3,4
1325,25,20,0,61,25,1016,3,4
1326,25,20,0,61,25,1016,3,4
1327,25,20,0,61,25,1016,3,4
1328,25,20,0,61,25,1016,3,4
1329,25,20,0,61,25,1016,3,4
1330,25,20,0,61,25,1016,3,4
1331,25,20,0,61,25,1016,3,4
1332,25,20,0,61,25,1016,3,4
1333,25,20,0,61,25,1016,3,4
1334,25,20,0,61,25,1016,3,4
1335,30,6,0,68,27,1010,3,4
1336,30,6,0,68,27,1010,3,4
1337,30,6,0,68,27,1010,3,4
1338,30,6,0,68,27,1010,3,4
1339,30,6,0,68,27,1010,3,4
1340,30,6,0,68,27,1010,3,4
1341,30,6,0,68,27,1010,3,4
1342,30,6,0,68,27,1010,3,4
1343,30,6,0,68,27,1010,3,4
1344,30,6,0,68,27,1010,3,4
1345,24,15,0,81,34,1006,3,4
1346,24,15,0,81,34,1006,3,4
1347,24,15,0,81,34,1006,3,4
1348,24,15,0,81,34,1006,3,4
1349,24,15,0,81,34,1006,3,4
1350,24,15,0,81,34,1006,3,4
1351,24,15,0,81,34,1006,3,4
1352,24,15,0,81,34,1006,3,4
1353,24,15,0,81,34,1006,3,4
1354,24,15,0,81,34,1006,3,4
1355,26,20,1,87,87,1010,3,2
1356,26,20,1,87,87,1010,3,2
1357,26,20,1,87,87,1010,3,2
1358,26,20,1,87,87,1010,3,2
1359,26,20,1,87,87,1010,3,2
1360,26,20,1,87,87,1010,3,2
1361,26,20,1,87,87,1010,3,2
1362,26,20,1,87,87,1010,3,2
1363,26,20,1,87,87,1010,3,2
1364,26,20,1,87,87,1010,3,2
1365,26,20,1,87,87,1010,3,2
1366,27,14,8,88,20,1008,1,4
1367,27,14,8,88,20,1008,1,4
1368,27,14,8,88,20,1008,1,4
1369,27,14,8,88,20,1008,1,4
1370,27,14,8,88,20,1008,1,4
1371,27,14,8,88,20,1008,1,4
1372,27,14,8,88,20,1008,1,4
1373,27,14,8,88,20,1008,1,4
1374,27,14,8,88,20,1008,1,4
1375,27,14,8,88,20,1008,1,4
1376,27,14,8,88,20,1008,1,4
1377,28,25,0,75,8,1012,3,1
1378,28,25,0,75,8,1012,3,1
1379,28,25,0,75,8,1012,3,1
1380,28,25,0,75,8,1012,3,1
1381,28,25,0,75,8,1012,3,1
1382,28,25,0,75,8,1012,3,1
1383,27,10,0,86,34,1012,3,4
1384,27,10,0,86,34,1012,3,4
1385,27,10,0,86,34,1012,3,4
1386,27,10,0,86,34,1012,3,4
1387,27,10,0,86,34,1012,3,4
1388,27,10,0,86,34,1012,3,4
1389,27,10,0,86,34,1012,3,4
1390,27,10,0,86,34,1012,3,4
1391,27,10,0,86,34,1012,3,4
1392,27,10,0,86,34,1012,3,4
1393,27,10,0,86,34,1012,3,4
1394,27,2,4,87,26,1011,2,4
1395,27,2,4,87,26,1011,2,4
1396,27,2,4,87,26,1011,2,4
1397,27,2,4,87,26,1011,2,4
1398,24,3,11,94,70,1010,2,0
1399,24,3,11,94,70,1010,2,0
1400,24,3,11,94,70,1010,2,0
1401,24,3,11,94,70,1010,2,0
1402,24,3,11,94,70,1010,2,0
1403,24,3,11,94,70,1010,2,0
1404,24,3,11,94,70,1010,2,0
1405,22,14,0,48,10,1023,3,3
1406,22,14,0,48,10,1023,3,3
1407,22,14,0,48,10,1023,3,3
1408,22,14,0,48,10,1023,3,3
1409,22,14,0,48,10,1023,3,3
1410,22,14,0,48,10,1023,3,3
1411,22,14,0,48,10,1023,3,3
1412,22,14,0,48,10,1023,3,3
1413,22,14,0,48,10,1023,3,3
1414,22,14,0,48,10,1023,3,3
1415,22,14,0,48,10,1023,3,3
1416,21,29,0,62,3,1014,3,1
1417,21,29,0,62,3,1014,3,1
1418,21,29,0,62,3,1014,3,1
1419,21,29,0,62,3,1014,3,1
1420,21,29,0,62,3,1014,3,1
1421,21,29,0,62,3,1014,3,1
1422,21,29,0,62,3,1014,3,1
1423,21,29,0,62,3,1014,3,1
1424,21,29,0,62,3,1014,3,1
1425,21,29,0,62,3,1014,3,1
1426,21,29,0,62,3,1014,3,1
1427,22,10,0,51,6,1020,3,3
1428,22,10,0,51,6,1020,3,3
1429,22,10,0,51,6,1020,3,3
1430,22,10,0,51,6,1020,3,3
1431,18,16,0,65,40,1010,3,4
1432,18,16,0,65,40,1010,3,4
1433,18,16,0,65,40,1010,3,4
1434,18,16,0,65,40,1010,3,4
1435,18,16,0,65,40,1010,3,4
1436,18,16,0,65,40,1010,3,4
1437,18,16,0,65,40,1010,3,4
1438,18,16,0,65,40,1010,3,4
1439,18,16,0,65,40,1010,3,4
1440,18,16,0,65,40,1010,3,4
1441,18,16,0,65,40,1010,3,4
1442,15,15,0,78,52,1016,3,0
1443,15,15,0,78,52,1016,3,0
1444,15,15,0,78,52,1016,3,0
1445,15,15,0,78,52,1016,3,0
1446,15,15,0,78,52,1016,3,0
1447,15,15,0,78,52,1016,3,0
1448,15,15,0,78,52,1016,3,0
1449,15,15,0,78,52,1016,3,0
1450,15,15,0,78,52,1016,3,0
1451,14,12,0,79,92,1022,3,2
1452,14,12,0,79,92,1022,3,2
1453,14,12,0,79,92,1022,3,2
1454,14,12,0,79,92,1022,3,2
1455,14,12,0,79,92,1022,3,2
1456,14,12,0,79,92,1022,3,2
1457,14,12,0,79,92,1022,3,2
1458,14,12,0,79,92,1022,3,2
1459,14,12,0,79,92,1022,3,2
1460,14,12,0,79,92,1022,3,2
1461,20,16,0,71,34,1016,3,4
1462,20,16,0,71,34,1016,3,4
1463,20,16,0,71,34,1016,3,4
1464,20,16,0,71,34,1016,3,4
1465,20,16,0,71,34,1016,3,4
1466,20,16,0,71,34,1016,3,4
1467,20,16,0,71,34,1016,3,4
1468,20,16,0,71,34,1016,3,4
1469,20,16,0,71,34,1016,3,4
1470,20,16,0,71,34,1016,3,4
1471,17,22,2,75,33,1015,3,4
1472,17,22,2,75,33,1015,3,4
1473,17,22,2,75,33,1015,3,4
1474,17,22,2,75,33,1015,3,4
1475,17,22,2,75,33,1015,3,4
1476,17,22,2,75,33,1015,3,4
1477,17,22,2,75,33,1015,3,4
1478,17,22,2,75,33,1015,3,4
1479,17,22,2,75,33,1015,3,4
1480,17,23,0,77,99,1019,3,2
1481,17,23,0,77,99,1019,3,2
1482,17,23,0,77,99,1019,3,2
1483,17,23,0,77,99,1019,3,2
1484,17,23,0,77,99,1019,3,2
1485,17,23,0,77,99,1019,3,2
1486,17,23,0,77,99,1019,3,2
1487,17,23,0,77,99,1019,3,2
1488,17,23,0,77,99,1019,3,2
1489,17,23,0,77,99,1019,3,2
1490,17,23,0,77,99,1019,3,2
1491,16,33,0,81,100,1009,3,2
1492,16,33,0,81,100,1009,3,2
1493,16,33,0,81,100,1009,3,2
1494,16,33,0,81,100,1009,3,2
1495,16,33,0,81,100,1009,3,2
1496,16,33,0,81,100,1009,3,2
1497,16,33,0,81,100,1009,3,2
1498,15,34,0,73,4,1015,3,1
1499,15,34,0,73,4,1015,3,1
1500,15,34,0,73,4,1015,3,1
1501,15,34,0,73,4,1015,3,1
1502,15,34,0,73,4,1015,3,1
1503,15,34,0,73,4,1015,3,1
1504,15,34,0,73,4,1015,3,1
1505,15,34,0,73,4,1015,3,1
1506,15,34,0,73,4,1015,3,1
1507,15,34,0,73,4,1015,3,1
1508,15,34,0,73,4,1015,3,1
1509,27,12,2,84,78,1007,3,2
1510,27,12,2,84,78,1007,3,2
1511,27,12,2,84,78,1007,3,2
1512,27,12,2,84,78,1007,3,2
1513,27,12,2,84,78,1007,3,2
1514,27,12,2,84,78,1007,3,2
1515,27,12,2,84,78,1007,3,2
1516,27,12,2,84,78,1007,3,2
1517,27,12,2,84,78,1007,3,2
1518,27,12,2,84,78,1007,3,2
1519,27,17,9,87,67,1007,1,0
1520,27,17,9,87,67,1007,1,0
1521,27,17,9,87,67,1007,1,0
1522,27,17,9,87,67,1007,1,0
1523,27,17,9,87,67,1007,1,0
1524,27,17,9,87,67,1007,1,0
1525,27,17,9,87,67,1007,1,0
1526,27,17,9,87,67,1007,1,0
1527,27,17,9,87,67,1007,1,0
1528,27,17,9,87,67,1007,1,0
1529,27,17,9,87,67,1007,1,0
1530,27,3,7,90,84,1010,2,2
1531,27,3,7,90,84,1010,2,2
1532,27,3,7,90,84,1010,2,2
1533,27,3,7,90,84,1010,2,2
1534,27,3,7,90,84,1010,2,2
1535,27,3,7,90,84,1010,2,2
1536,27,3,7,90,84,1010,2,2
1537,27,3,7,90,84,1010,2,2
1538,27,3,7,90,84,1010,2,2
1539,27,3,7,90,84,1010,2,2
1540,27,3,7,90,84,1010,2,2
1541,23,5,0,94,51,1011,3,0
1542,23,5,0,94,51,1011,3,0
1543,23,5,0,94,51,1011,3,0
1544,23,5,0,94,51,1011,3,0
1545,23,5,0,94,51,1011,3,0
1546,23,5,0,94,51,1011,3,0
1547,23,5,0,94,51,1011,3,0
1548,23,5,0,94,51,1011,3,0
1549,23,5,0,94,51,1011,3,0
1550,23,5,0,94,51,1011,3,0
1551,23,5,0,94,51,1011,3,0
1552,26,16,2,72,17,1010,3,4
1553,26,16,2,72,17,1010,3,4
1554,26,16,2,72,17,1010,3,4
1555,26,16,2,72,17,1010,3,4
1556,26,16,2,72,17,1010,3,4
1557,26,16,2,72,17,1010,3,4
1558,26,16,2,72,17,1010,3,4
1559,26,16,2,72,17,1010,3,4
1560,26,16,2,72,17,1010,3,4
1561,26,16,2,72,17,1010,3,4
1562,26,16,2,72,17,1010,3,4
1563,27,8,0,34,21,1012,3,3
1564,27,8,0,34,21,1012,3,3
1565,27,8,0,34,21,1012,3,3
1566,27,8,0,34,21,1012,3,3
1567,23,7,0,48,22,1012,3,3
1568,23,7,0,48,22,1012,3,3
1569,23,7,0,48,22,1012,3,3
1570,23,7,0,48,22,1012,3,3
1571,23,7,0,48,22,1012,3,3
1572,23,7,0,48,22,1012,3,3
1573,23,7,0,48,22,1012,3,3
1574,23,7,0,48,22,1012,3,3
1575,23,7,0,48,22,1012,3,3
1576,23,7,0,48,22,1012,3,3
1577,23,7,0,48,22,1012,3,3
1578,30,24,0,27,4,1015,3,3
1579,30,24,0,27,4,1015,3,3
1580,30,24,0,27,4,1015,3,3
1581,30,24,0,27,4,1015,3,3
1582,30,24,0,27,4,1015,3,3
1583,30,24,0,27,4,1015,3,3
1584,30,24,0,27,4,1015,3,3
1585,30,24,0,27,4,1015,3,3
1586,23,22,0,55,21,1014,3,1
1587,23,22,0,55,21,1014,3,1
1588,23,22,0,55,21,1014,3,1
1589,23,22,0,55,21,1014,3,1
1590,23,22,0,55,21,1014,3,1
1591,23,22,0,55,21,1014,3,1
1592,23,60,0,60,55,1008,3,0
1593,23,60,0,60,55,1008,3,0
1594,23,60,0,60,55,1008,3,0
1595,23,60,0,60,55,1008,3,0
1596,23,60,0,60,55,1008,3,0
1597,23,60,0,60,55,1008,3,0
1598,23,60,0,60,55,1008,3,0
1599,23,60,0,60,55,1008,3,0
1600,23,60,0,60,55,1008,3,0
1601,23,60,0,60,55,1008,3,0
1602,23,60,0,60,55,1008,3,0
1603,23,15,0,80,2,1011,3,1
1604,23,15,0,80,2,1011,3,1
1605,23,15,0,80,2,1011,3,1
1606,23,15,0,80,2,1011,3,1
1607,23,15,0,80,2,1011,3,1
1608,23,15,0,80,2,1011,3,1
1609,23,15,0,80,2,1011,3,1
1610,23,15,0,80,2,1011,3,1
1611,23,15,0,80,2,1011,3,1
1612,23,15,0,80,2,1011,3,1
1613,23,15,0,80,2,1011,3,1
1614,25,13,0,55,13,1010,3,3
1615,25,13,0,55,13,1010,3,3
1616,25,13,0,55,13,1010,3,3
1617,25,13,0,55,13,1010,3,3
1618,25,13,0,55,13,1010,3,3
1619,25,13,0,55,13,1010,3,3
1620,25,13,0,55,13,1010,3,3
1621,25,13,0,55,13,1010,3,3
1622,25,13,0,55,13,1010,3,3
1623,25,13,0,55,13,1010,3,3
1624,25,13,0,55,13,1010,3,3
1625,18,22,0,83,4,1014,3,1
1626,18,22,0,83,4,1014,3,1
1627,18,22,0,83,4,1014,3,1
1628,18,22,0,83,4,1014,3,1
1629,18,22,0,83,4,1014,3,1
1630,18,22,0,83,4,1014,3,1
1631,18,22,0,83,4,1014,3,1
1632,18,22,0,83,4,1014,3,1
1633,18,22,0,83,4,1014,3,1
1634,18,22,0,83,4,1014,3,1
1635,18,22,0,83,4,1014,3,1
1636,21,2,0,67,46,1015,3,0
1637,21,2,0,67,46,1015,3,0
1638,21,2,0,67,46,1015,3,0
1639,21,2,0,67,46,1015,3,0
1640,21,2,0,67,46,1015,3,0
1641,21,2,0,67,46,1015,3,0
1642,21,2,0,67,46,1015,3,0
1643,21,2,0,67,46,1015,3,0
1644,21,2,0,67,46,1015,3,0
1645,21,2,0,67,46,1015,3,0
1646,27,3,0,63,56,1010,3,0
1647,27,3,0,63,56,1010,3,0
1648,27,3,0,63,56,1010,3,0
1649,27,3,0,63,56,1010,3,0
1650,27,3,0,63,56,1010,3,0
1651,27,3,0,63,56,1010,3,0
1652,27,3,0,63,56,1010,3,0
1653,27,3,0,63,56,1010,3,0
1654,27,3,0,63,56,1010,3,0
1655,27,3,0,63,56,1010,3,0
1656,27,3,0,63,56,1010,3,0
1657,34,4,0,36,20,1009,3,3
1658,34,4,0,36,20,1009,3,3
1659,34,4,0,36,20,1009,3,3
1660,34,4,0,36,20,1009,3,3
1661,34,4,0,36,20,1009,3,3
1662,34,4,0,36,20,1009,3,3
1663,34,4,0,36,20,1009,3,3
1664,34,4,0,36,20,1009,3,3
1665,34,4,0,36,20,1009,3,3
1666,34,4,0,36,20,1009,3,3
1667,34,4,0,36,20,1009,3,3
1668,33,9,1,57,21,1012,3,4
1669,33,9,1,57,21,1012,3,4
1670,33,9,1,57,21,1012,3,4
1671,33,9,1,57,21,1012,3,4
1672,33,9,1,57,21,1012,3,4
1673,33,9,1,57,21,1012,3,4
1674,33,9,1,57,21,1012,3,4
1675,33,9,1,57,21,1012,3,4
1676,33,9,1,57,21,1012,3,4
1677,33,9,1,57,21,1012,3,4
1678,33,9,1,57,21,1012,3,4
1679,19,17,0,59,19,1015,3,1
1680,19,17,0,59,19,1015,3,1
1681,19,17,0,59,19,1015,3,1
1682,19,17,0,59,19,1015,3,1
1683,19,17,0,59,19,1015,3,1
1684,19,17,0,59,19,1015,3,1
1685,19,17,0,59,19,1015,3,1
1686,19,17,0,59,19,1015,3,1
1687,19,17,0,59,19,1015,3,1
1688,19,17,0,59,19,1015,3,1
1689,19,17,0,59,19,1015,3,1
1690,16,29,0,82,96,1009,3,2
1691,16,29,0,82,96,1009,3,2
1692,16,29,0,82,96,1009,3,2
1693,16,29,0,82,96,1009,3,2
1694,16,29,0,82,96,1009,3,2
1695,16,29,0,82,96,1009,3,2
1696,16,28,0,75,63,1019,3,0
1697,16,28,0,75,63,1019,3,0
1698,16,28,0,75,63,1019,3,0
1699,16,28,0,75,63,1019,3,0
1700,16,28,0,75,63,1019,3,0
1701,16,28,0,75,63,1019,3,0
1702,16,28,0,75,63,1019,3,0
1703,16,28,0,75,63,1019,3,0
1704,16,28,0,75,63,1019,3,0
1705,16,28,0,75,63,1019,3,0
1706,16,28,0,75,63,1019,3,0
1707,29,23,2,74,27,1009,3,4
1708,29,23,2,74,27,1009,3,4
1709,29,23,2,74,27,1009,3,4
1710,29,23,2,74,27,1009,3,4
1711,29,23,2,74,27,1009,3,4
1712,29,23,2,74,27,1009,3,4
1713,29,23,2,74,27,1009,3,4
1714,28,21,0,80,67,1008,3,0
1715,28,21,0,80,67,1008,3,0
1716,28,21,0,80,67,1008,3,0
1717,28,21,0,80,67,1008,3,0
1718,28,21,0,80,67,1008,3,0
1719,28,33,0,74,12,1010,3,1
1720,28,33,0,74,12,1010,3,1
1721,28,33,0,74,12,1010,3,1
1722,28,33,0,74,12,1010,3,1
1723,30,31,0,67,24,1008,3,4
1724,30,31,0,67,24,1008,3,4
1725,30,31,0,67,24,1008,3,4
1726,30,31,0,67,24,1008,3,4
1727,30,31,0,67,24,1008,3,4
1728,30,31,0,67,24,1008,3,4
1729,30,31,0,67,24,1008,3,4
1730,31,36,0,64,14,1009,3,1
1731,31,36,0,64,14,1009,3,1
1732,31,36,0,64,14,1009,3,1
1733,31,36,0,64,14,1009,3,1
1734,31,36,0,64,14,1009,3,1
1735,31,36,0,64,14,1009,3,1
1736,31,36,0,64,14,1009,3,1
1737,31,36,0,64,14,1009,3,1
1738,31,36,0,64,14,1009,3,1
1739,31,36,0,64,14,1009,3,1
1740,26,9,1,85,69,1009,3,0
1741,26,9,1,85,69,1009,3,0
1742,26,9,1,85,69,1009,3,0
1743,26,9,1,85,69,1009,3,0
1744,26,9,1,85,69,1009,3,0
1745,26,9,1,85,69,1009,3,0
1746,26,9,1,85,69,1009,3,0
1747,26,9,1,85,69,1009,3,0
1748,26,9,1,85,69,1009,3,0
1749,26,9,1,85,69,1009,3,0
1750,26,9,1,85,69,1009,3,0
1751,25,4,6,82,51,1006,2,0
1752,25,4,6,82,51,1006,2,0
1753,25,4,6,82,51,1006,2,0
1754,25,4,6,82,51,1006,2,0
1755,25,4,6,82,51,1006,2,0
1756,25,4,6,82,51,1006,2,0
1757,25,4,6,82,51,1006,2,0
1758,25,4,6,82,51,1006,2,0
1759,25,4,6,82,51,1006,2,0
1760,25,4,6,82,51,1006,2,0
1761,26,12,1,71,18,1005,3,4
1762,26,12,1,71,18,1005,3,4
1763,26,12,1,71,18,1005,3,4
1764,26,12,1,71,18,1005,3,4
1765,26,12,1,71,18,1005,3,4
1766,26,12,1,71,18,1005,3,4
1767,26,12,1,71,18,1005,3,4
1768,26,12,1,71,18,1005,3,4
1769,26,12,1,71,18,1005,3,4
1770,26,12,1,71,18,1005,3,4
1771,26,12,1,71,18,1005,3,4
1772,27,12,0,89,65,1009,3,0
1773,27,12,0,89,65,1009,3,0
1774,27,12,0,89,65,1009,3,0
1775,27,12,0,89,65,1009,3,0
1776,27,12,0,89,65,1009,3,0
1777,27,12,0,89,65,1009,3,0
1778,27,12,0,89,65,1009,3,0
1779,27,12,0,89,65,1009,3,0
1780,27,12,0,89,65,1009,3,0
1781,27,12,0,89,65,1009,3,0
1782,27,12,0,89,65,1009,3,0
1783,27,6,4,89,70,1009,2,0
1784,27,6,4,89,70,1009,2,0
1785,27,6,4,89,70,1009,2,0
1786,27,6,4,89,70,1009,2,0
1787,27,6,4,89,70,1009,2,0
1788,27,6,4,89,70,1009,2,0
1789,27,6,4,89,70,1009,2,0
1790,27,6,4,89,70,1009,2,0
1791,27,6,4,89,70,1009,2,0
1792,27,6,4,89,70,1009,2,0
1793,27,6,4,89,70,1009,2,0
1794,31,10,0,62,0,1006,3,1
1795,31,10,0,62,0,1006,3,1
1796,31,10,0,62,0,1006,3,1
1797,31,10,0,62,0,1006,3,1
1798,31,10,0,62,0,1006,3,1
1799,31,10,0,62,0,1006,3,1
1800,31,10,0,62,0,1006,3,1
1801,31,10,0,62,0,1006,3,1
1802,31,10,0,62,0,1006,3,1
1803,31,10,0,62,0,1006,3,1
1804,30,9,0,60,0,1008,3,1
1805,30,9,0,60,0,1008,3,1
1806,30,9,0,60,0,1008,3,1
1807,30,9,0,60,0,1008,3,1
1808,30,9,0,60,0,1008,3,1
1809,30,9,0,60,0,1008,3,1
1810,30,9,0,60,0,1008,3,1
1811,30,9,0,60,0,1008,3,1
1812,30,9,0,60,0,1008,3,1
1813,30,9,0,60,0,1008,3,1
1814,30,9,0,60,0,1008,3,1
1815,34,18,0,51,0,1008,3,3
1816,34,18,0,51,0,1008,3,3
1817,34,18,0,51,0,1008,3,3
1818,34,18,0,51,0,1008,3,3
1819,34,18,0,51,0,1008,3,3
1820,34,18,0,51,0,1008,3,3
1821,34,18,0,51,0,1008,3,3
1822,34,18,0,51,0,1008,3,3
1823,34,18,0,51,0,1008,3,3
1824,34,18,0,51,0,1008,3,3
1825,34,18,0,51,0,1008,3,3
1826,34,15,0,39,0,1009,3,3
1827,34,15,0,39,0,1009,3,3
1828,34,15,0,39,0,1009,3,3
1829,34,15,0,39,0,1009,3,3
1830,34,15,0,39,0,1009,3,3
1831,34,15,0,39,0,1009,3,3
1832,34,15,0,39,0,1009,3,3
1833,34,15,0,39,0,1009,3,3
1834,34,15,0,39,0,1009,3,3
1835,34,15,0,39,0,1009,3,3
1836,34,15,0,39,0,1009,3,3
1837,33,18,0,51,0,1010,3,3
1838,33,18,0,51,0,1010,3,3
1839,33,18,0,51,0,1010,3,3
1840,33,18,0,51,0,1010,3,3
1841,33,18,0,51,0,1010,3,3
1842,33,18,0,51,0,1010,3,3
1843,33,18,0,51,0,1010,3,3
1844,33,18,0,51,0,1010,3,3
1845,33,18,0,51,0,1010,3,3
1846,33,18,0,51,0,1010,3,3
1847,33,18,0,51,0,1010,3,3
1848,19,4,0,17,94,1018,3,2
1849,19,4,0,17,94,1018,3,2
1850,19,4,0,17,94,1018,3,2
1851,19,4,0,17,94,1018,3,2
1852,19,4,0,17,94,1018,3,2
1853,16,9,0,67,7,1020,3,1
1854,16,9,0,67,7,1020,3,1
1855,16,9,0,67,7,1020,3,1
1856,16,9,0,67,7,1020,3,1
1857,16,9,0,67,7,1020,3,1
1858,16,9,0,67,7,1020,3,1
1859,16,9,0,67,7,1020,3,1
1860,16,9,0,67,7,1020,3,1
1861,16,9,0,67,7,1020,3,1
1862,16,9,0,67,7,1020,3,1
1863,25,15,0,59,0,1016,3,1
1864,25,15,0,59,0,1016,3,1
1865,25,15,0,59,0,1016,3,1
1866,25,15,0,59,0,1016,3,1
1867,25,15,0,59,0,1016,3,1
1868,25,15,0,59,0,1016,3,1
1869,25,15,0,59,0,1016,3,1
1870,25,15,0,59,0,1016,3,1
1871,25,15,0,59,0,1016,3,1
1872,25,15,0,59,0,1016,3,1
1873,25,15,0,59,0,1016,3,1
1874,29,11,0,36,0,1012,3,3
1875,29,11,0,36,0,1012,3,3
1876,29,11,0,36,0,1012,3,3
1877,29,11,0,36,0,1012,3,3
1878,29,11,0,36,0,1012,3,3
1879,29,11,0,36,0,1012,3,3
1880,29,11,0,36,0,1012,3,3
1881,29,11,0,36,0,1012,3,3
1882,29,11,0,36,0,1012,3,3
1883,29,11,0,36,0,1012,3,3
1884,29,11,0,36,0,1012,3,3
1885,30,10,0,32,0,1012,3,3
1886,30,10,0,32,0,1012,3,3
1887,30,10,0,32,0,1012,3,3
1888,30,10,0,32,0,1012,3,3
1889,30,10,0,32,0,1012,3,3
1890,30,10,0,32,0,1012,3,3
1891,30,10,0,32,0,1012,3,3
1892,30,10,0,32,0,1012,3,3
1893,30,10,0,32,0,1012,3,3
1894,30,10,0,32,0,1012,3,3
1895,30,10,0,32,0,1012,3,3
1896,29,13,0,27,0,1011,3,3
1897,29,13,0,27,0,1011,3,3
1898,29,13,0,27,0,1011,3,3
1899,29,13,0,27,0,1011,3,3
1900,29,13,0,27,0,1011,3,3
1901,29,13,0,27,0,1011,3,3
1902,29,13,0,27,0,1011,3,3
1903,27,10,0,33,12,1009,3,3
1904,27,10,0,33,12,1009,3,3
1905,25,13,0,38,0,1014,3,3
1906,25,13,0,38,0,1014,3,3
1907,25,13,0,38,0,1014,3,3
1908,25,13,0,38,0,1014,3,3
1909,25,13,0,38,0,1014,3,3
1910,25,13,0,38,0,1014,3,3
1911,25,13,0,38,0,1014,3,3
1912,25,13,0,38,0,1014,3,3
1913,25,13,0,38,0,1014,3,3
1914,25,13,0,38,0,1014,3,3
1915,25,13,0,38,0,1014,3,3
1916,28,1,3,76,78,1012,2,2
1917,28,1,3,76,78,1012,2,2
1918,28,1,3,76,78,1012,2,2
1919,28,1,3,76,78,1012,2,2
1920,28,1,3,76,78,1012,2,2
1921,28,1,3,76,78,1012,2,2
1922,28,1,3,76,78,1012,2,2
1923,28,1,3,76,78,1012,2,2
1924,28,1,3,76,78,1012,2,2
1925,28,1,3,76,78,1012,2,2
1926,28,1,3,76,78,1012,2,2
1927,27,3,2,79,69,1010,3,0
1928,27,3,2,79,69,1010,3,0
1929,27,3,2,79,69,1010,3,0
1930,27,3,2,79,69,1010,3,0
1931,27,3,2,79,69,1010,3,0
1932,27,3,2,79,69,1010,3,0
1933,27,3,2,79,69,1010,3,0
1934,27,3,2,79,69,1010,3,0
1935,27,3,2,79,69,1010,3,0
1936,27,3,2,79,69,1010,3,0
1937,26,12,0,70,6,1009,3,1
1938,26,12,0,70,6,1009,3,1
1939,26,12,0,70,6,1009,3,1
1940,26,12,0,70,6,1009,3,1
1941,26,12,0,70,6,1009,3,1
1942,26,12,0,70,6,1009,3,1
1943,26,12,0,70,6,1009,3,1
1944,26,12,0,70,6,1009,3,1
1945,26,12,0,70,6,1009,3,1
1946,26,12,0,70,6,1009,3,1
1947,26,12,0,70,6,1009,3,1
1948,22,9,0,85,28,1009,3,4
1949,22,9,0,85,28,1009,3,4
1950,22,9,0,85,28,1009,3,4
1951,22,9,0,85,28,1009,3,4
1952,22,9,0,85,28,1009,3,4
1953,22,9,0,85,28,1009,3,4
1954,22,9,0,85,28,1009,3,4
1955,22,9,0,85,28,1009,3,4
1956,22,9,0,85,28,1009,3,4
1957,27,20,2,83,80,1008,3,2
1958,27,20,2,83,80,1008,3,2
1959,27,20,2,83,80,1008,3,2
1960,27,20,2,83,80,1008,3,2
1961,27,20,2,83,80,1008,3,2
1962,27,20,2,83,80,1008,3,2
1963,27,20,2,83,80,1008,3,2
1964,27,20,2,83,80,1008,3,2
1965,27,20,2,83,80,1008,3,2
1966,33,12,0,55,0,1005,3,3
1967,33,12,0,55,0,1005,3,3
1968,33,12,0,55,0,1005,3,3
1969,33,12,0,55,0,1005,3,3
1970,33,12,0,55,0,1005,3,3
1971,33,12,0,55,0,1005,3,3
1972,33,12,0,55,0,1005,3,3
1973,33,12,0,55,0,1005,3,3
1974,33,12,0,55,0,1005,3,3
1975,33,12,0,55,0,1005,3,3
1976,33,12,0,55,0,1005,3,3
1977,35,9,0,44,0,1003,3,3
1978,35,9,0,44,0,1003,3,3
1979,35,9,0,44,0,1003,3,3
1980,35,9,0,44,0,1003,3,3
1981,35,9,0,44,0,1003,3,3
1982,35,9,0,44,0,1003,3,3
1983,35,9,0,44,0,1003,3,3
1984,35,9,0,44,0,1003,3,3
1985,35,9,0,44,0,1003,3,3
1986,35,9,0,44,0,1003,3,3
1987,35,9,0,44,0,1003,3,3
1988,23,12,1,92,100,1011,3,2
1989,23,12,1,92,100,1011,3,2
1990,23,12,1,92,100,1011,3,2
1991,23,12,1,92,100,1011,3,2
1992,23,12,1,92,100,1011,3,2
1993,23,12,1,92,100,1011,3,2
1994,23,12,1,92,100,1011,3,2
1995,22,3,6,91,40,1013,2,0
1996,22,3,6,91,40,1013,2,0
1997,22,3,6,91,40,1013,2,0
1998,22,3,6,91,40,1013,2,0
1999,22,3,6,91,40,1013,2,0
2000,22,3,6,91,40,1013,2,0
2001,22,3,6,91,40,1013,2,0
2002,22,3,6,91,40,1013,2,0
2003,22,3,6,91,40,1013,2,0
2004,22,3,6,91,40,1013,2,0
2005,28,5,2,70,33,1012,3,4
2006,28,5,2,70,33,1012,3,4
2007,28,5,2,70,33,1012,3,4
2008,28,5,2,70,33,1012,3,4
2009,28,5,2,70,33,1012,3,4
2010,28,5,2,70,33,1012,3,4
2011,28,5,2,70,33,1012,3,4
2012,28,5,2,70,33,1012,3,4
2013,28,5,2,70,33,1012,3,4
2014,29,8,1,79,23,1011,3,4
2015,29,8,1,79,23,1011,3,4
2016,29,8,1,79,23,1011,3,4
2017,29,8,1,79,23,1011,3,4
2018,29,8,1,79,23,1011,3,4
2019,29,8,1,79,23,1011,3,4
2020,29,8,1,79,23,1011,3,4
2021,29,8,1,79,23,1011,3,4
2022,22,15,0,68,7,1010,3,1
2023,22,15,0,68,7,1010,3,1
2024,22,15,0,68,7,1010,3,1
2025,22,15,0,68,7,1010,3,1
2026,22,15,0,68,7,1010,3,1
2027,22,15,0,68,7,1010,3,1
2028,22,15,0,68,7,1010,3,1
2029,22,15,0,68,7,1010,3,1
2030,22,15,0,68,7,1010,3,1
2031,22,15,0,68,7,1010,3,1
2032,22,15,0,68,7,1010,3,1
2033,18,16,0,52,14,1010,3,3
2034,18,16,0,52,14,1010,3,3
2035,18,16,0,52,14,1010,3,3
2036,18,16,0,52,14,1010,3,3
2037,18,16,0,52,14,1010,3,3
2038,18,16,0,52,14,1010,3,3
2039,18,16,0,52,14,1010,3,3
2040,18,16,0,52,14,1010,3,3
2041,18,16,0,52,14,1010,3,3
2042,18,16,0,52,14,1010,3,3
2043,18,16,0,52,14,1010,3,3
2044,26,12,0,40,2,1017,3,3
2045,26,12,0,40,2,1017,3,3
2046,26,12,0,40,2,1017,3,3
2047,26,12,0,40,2,1017,3,3
2048,26,12,0,40,2,1017,3,3
2049,26,12,0,40,2,1017,3,3
2050,26,12,0,40,2,1017,3,3
2051,26,12,0,40,2,1017,3,3
2052,26,12,0,40,2,1017,3,3
2053,26,12,0,40,2,1017,3,3
2054,26,12,0,40,2,1017,3,3
2055,30,13,0,29,5,1012,3,3
2056,30,13,0,29,5,1012,3,3
2057,30,13,0,29,5,1012,3,3
2058,30,13,0,29,5,1012,3,3
2059,30,13,0,29,5,1012,3,3
2060,30,13,0,29,5,1012,3,3
2061,30,13,0,29,5,1012,3,3
2062,30,13,0,29,5,1012,3,3
2063,30,13,0,29,5,1012,3,3
2064,30,13,0,29,5,1012,3,3
2065,30,13,0,29,5,1012,3,3
2066,27,6,0,41,17,1016,3,3
2067,27,6,0,41,17,1016,3,3
2068,27,6,0,41,17,1016,3,3
2069,27,6,0,41,17,1016,3,3
2070,27,6,0,41,17,1016,3,3
2071,27,6,0,41,17,1016,3,3
2072,27,6,0,41,17,1016,3,3
2073,27,6,0,41,17,1016,3,3
2074,27,6,0,41,17,1016,3,3
2075,27,6,0,41,17,1016,3,3
2076,27,6,0,41,17,1016,3,3
2077,22,13,1,86,64,1019,3,0
2078,22,13,1,86,64,1019,3,0
2079,22,13,1,86,64,1019,3,0
2080,22,13,1,86,64,1019,3,0
2081,22,13,1,86,64,1019,3,0
2082,22,13,1,86,64,1019,3,0
2083,22,13,1,86,64,1019,3,0
2084,24,17,0,61,11,1013,3,1
2085,24,17,0,61,11,1013,3,1
2086,24,17,0,61,11,1013,3,1
2087,24,17,0,61,11,1013,3,1
2088,24,17,0,61,11,1013,3,1
2089,24,17,0,61,11,1013,3,1
2090,24,17,0,61,11,1013,3,1
2091,24,17,0,61,11,1013,3,1
2092,24,17,0,61,11,1013,3,1
2093,24,17,0,61,11,1013,3,1
2094,24,17,0,61,11,1013,3,1
2095,27,9,0,52,3,1012,3,3
2096,27,9,0,52,3,1012,3,3
2097,27,9,0,52,3,1012,3,3
2098,27,9,0,52,3,1012,3,3
2099,27,9,0,52,3,1012,3,3
2100,27,9,0,52,3,1012,3,3
2101,27,9,0,52,3,1012,3,3
2102,27,9,0,52,3,1012,3,3
2103,27,9,0,52,3,1012,3,3
2104,27,9,0,52,3,1012,3,3
2105,27,9,0,52,3,1012,3,3
2106,15,5,1,65,34,1018,3,4
2107,15,5,1,65,34,1018,3,4
2108,15,5,1,65,34,1018,3,4
2109,15,5,1,65,34,1018,3,4
2110,15,5,1,65,34,1018,3,4
2111,15,5,1,65,34,1018,3,4
2112,15,5,1,65,34,1018,3,4
2113,15,5,1,65,34,1018,3,4
2114,15,5,1,65,34,1018,3,4
2115,15,5,1,65,34,1018,3,4
2116,19,17,0,73,36,1019,3,4
2117,19,17,0,73,36,1019,3,4
2118,19,17,0,73,36,1019,3,4
2119,19,17,0,73,36,1019,3,4
2120,19,17,0,73,36,1019,3,4
2121,19,17,0,73,36,1019,3,4
2122,19,17,0,73,36,1019,3,4
2123,19,17,0,73,36,1019,3,4
2124,19,17,0,73,36,1019,3,4
2125,19,17,0,73,36,1019,3,4
2126,19,17,0,73,36,1019,3,4
2127,15,14,0,83,100,1003,3,2
2128,15,14,0,83,100,1003,3,2
2129,15,14,0,83,100,1003,3,2
2130,15,14,0,83,100,1003,3,2
2131,15,14,0,83,100,1003,3,2
2132,15,14,0,83,100,1003,3,2
2133,15,14,0,83,100,1003,3,2
2134,15,14,0,83,100,1003,3,2
2135,15,14,0,83,100,1003,3,2
2136,15,14,0,83,100,1003,3,2
2137,15,14,0,83,100,1003,3,2
2138,18,23,0,61,90,1013,3,2
2139,18,23,0,61,90,1013,3,2
2140,18,23,0,61,90,1013,3,2
2141,18,23,0,61,90,1013,3,2
2142,18,23,0,61,90,1013,3,2
2143,18,23,0,61,90,1013,3,2
2144,18,23,0,61,90,1013,3,2
2145,18,23,0,61,90,1013,3,2
2146,18,23,0,61,90,1013,3,2
2147,18,23,0,61,90,1013,3,2
2148,18,23,0,61,90,1013,3,2
2149,16,18,0,57,24,1018,3,4
2150,16,18,0,57,24,1018,3,4
2151,16,18,0,57,24,1018,3,4
2152,16,18,0,57,24,1018,3,4
2153,16,18,0,57,24,1018,3,4
2154,16,18,0,57,24,1018,3,4
2155,16,18,0,57,24,1018,3,4
2156,16,18,0,57,24,1018,3,4
2157,16,18,0,57,24,1018,3,4
2158,16,18,0,57,24,1018,3,4
2159,16,18,0,57,24,1018,3,4
2160,19,14,0,67,2,1026,3,1
2161,19,14,0,67,2,1026,3,1
2162,19,14,0,67,2,1026,3,1
2163,19,14,0,67,2,1026,3,1
2164,19,14,0,67,2,1026,3,1
2165,19,14,0,67,2,1026,3,1
2166,19,14,0,67,2,1026,3,1
2167,19,14,0,67,2,1026,3,1
2168,19,14,0,67,2,1026,3,1
2169,19,14,0,67,2,1026,3,1
2170,19,14,0,67,2,1026,3,1
2171,18,32,0,62,55,1015,3,0
2172,18,32,0,62,55,1015,3,0
2173,18,32,0,62,55,1015,3,0
2174,18,32,0,62,55,1015,3,0
2175,18,32,0,62,55,1015,3,0
2176,18,32,0,62,55,1015,3,0
2177,18,32,0,62,55,1015,3,0
2178,18,32,0,62,55,1015,3,0
2179,19,9,0,56,9,1013,3,1
2180,19,9,0,56,9,1013,3,1
2181,19,9,0,56,9,1013,3,1
2182,19,9,0,56,9,1013,3,1
2183,19,9,0,56,9,1013,3,1
2184,19,9,0,56,9,1013,3,1
2185,19,9,0,56,9,1013,3,1
2186,19,9,0,56,9,1013,3,1
2187,19,9,0,56,9,1013,3,1
2188,28,17,0,78,56,1008,3,0
2189,28,17,0,78,56,1008,3,0
2190,28,17,0,78,56,1008,3,0
2191,28,17,0,78,56,1008,3,0
2192,28,17,0,78,56,1008,3,0
2193,28,17,0,78,56,1008,3,0
2194,28,17,0,78,56,1008,3,0
2195,28,17,0,78,56,1008,3,0
2196,28,17,0,78,56,1008,3,0
2197,28,17,0,78,56,1008,3,0
2198,27,13,0,86,23,1010,3,4
2199,27,13,0,86,23,1010,3,4
2200,27,13,0,86,23,1010,3,4
2201,27,13,0,86,23,1010,3,4
2202,27,13,0,86,23,1010,3,4
2203,29,16,0,77,22,1009,3,4
2204,29,16,0,77,22,1009,3,4
2205,29,16,0,77,22,1009,3,4
2206,29,16,0,77,22,1009,3,4
2207,29,16,0,77,22,1009,3,4
2208,29,16,0,77,22,1009,3,4
2209,29,16,0,77,22,1009,3,4
2210,29,16,0,77,22,1009,3,4
2211,29,16,0,77,22,1009,3,4
2212,29,16,0,77,22,1009,3,4
2213,29,30,0,77,6,1009,3,1
2214,29,30,0,77,6,1009,3,1
2215,29,30,0,77,6,1009,3,1
2216,29,30,0,77,6,1009,3,1
2217,29,30,0,77,6,1009,3,1
2218,29,30,0,77,6,1009,3,1
2219,29,30,0,77,6,1009,3,1
2220,29,30,0,77,6,1009,3,1
2221,29,30,0,77,6,1009,3,1
2222,29,30,0,77,6,1009,3,1
2223,29,30,0,77,6,1009,3,1
2224,30,31,0,67,9,1008,3,1
2225,30,31,0,67,9,1008,3,1
2226,30,31,0,67,9,1008,3,1
2227,30,31,0,67,9,1008,3,1
2228,30,31,0,67,9,1008,3,1
2229,30,31,0,67,9,1008,3,1
2230,30,31,0,67,9,1008,3,1
2231,30,31,0,67,9,1008,3,1
2232,30,31,0,67,9,1008,3,1
2233,30,31,0,67,9,1008,3,1
