,runs,strike_rate,performance,batting_performance
0,14,93.33,1306.62,0
1,104,85.25,8866.0,2
2,74,101.37,7501.38,2
3,41,75.93,3113.13,1
4,4,57.14,228.56,0
5,30,62.5,1875.0,0
6,22,91.67,2016.74,0
7,60,75.0,4500.0,1
8,105,99.06,10401.3,2
9,8,72.73,581.84,0
10,4,44.44,177.76,0
11,36,240.0,8640.0,2
12,118,93.65,11050.7,2
13,108,92.31,9969.48,2
14,17,121.43,2064.31,0
15,0,0.0,0.0,0
16,33,194.12,6405.96,1
17,68,87.18,5928.24,1
18,5,38.46,192.3,0
19,0,0.0,0.0,0
20,1,9.09,9.09,0
21,11,64.71,711.81,0
22,56,73.68,4126.08,1
23,28,63.64,1781.92,0
24,1,25.0,25.0,0
25,0,0.0,0.0,0
26,0,0.0,0.0,0
27,49,90.74,4446.26,1
28,55,107.84,5931.2,1
29,71,87.65,6223.15,1
30,27,65.85,1777.95,0
31,18,69.23,1246.14,0
32,17,56.67,963.39,0
33,6,100.0,600.0,0
34,1,50.0,50.0,0
35,61,72.62,4429.82,1
36,19,79.17,1504.23,0
37,75,78.95,5921.25,1
38,20,41.67,833.4,0
39,5,100.0,500.0,0
40,32,139.13,4452.16,1
41,19,135.71,2578.49,1
42,1,50.0,50.0,0
43,0,0.0,0.0,0
44,2,100.0,200.0,0
45,40,108.11,4324.4,1
46,60,133.33,7999.8,2
47,10,100.0,1000.0,0
48,27,71.05,1918.35,0
49,21,110.53,2321.13,0
50,111,94.07,10441.77,2
51,42,70.0,2940.0,1
52,35,100.0,3500.0,1
53,28,133.33,3733.24,1
54,69,71.13,4907.97,1
55,78,118.18,9218.04,2
56,6,46.15,276.9,0
57,12,75.0,900.0,0
58,16,51.61,825.76,0
59,7,87.5,612.5,0
60,15,71.43,1071.45,0
61,8,50.0,400.0,0
62,9,100.0,900.0,0
63,7,87.5,612.5,0
64,0,0.0,0.0,0
65,72,91.14,6562.08,1
66,108,105.88,11435.04,2
67,16,59.26,948.16,0
68,11,68.75,756.25,0
69,18,72.0,1296.0,0
70,42,66.67,2800.14,1
71,54,84.38,4556.52,1
72,17,77.27,1313.59,0
73,55,90.16,4958.8,1
74,2,33.33,66.66,0
75,1,33.33,33.33,0
76,14,51.85,725.9,0
77,16,133.33,2133.28,0
78,1,100.0,100.0,0
79,54,73.97,3994.38,1
80,71,139.22,9884.62,2
81,52,75.36,3918.72,1
82,43,122.86,5282.98,1
83,42,102.44,4302.48,1
84,37,123.33,4563.21,1
85,38,82.61,3139.18,1
86,24,150.0,3600.0,1
87,73,89.02,6498.46,1
88,53,79.1,4192.3,1
89,7,50.0,350.0,0
90,16,53.33,853.28,0
91,0,0.0,0.0,0
92,17,44.74,760.58,0
93,11,57.89,636.79,0
94,0,0.0,0.0,0
95,31,68.89,2135.59,0
96,55,62.5,3437.5,1
97,10,71.43,714.3,0
98,20,125.0,2500.0,0
99,7,63.64,445.48,0
100,2,40.0,80.0,0
101,70,64.22,4495.4,1
102,5,55.56,277.8,0
103,48,77.42,3716.16,1
104,5,45.45,227.25,0
105,36,94.74,3410.64,1
106,0,0.0,0.0,0
107,7,233.33,1633.31,0
108,2,66.67,133.34,0
109,9,100.0,900.0,0
110,0,0.0,0.0,0
111,45,72.58,3266.1,1
112,2,16.67,33.34,0
113,4,36.36,145.44,0
114,7,30.43,213.01,0
115,15,57.69,865.35,0
116,10,35.71,357.1,0
117,43,70.49,3031.07,1
118,22,73.33,1613.26,0
119,5,41.67,208.35,0
120,6,54.55,327.3,0
121,12,52.17,626.04,0
122,44,84.62,3723.28,1
123,40,67.8,2712.0,1
124,59,81.94,4834.46,1
125,41,71.93,2949.13,1
126,33,94.29,3111.57,1
127,35,152.17,5325.95,1
128,12,63.16,757.92,0
129,13,86.67,1126.71,0
130,39,58.21,2270.19,0
131,110,95.65,10521.5,2
132,6,66.67,400.02,0
133,71,114.52,8130.92,2
134,12,120.0,1440.0,0
135,1,25.0,25.0,0
136,26,123.81,3219.06,1
137,6,75.0,450.0,0
138,4,100.0,400.0,0
139,0,0.0,0.0,0
140,3,16.67,50.01,0
141,7,116.67,816.69,0
142,49,106.52,5219.48,1
143,19,70.37,1337.03,0
144,4,50.0,200.0,0
145,77,91.67,7058.59,1
146,0,0.0,0.0,0
147,10,47.62,476.2,0
148,0,0.0,0.0,0
149,56,116.67,6533.52,1
150,4,200.0,800.0,0
151,86,76.79,6603.94,1
152,47,82.46,3875.62,1
153,5,33.33,166.65,0
154,45,86.54,3894.3,1
155,17,154.55,2627.35,1
156,28,52.83,1479.24,0
157,1,25.0,25.0,0
158,0,0.0,0.0,0
159,0,0.0,0.0,0
160,33,45.83,1512.39,0
161,9,56.25,506.25,0
162,5,45.45,227.25,0
163,7,77.78,544.46,0
164,3,42.86,128.58,0
165,2,22.22,44.44,0
166,2,40.0,80.0,0
167,101,70.63,7133.63,1
168,11,47.83,526.13,0
169,20,46.51,930.2,0
170,48,104.35,5008.8,1
171,39,75.0,2925.0,1
172,30,107.14,3214.2,1
173,75,71.43,5357.25,1
174,44,86.27,3795.88,1
175,17,100.0,1700.0,0
176,4,57.14,228.56,0
177,6,75.0,450.0,0
178,36,163.64,5891.04,1
179,2,50.0,100.0,0
180,8,133.33,1066.64,0
181,19,61.29,1164.51,0
182,50,84.75,4237.5,1
183,92,105.75,9729.0,2
184,100,123.46,12346.0,2
185,11,100.0,1100.0,0
186,21,131.25,2756.25,1
187,2,66.67,133.34,0
188,18,180.0,3240.0,1
189,7,233.33,1633.31,0
190,33,76.74,2532.42,1
191,41,74.55,3056.55,1
192,49,80.33,3936.17,1
193,2,20.0,40.0,0
194,1,25.0,25.0,0
195,57,73.08,4165.56,1
196,18,90.0,1620.0,0
197,8,133.33,1066.64,0
198,24,171.43,4114.32,1
199,4,40.0,160.0,0
200,0,0.0,0.0,0
201,67,113.56,7608.52,2
202,44,146.67,6453.48,1
203,27,112.5,3037.5,1
204,6,33.33,199.98,0
205,4,100.0,400.0,0
206,73,71.57,5224.61,1
207,23,92.0,2116.0,0
208,34,70.83,2408.22,0
209,133,94.33,12545.89,2
210,144,109.92,15828.48,2
211,3,60.0,180.0,0
212,9,128.57,1157.13,0
213,11,157.14,1728.54,0
214,0,0.0,0.0,0
215,4,200.0,800.0,0
216,8,114.29,914.32,0
217,3,42.86,128.58,0
218,3,20.0,60.0,0
219,111,86.72,9625.92,2
220,66,73.33,4839.78,1
221,41,117.14,4802.74,1
222,5,62.5,312.5,0
223,3,60.0,180.0,0
224,1,16.67,16.67,0
225,6,150.0,900.0,0
226,7,233.33,1633.31,0
227,0,0.0,0.0,0
228,102,83.61,8528.22,2
229,108,93.91,10142.28,2
230,30,96.77,2903.1,1
231,73,78.49,5729.77,1
232,54,68.35,3690.9,1
233,1,33.33,33.33,0
234,23,60.53,1392.19,0
235,13,52.0,676.0,0
236,14,77.78,1088.92,0
237,2,10.0,20.0,0
238,33,67.35,2222.55,0
239,48,71.64,3438.72,1
240,103,117.05,12056.15,2
241,21,61.76,1296.96,0
242,1,20.0,20.0,0
243,32,106.67,3413.44,1
244,22,244.44,5377.68,1
245,1,50.0,50.0,0
246,2,50.0,100.0,0
247,5,45.45,227.25,0
248,4,40.0,160.0,0
249,19,39.58,752.02,0
250,16,100.0,1600.0,0
251,9,60.0,540.0,0
252,5,35.71,178.55,0
253,24,88.89,2133.36,0
254,26,173.33,4506.58,1
255,0,0.0,0.0,0
256,144,96.0,13824.0,2
257,9,100.0,900.0,0
258,5,71.43,357.15,0
259,69,81.18,5601.42,1
260,46,153.33,7053.18,1
261,13,86.67,1126.71,0
262,7,175.0,1225.0,0
263,79,102.6,8105.4,2
264,3,50.0,150.0,0
265,105,83.33,8749.65,2
266,25,53.19,1329.75,0
267,11,84.62,930.82,0
268,1,4.76,4.76,0
269,9,75.0,675.0,0
270,0,0.0,0.0,0
271,0,0.0,0.0,0
272,75,70.09,5256.75,1
273,6,40.0,240.0,0
274,18,66.67,1200.06,0
275,39,79.59,3104.01,1
276,11,37.93,417.23,0
277,5,71.43,357.15,0
278,0,0.0,0.0,0
279,1,33.33,33.33,0
280,4,57.14,228.56,0
281,4,66.67,266.68,0
282,48,64.0,3072.0,1
283,9,60.0,540.0,0
284,54,84.38,4556.52,1
285,62,96.88,6006.56,1
286,48,90.57,4347.36,1
287,4,100.0,400.0,0
288,0,0.0,0.0,0
289,6,300.0,1800.0,0
290,0,0.0,0.0,0
291,64,100.0,6400.0,1
292,60,73.17,4390.2,1
293,6,66.67,400.02,0
294,20,66.67,1333.4,0
295,24,80.0,1920.0,0
296,23,85.19,1959.37,0
297,34,130.77,4446.18,1
298,9,52.94,476.46,0
299,32,213.33,6826.56,1
300,34,121.43,4128.62,1
301,29,70.73,2051.17,0
302,16,84.21,1347.36,0
303,3,37.5,112.5,0
304,12,92.31,1107.72,0
305,15,83.33,1249.95,0
306,2,33.33,66.66,0
307,41,82.0,3362.0,1
308,34,59.65,2028.1,0
309,0,0.0,0.0,0
310,0,0.0,0.0,0
311,13,43.33,563.29,0
312,24,104.35,2504.4,0
313,52,61.18,3181.36,1
314,17,56.67,963.39,0
315,1,25.0,25.0,0
316,35,56.45,1975.75,0
317,5,55.56,277.8,0
318,34,109.68,3729.12,1
319,0,0.0,0.0,0
320,9,69.23,623.07,0
321,7,77.78,544.46,0
322,111,79.86,8864.46,2
323,55,93.22,5127.1,1
324,49,132.43,6489.07,1
325,4,200.0,800.0,0
326,36,109.09,3927.24,1
327,9,52.94,476.46,0
328,1,33.33,33.33,0
329,4,66.67,266.68,0
330,2,66.67,133.34,0
331,1,100.0,100.0,0
332,8,36.36,290.88,0
333,12,80.0,960.0,0
334,31,55.36,1716.16,0
335,53,51.96,2753.88,1
336,0,0.0,0.0,0
337,6,100.0,600.0,0
338,7,36.84,257.88,0
339,1,16.67,16.67,0
340,0,0.0,0.0,0
341,0,0.0,0.0,0
342,0,0.0,0.0,0
343,0,0.0,0.0,0
344,17,106.25,1806.25,0
345,7,100.0,700.0,0
346,71,59.66,4235.86,1
347,63,88.73,5589.99,1
348,26,53.06,1379.56,0
349,7,50.0,350.0,0
350,0,0.0,0.0,0
351,25,44.64,1116.0,0
352,4,50.0,200.0,0
353,5,20.83,104.15,0
354,28,90.32,2528.96,1
355,24,42.11,1010.64,0
356,10,32.26,322.6,0
357,0,0.0,0.0,0
358,5,35.71,178.55,0
359,11,78.57,864.27,0
360,0,0.0,0.0,0
361,0,0.0,0.0,0
362,77,64.17,4941.09,1
363,28,70.0,1960.0,0
364,5,38.46,192.3,0
365,15,40.54,608.1,0
366,50,87.72,4386.0,1
367,3,75.0,225.0,0
368,17,100.0,1700.0,0
369,13,108.33,1408.29,0
370,2,200.0,400.0,0
371,4,200.0,800.0,0
372,64,82.05,5251.2,1
373,45,68.18,3068.1,1
374,31,65.96,2044.76,0
375,17,65.38,1111.46,0
376,32,80.0,2560.0,1
377,0,0.0,0.0,0
378,19,126.67,2406.73,0
379,4,80.0,320.0,0
380,5,50.0,250.0,0
381,0,0.0,0.0,0
382,16,123.08,1969.28,0
383,11,52.38,576.18,0
384,58,56.31,3265.98,1
385,11,57.89,636.79,0
386,55,63.22,3477.1,1
387,0,0.0,0.0,0
388,2,28.57,57.14,0
389,7,63.64,445.48,0
390,0,0.0,0.0,0
391,4,66.67,266.68,0
392,0,0.0,0.0,0
393,3,30.0,90.0,0
394,12,85.71,1028.52,0
395,7,50.0,350.0,0
396,78,78.0,6084.0,1
397,1,16.67,16.67,0
398,61,60.4,3684.4,1
399,2,16.67,33.34,0
400,25,138.89,3472.25,1
401,8,34.78,278.24,0
402,4,200.0,800.0,0
403,0,0.0,0.0,0
404,0,0.0,0.0,0
405,4,28.57,114.28,0
406,4,57.14,228.56,0
407,2,12.5,25.0,0
408,0,0.0,0.0,0
409,19,41.3,784.7,0
410,6,54.55,327.3,0
411,1,11.11,11.11,0
412,3,23.08,69.24,0
413,0,0.0,0.0,0
414,66,77.65,5124.9,1
415,0,0.0,0.0,0
416,3,10.71,32.13,0
417,92,80.0,7360.0,1
418,19,73.08,1388.52,0
419,22,169.23,3723.06,1
420,28,96.55,2703.4,1
421,58,89.23,5175.34,1
422,33,67.35,2222.55,0
423,38,102.7,3902.6,1
424,36,66.67,2400.12,0
425,15,78.95,1184.25,0
426,40,105.26,4210.4,1
427,15,107.14,1607.1,0
428,19,95.0,1805.0,0
429,2,50.0,100.0,0
430,1,100.0,100.0,0
431,6,60.0,360.0,0
432,87,100.0,8700.0,2
433,32,103.23,3303.36,1
434,59,72.84,4297.56,1
435,13,86.67,1126.71,0
436,69,156.82,10820.58,2
437,21,84.0,1764.0,0
438,46,117.95,5425.7,1
439,41,83.67,3430.47,1
440,102,105.15,10725.3,2
441,20,57.14,1142.8,0
442,69,109.52,7556.88,2
443,6,120.0,720.0,0
444,2,25.0,50.0,0
445,0,0.0,0.0,0
446,1,100.0,100.0,0
447,6,300.0,1800.0,0
448,4,36.36,145.44,0
449,48,60.76,2916.48,1
450,26,76.47,1988.22,0
451,64,79.01,5056.64,1
452,23,67.65,1555.95,0
453,7,58.33,408.31,0
454,33,117.86,3889.38,1
455,7,63.64,445.48,0
456,7,77.78,544.46,0
457,1,100.0,100.0,0
458,5,38.46,192.3,0
459,40,70.18,2807.2,1
460,22,68.75,1512.5,0
461,37,74.0,2738.0,1
462,13,100.0,1300.0,0
463,3,50.0,150.0,0
464,64,84.21,5389.44,1
465,8,72.73,581.84,0
466,9,37.5,337.5,0
467,1,16.67,16.67,0
468,15,136.36,2045.4,0
469,0,0.0,0.0,0
470,16,69.57,1113.12,0
471,31,55.36,1716.16,0
472,81,89.01,7209.81,1
473,43,87.76,3773.68,1
474,17,56.67,963.39,0
475,5,55.56,277.8,0
476,12,48.0,576.0,0
477,22,157.14,3457.08,1
478,0,0.0,0.0,0
479,1,100.0,100.0,0
480,61,91.04,5553.44,1
481,45,109.76,4939.2,1
482,30,103.45,3103.5,1
483,6,75.0,450.0,0
484,45,81.82,3681.9,1
485,51,70.83,3612.33,1
486,8,53.33,426.64,0
487,38,77.55,2946.9,1
488,62,100.0,6200.0,1
489,49,132.43,6489.07,1
490,10,142.86,1428.6,0
491,4,100.0,400.0,0
492,85,104.94,8919.9,2
493,3,33.33,99.99,0
494,22,100.0,2200.0,0
495,80,80.0,6400.0,1
496,24,70.59,1694.16,0
497,24,77.42,1858.08,0
498,5,71.43,357.15,0
499,21,190.91,4009.11,1
500,4,400.0,1600.0,0
501,22,66.67,1466.74,0
502,160,96.97,15515.2,2
503,105,120.69,12672.45,2
504,3,100.0,300.0,0
505,14,140.0,1960.0,0
506,2,100.0,200.0,0
507,5,83.33,416.65,0
508,9,56.25,506.25,0
509,64,68.82,4404.48,1
510,75,89.29,6696.75,1
511,51,86.44,4408.44,1
512,5,62.5,312.5,0
513,5,71.43,357.15,0
514,0,0.0,0.0,0
515,0,0.0,0.0,0
516,14,66.67,933.38,0
517,2,50.0,100.0,0
518,14,100.0,1400.0,0
519,27,122.73,3313.71,1
520,42,85.71,3599.82,1
521,14,51.85,725.9,0
522,14,46.67,653.38,0
523,60,89.55,5373.0,1
524,8,57.14,457.12,0
525,73,169.77,12393.21,2
526,31,147.62,4576.22,1
527,5,100.0,500.0,0
528,1,16.67,16.67,0
529,80,105.26,8420.8,2
530,106,89.08,9442.48,2
531,51,89.47,4562.97,1
532,17,100.0,1700.0,0
533,15,55.56,833.4,0
534,8,100.0,800.0,0
535,19,211.11,4011.09,1
536,5,71.43,357.15,0
537,30,52.63,1578.9,0
538,71,58.2,4132.2,1
539,7,38.89,272.23,0
540,15,150.0,2250.0,0
541,18,75.0,1350.0,0
542,0,0.0,0.0,0
543,6,66.67,400.02,0
544,78,132.2,10311.6,2
545,7,77.78,544.46,0
546,65,74.71,4856.15,1
547,13,59.09,768.17,0
548,29,78.38,2273.02,0
549,11,122.22,1344.42,0
550,17,106.25,1806.25,0
551,0,0.0,0.0,0
552,18,94.74,1705.32,0
553,8,66.67,533.36,0
554,0,0.0,0.0,0
555,12,80.0,960.0,0
556,20,100.0,2000.0,0
557,71,77.17,5479.07,1
558,0,0.0,0.0,0
559,7,38.89,272.23,0
560,57,77.03,4390.71,1
561,2,25.0,50.0,0
562,4,25.0,100.0,0
563,5,29.41,147.05,0
564,1,16.67,16.67,0
565,0,0.0,0.0,0
566,5,41.67,208.35,0
567,19,86.36,1640.84,0
568,6,42.86,257.16,0
569,62,67.39,4178.18,1
570,48,65.75,3156.0,1
571,48,109.09,5236.32,1
572,3,100.0,300.0,0
573,1,25.0,25.0,0
574,19,90.48,1719.12,0
575,10,76.92,769.2,0
576,0,0.0,0.0,0
577,3,15.0,45.0,0
578,5,55.56,277.8,0
579,9,29.03,261.27,0
580,0,0.0,0.0,0
581,10,37.04,370.4,0
582,0,0.0,0.0,0
583,42,57.53,2416.26,0
584,17,51.52,875.84,0
585,18,39.13,704.34,0
586,0,0.0,0.0,0
587,18,72.0,1296.0,0
588,119,85.61,10187.59,2
589,18,66.67,1200.06,0
590,32,62.75,2008.0,0
591,53,117.78,6242.34,1
592,24,171.43,4114.32,1
593,4,50.0,200.0,0
594,24,51.06,1225.44,0
595,97,74.62,7238.14,1
596,18,60.0,1080.0,0
597,40,80.0,3200.0,1
598,8,88.89,711.12,0
599,10,90.91,909.1,0
600,13,144.44,1877.72,0
601,3,60.0,180.0,0
602,0,0.0,0.0,0
603,2,12.5,25.0,0
604,10,66.67,666.7,0
605,40,58.82,2352.8,0
606,54,72.97,3940.38,1
607,0,0.0,0.0,0
608,80,105.26,8420.8,2
609,0,0.0,0.0,0
610,11,68.75,756.25,0
611,19,95.0,1805.0,0
612,10,142.86,1428.6,0
613,28,59.57,1667.96,0
614,6,100.0,600.0,0
615,133,88.08,11714.64,2
616,13,68.42,889.46,0
617,12,150.0,1800.0,0
618,7,41.18,288.26,0
619,7,70.0,490.0,0
620,44,157.14,6914.16,1
621,0,0.0,0.0,0
622,19,190.0,3610.0,1
623,1,33.33,33.33,0
624,59,98.33,5801.47,1
625,50,102.04,5102.0,1
626,6,60.0,360.0,0
627,8,40.0,320.0,0
628,4,57.14,228.56,0
629,73,76.84,5609.32,1
630,0,0.0,0.0,0
631,65,82.28,5348.2,1
632,71,124.56,8843.76,2
633,45,112.5,5062.5,1
634,51,69.86,3562.86,1
635,42,87.5,3675.0,1
636,47,68.12,3201.64,1
637,28,87.5,2450.0,0
638,3,100.0,300.0,0
639,14,41.18,576.52,0
640,17,106.25,1806.25,0
641,2,66.67,133.34,0
642,17,113.33,1926.61,0
643,15,214.29,3214.35,1
644,31,147.62,4576.22,1
645,0,0.0,0.0,0
646,77,80.21,6176.17,1
647,8,100.0,800.0,0
648,13,81.25,1056.25,0
649,9,128.57,1157.13,0
650,72,81.82,5891.04,1
651,18,94.74,1705.32,0
652,7,100.0,700.0,0
653,10,111.11,1111.1,0
654,0,0.0,0.0,0
655,6,54.55,327.3,0
656,37,72.55,2684.35,1
657,11,84.62,930.82,0
658,43,87.76,3773.68,1
659,7,53.85,376.95,0
660,10,76.92,769.2,0
661,102,107.37,10951.74,2
662,15,55.56,833.4,0
663,5,83.33,416.65,0
664,54,114.89,6204.06,1
665,27,96.43,2603.61,1
666,43,66.15,2844.45,1
667,42,76.36,3207.12,1
668,0,0.0,0.0,0
669,2,50.0,100.0,0
670,60,63.83,3829.8,1
671,0,0.0,0.0,0
672,17,113.33,1926.61,0
673,0,0.0,0.0,0
674,5,31.25,156.25,0
675,24,92.31,2215.44,0
676,0,0.0,0.0,0
677,11,110.0,1210.0,0
678,0,0.0,0.0,0
679,1,12.5,12.5,0
680,51,72.86,3715.86,1
681,5,55.56,277.8,0
682,73,76.84,5609.32,1
683,12,85.71,1028.52,0
684,0,0.0,0.0,0
685,20,111.11,2222.2,0
686,4,50.0,200.0,0
687,18,120.0,2160.0,0
688,1,50.0,50.0,0
689,0,0.0,0.0,0
690,0,0.0,0.0,0
691,51,57.95,2955.45,1
692,102,76.12,7764.24,2
693,14,87.5,1225.0,0
694,1,20.0,20.0,0
695,22,66.67,1466.74,0
696,7,29.17,204.19,0
697,22,78.57,1728.54,0
698,0,0.0,0.0,0
699,12,80.0,960.0,0
700,2,15.38,30.76,0
701,4,200.0,800.0,0
702,4,36.36,145.44,0
703,9,100.0,900.0,0
704,38,97.44,3702.72,1
705,19,39.58,752.02,0
706,1,10.0,10.0,0
707,6,31.58,189.48,0
708,67,84.81,5682.27,1
709,14,46.67,653.38,0
710,26,65.0,1690.0,0
711,7,116.67,816.69,0
712,14,127.27,1781.78,0
713,2,40.0,80.0,0
714,2,40.0,80.0,0
715,42,116.67,4900.14,1
716,113,104.63,11823.19,2
717,63,92.65,5836.95,1
718,3,100.0,300.0,0
719,18,85.71,1542.78,0
720,10,111.11,1111.1,0
721,56,84.85,4751.6,1
722,125,97.66,12207.5,2
723,48,97.96,4702.08,1
724,4,50.0,200.0,0
725,6,66.67,400.02,0
726,5,71.43,357.15,0
727,0,0.0,0.0,0
728,25,166.67,4166.75,1
729,11,110.0,1210.0,0
730,0,0.0,0.0,0
731,5,166.67,833.35,0
732,0,0.0,0.0,0
733,20,111.11,2222.2,0
734,68,78.16,5314.88,1
735,4,50.0,200.0,0
736,0,0.0,0.0,0
737,9,26.47,238.23,0
738,9,32.14,289.26,0
739,15,51.72,775.8,0
740,8,72.73,581.84,0
741,0,0.0,0.0,0
742,2,66.67,133.34,0
743,6,54.55,327.3,0
744,44,78.57,3457.08,1
745,134,99.26,13300.84,2
746,42,97.67,4102.14,1
747,58,152.63,8852.54,2
748,4,133.33,533.32,0
749,34,58.62,1993.08,0
750,3,27.27,81.81,0
751,57,66.28,3777.96,1
752,84,103.7,8710.8,2
753,12,60.0,720.0,0
754,31,96.88,3003.28,1
755,6,120.0,720.0,0
756,2,40.0,80.0,0
757,2,200.0,400.0,0
758,4,50.0,200.0,0
759,18,85.71,1542.78,0
760,17,38.64,656.88,0
761,7,22.58,158.06,0
762,38,60.32,2292.16,0
763,51,57.3,2922.3,1
764,25,71.43,1785.75,0
765,0,0.0,0.0,0
766,1,33.33,33.33,0
767,7,350.0,2450.0,0
768,25,58.14,1453.5,0
769,52,100.0,5200.0,1
770,17,73.91,1256.47,0
771,21,56.76,1191.96,0
772,55,71.43,3928.65,1
773,6,31.58,189.48,0
774,2,33.33,66.66,0
775,5,41.67,208.35,0
776,4,50.0,200.0,0
777,8,88.89,711.12,0
778,2,40.0,80.0,0
779,174,109.43,19040.82,2
780,107,95.54,10222.78,2
781,44,151.72,6675.68,1
782,7,50.0,350.0,0
783,7,58.33,408.31,0
784,90,94.74,8526.6,2
785,2,25.0,50.0,0
786,23,31.51,724.73,0
787,30,111.11,3333.3,1
788,8,160.0,1280.0,0
789,14,155.56,2177.84,0
790,7,116.67,816.69,0
791,6,54.55,327.3,0
792,11,100.0,1100.0,0
793,0,0.0,0.0,0
794,26,48.15,1251.9,0
795,0,0.0,0.0,0
796,10,90.91,909.1,0
797,13,81.25,1056.25,0
798,6,27.27,163.62,0
799,4,66.67,266.68,0
800,2,25.0,50.0,0
801,7,140.0,980.0,0
802,11,37.93,417.23,0
803,22,78.57,1728.54,0
804,71,71.0,5041.0,1
805,46,63.89,2938.94,1
806,10,41.67,416.7,0
807,2,50.0,100.0,0
808,5,71.43,357.15,0
809,5,50.0,250.0,0
810,5,41.67,208.35,0
811,0,0.0,0.0,0
812,1,20.0,20.0,0
813,43,67.19,2889.17,1
814,10,125.0,1250.0,0
815,169,123.36,20847.84,2
816,42,82.35,3458.7,1
817,17,51.52,875.84,0
818,16,228.57,3657.12,1
819,1,100.0,100.0,0
820,3,21.43,64.29,0
821,43,67.19,2889.17,1
822,37,61.67,2281.79,0
823,17,58.62,996.54,0
824,13,48.15,625.95,0
825,43,84.31,3625.33,1
826,8,53.33,426.64,0
827,11,78.57,864.27,0
828,13,81.25,1056.25,0
829,7,87.5,612.5,0
830,0,0.0,0.0,0
831,5,21.74,108.7,0
832,6,75.0,450.0,0
833,0,0.0,0.0,0
834,24,47.06,1129.44,0
835,29,44.62,1293.98,0
836,14,70.0,980.0,0
837,1,20.0,20.0,0
838,65,132.65,8622.25,2
839,12,36.36,436.32,0
840,0,0.0,0.0,0
841,0,0.0,0.0,0
842,115,88.46,10172.9,2
843,12,46.15,553.8,0
844,91,90.1,8199.1,2
845,1,12.5,12.5,0
846,99,90.0,8910.0,2
847,9,56.25,506.25,0
848,68,73.12,4972.16,1
849,75,166.67,12500.25,2
850,23,104.55,2404.65,0
851,17,121.43,2064.31,0
852,0,0.0,0.0,0
853,81,71.05,5755.05,1
854,79,97.53,7704.87,2
855,1,14.29,14.29,0
856,74,115.63,8556.62,2
857,2,33.33,66.66,0
858,9,69.23,623.07,0
859,12,133.33,1599.96,0
860,0,0.0,0.0,0
861,14,350.0,4900.0,1
862,0,0.0,0.0,0
863,4,50.0,200.0,0
864,55,76.39,4201.45,1
865,71,120.34,8544.14,2
866,46,100.0,4600.0,1
867,53,106.0,5618.0,1
868,0,0.0,0.0,0
869,23,79.31,1824.13,0
870,0,0.0,0.0,0
871,15,78.95,1184.25,0
872,8,57.14,457.12,0
873,14,82.35,1152.9,0
874,21,150.0,3150.0,1
875,17,242.86,4128.62,1
876,64,94.12,6023.68,1
877,30,69.77,2093.1,0
878,23,69.7,1603.1,0
879,46,92.0,4232.0,1
880,10,62.5,625.0,0
881,31,96.88,3003.28,1
882,6,100.0,600.0,0
883,42,168.0,7056.0,1
884,42,175.0,7350.0,1
885,0,0.0,0.0,0
886,1,100.0,100.0,0
887,16,66.67,1066.72,0
888,40,83.33,3333.2,1
889,58,86.57,5021.06,1
890,44,77.19,3396.36,1
891,5,35.71,178.55,0
892,47,106.82,5020.54,1
893,32,123.08,3938.56,1
894,6,120.0,720.0,0
895,16,133.33,2133.28,0
896,6,200.0,1200.0,0
897,7,53.85,376.95,0
898,59,95.16,5614.44,1
899,0,0.0,0.0,0
900,14,100.0,1400.0,0
901,36,67.92,2445.12,0
902,44,86.27,3795.88,1
903,1,9.09,9.09,0
904,22,146.67,3226.74,1
905,2,33.33,66.66,0
906,4,33.33,133.32,0
907,19,70.37,1337.03,0
908,8,100.0,800.0,0
909,8,114.29,914.32,0
910,51,65.38,3334.38,1
911,5,41.67,208.35,0
912,74,79.57,5888.18,1
913,38,82.61,3139.18,1
914,1,14.29,14.29,0
915,27,103.85,2803.95,1
916,0,0.0,0.0,0
917,2,18.18,36.36,0
918,0,0.0,0.0,0
919,47,114.63,5387.61,1
920,45,65.22,2934.9,1
921,22,45.83,1008.26,0
922,64,91.43,5851.52,1
923,1,16.67,16.67,0
924,8,25.81,206.48,0
925,14,107.69,1507.66,0
926,3,60.0,180.0,0
927,0,0.0,0.0,0
928,19,135.71,2578.49,1
929,20,111.11,2222.2,0
930,3,27.27,81.81,0
931,8,57.14,457.12,0
932,13,46.43,603.59,0
933,6,75.0,450.0,0
934,3,20.0,60.0,0
935,7,31.82,222.74,0
936,0,0.0,0.0,0
937,80,140.35,11228.0,2
938,30,62.5,1875.0,0
939,0,0.0,0.0,0
940,8,114.29,914.32,0
941,8,50.0,400.0,0
942,128,111.3,14246.4,2
943,9,64.29,578.61,0
944,60,61.86,3711.6,1
945,56,143.59,8041.04,2
946,0,0.0,0.0,0
947,13,144.44,1877.72,0
948,106,85.48,9060.88,2
949,18,58.06,1045.08,0
950,9,60.0,540.0,0
951,64,91.43,5851.52,1
952,20,76.92,1538.4,0
953,22,115.79,2547.38,1
954,14,53.85,753.9,0
955,102,92.73,9458.46,2
956,67,103.08,6906.36,1
957,13,68.42,889.46,0
958,55,110.0,6050.0,1
959,6,66.67,400.02,0
960,2,100.0,200.0,0
961,19,100.0,1900.0,0
962,64,79.01,5056.64,1
963,38,69.09,2625.42,1
964,103,122.62,12629.86,2
965,9,75.0,675.0,0
966,0,0.0,0.0,0
967,6,33.33,199.98,0
968,12,92.31,1107.72,0
969,9,75.0,675.0,0
970,11,61.11,672.21,0
971,5,250.0,1250.0,0
972,33,67.35,2222.55,0
973,5,31.25,156.25,0
974,76,74.51,5662.76,1
975,14,100.0,1400.0,0
976,26,63.41,1648.66,0
977,45,109.76,4939.2,1
978,17,106.25,1806.25,0
979,19,82.61,1569.59,0
980,0,0.0,0.0,0
981,33,55.0,1815.0,0
982,2,40.0,80.0,0
983,0,0.0,0.0,0
984,24,63.16,1515.84,0
985,74,71.84,5316.16,1
986,44,84.62,3723.28,1
987,15,65.22,978.3,0
988,7,116.67,816.69,0
989,42,113.51,4767.42,1
990,101,93.52,9445.52,2
991,0,0.0,0.0,0
992,75,80.65,6048.75,1
993,13,72.22,938.86,0
994,16,123.08,1969.28,0
995,6,66.67,400.02,0
996,0,0.0,0.0,0
997,24,46.15,1107.6,0
998,8,33.33,266.64,0
999,39,63.93,2493.27,0
1000,30,56.6,1698.0,0
1001,5,100.0,500.0,0
1002,31,70.45,2183.95,0
1003,42,123.53,5188.26,1
1004,3,21.43,64.29,0
1005,18,200.0,3600.0,1
1006,0,0.0,0.0,0
1007,33,82.5,2722.5,1
1008,8,61.54,492.32,0
1009,35,85.37,2987.95,1
1010,18,85.71,1542.78,0
1011,8,100.0,800.0,0
1012,0,0.0,0.0,0
1013,2,33.33,66.66,0
1014,11,100.0,1100.0,0
1015,10,62.5,625.0,0
1016,4,80.0,320.0,0
1017,10,27.03,270.3,0
1018,88,87.13,7667.44,2
1019,40,59.7,2388.0,0
1020,2,25.0,50.0,0
1021,30,85.71,2571.3,1
1022,43,130.3,5602.9,1
1023,14,155.56,2177.84,0
1024,0,0.0,0.0,0
1025,2,100.0,200.0,0
1026,7,116.67,816.69,0
1027,7,43.75,306.25,0
1028,2,18.18,36.36,0
1029,13,56.52,734.76,0
1030,12,36.36,436.32,0
1031,6,40.0,240.0,0
1032,11,91.67,1008.37,0
1033,2,22.22,44.44,0
1034,5,38.46,192.3,0
1035,0,0.0,0.0,0
1036,0,0.0,0.0,0
1037,2,33.33,66.66,0
1038,71,65.14,4624.94,1
1039,19,126.67,2406.73,0
1040,112,107.69,12061.28,2
1041,7,50.0,350.0,0
1042,30,100.0,3000.0,1
1043,16,114.29,1828.64,0
1044,9,128.57,1157.13,0
1045,0,0.0,0.0,0
1046,12,240.0,2880.0,1
1047,4,400.0,1600.0,0
1048,0,0.0,0.0,0
1049,28,121.74,3408.72,1
1050,19,65.52,1244.88,0
1051,2,15.38,30.76,0
1052,53,58.89,3121.17,1
1053,60,59.41,3564.6,1
1054,42,123.53,5188.26,1
1055,34,103.03,3503.02,1
1056,40,86.96,3478.4,1
1057,88,104.76,9218.88,2
1058,10,62.5,625.0,0
1059,5,62.5,312.5,0
1060,13,100.0,1300.0,0
1061,15,57.69,865.35,0
1062,1,33.33,33.33,0
1063,6,120.0,720.0,0
1064,0,0.0,0.0,0
1065,6,150.0,900.0,0
1066,7,77.78,544.46,0
1067,86,95.56,8218.16,2
1068,7,77.78,544.46,0
1069,36,73.47,2644.92,1
1070,48,68.57,3291.36,1
1071,34,89.47,3041.98,1
1072,25,166.67,4166.75,1
1073,0,0.0,0.0,0
1074,9,150.0,1350.0,0
1075,2,33.33,66.66,0
1076,0,0.0,0.0,0
1077,37,148.0,5476.0,1
1078,30,125.0,3750.0,1
1079,36,156.52,5634.72,1
1080,2,25.0,50.0,0
1081,22,59.46,1308.12,0
1082,58,71.6,4152.8,1
1083,30,65.22,1956.6,0
1084,13,81.25,1056.25,0
1085,1,25.0,25.0,0
1086,0,0.0,0.0,0
1087,0,0.0,0.0,0
1088,18,78.26,1408.68,0
1089,6,42.86,257.16,0
1090,25,62.5,1562.5,0
1091,63,95.45,6013.35,1
1092,6,42.86,257.16,0
1093,89,104.71,9319.19,2
1094,13,130.0,1690.0,0
1095,39,260.0,10140.0,2
1096,3,100.0,300.0,0
1097,27,90.0,2430.0,0
1098,13,130.0,1690.0,0
1099,11,68.75,756.25,0
1100,67,90.54,6066.18,1
1101,93,80.87,7520.91,2
1102,1,16.67,16.67,0
1103,3,42.86,128.58,0
1104,65,180.56,11736.4,2
1105,5,83.33,416.65,0
1106,0,0.0,0.0,0
1107,14,82.35,1152.9,0
1108,50,90.91,4545.5,1
1109,2,40.0,80.0,0
1110,26,81.25,2112.5,0
1111,0,0.0,0.0,0
1112,28,52.83,1479.24,0
1113,18,81.82,1472.76,0
1114,13,100.0,1300.0,0
1115,43,119.44,5135.92,1
1116,5,38.46,192.3,0
1117,23,71.88,1653.24,0
1118,12,57.14,685.68,0
1119,29,107.41,3114.89,1
1120,5,62.5,312.5,0
1121,0,0.0,0.0,0
1122,0,0.0,0.0,0
1123,0,0.0,0.0,0
1124,35,116.67,4083.45,1
1125,61,70.93,4326.73,1
1126,4,36.36,145.44,0
1127,92,91.09,8380.28,2
1128,13,92.86,1207.18,0
1129,1,50.0,50.0,0
1130,10,90.91,909.1,0
1131,10,76.92,769.2,0
1132,30,107.14,3214.2,1
1133,4,66.67,266.68,0
1134,53,66.25,3511.25,1
1135,0,0.0,0.0,0
1136,118,95.16,11228.88,2
1137,10,71.43,714.3,0
1138,2,25.0,50.0,0
1139,2,28.57,57.14,0
1140,1,25.0,25.0,0
1141,29,90.63,2628.27,1
1142,7,58.33,408.31,0
1143,0,0.0,0.0,0
1144,0,0.0,0.0,0
1145,34,103.03,3503.02,1
1146,9,69.23,623.07,0
1147,2,40.0,80.0,0
1148,75,110.29,8271.75,2
1149,59,85.51,5045.09,1
1150,29,100.0,2900.0,1
1151,11,110.0,1210.0,0
1152,0,0.0,0.0,0
1153,4,33.33,133.32,0
1154,12,80.0,960.0,0
1155,4,40.0,160.0,0
1156,35,145.83,5104.05,1
1157,5,16.13,80.65,0
1158,32,96.97,3103.04,1
1159,139,119.83,16656.37,2
1160,52,68.42,3557.84,1
1161,6,120.0,720.0,0
1162,0,0.0,0.0,0
1163,0,0.0,0.0,0
1164,88,89.8,7902.4,2
1165,59,79.73,4704.07,1
1166,2,50.0,100.0,0
1167,55,94.83,5215.65,1
1168,33,137.5,4537.5,1
1169,4,66.67,266.68,0
1170,27,122.73,3313.71,1
1171,30,214.29,6428.7,1
1172,26,113.04,2939.04,1
1173,9,90.0,810.0,0
1174,67,72.04,4826.68,1
1175,77,96.25,7411.25,2
1176,23,121.05,2784.15,1
1177,0,0.0,0.0,0
1178,63,101.61,6401.43,1
1179,0,0.0,0.0,0
1180,37,82.22,3042.14,1
1181,62,131.91,8178.42,2
1182,12,120.0,1440.0,0
1183,8,80.0,640.0,0
1184,22,275.0,6050.0,1
1185,2,66.67,133.34,0
1186,16,76.19,1219.04,0
1187,31,75.61,2343.91,0
1188,86,81.9,7043.4,1
1189,44,88.0,3872.0,1
1190,51,85.0,4335.0,1
1191,19,90.48,1719.12,0
1192,35,112.9,3951.5,1
1193,0,0.0,0.0,0
1194,91,73.98,6732.18,1
1195,2,66.67,133.34,0
1196,40,52.63,2105.2,0
1197,8,42.11,336.88,0
1198,12,80.0,960.0,0
1199,27,158.82,4288.14,1
1200,0,0.0,0.0,0
1201,5,100.0,500.0,0
1202,0,0.0,0.0,0
1203,5,33.33,166.65,0
1204,68,64.76,4403.68,1
1205,112,100.0,11200.0,2
1206,20,166.67,3333.4,1
1207,1,20.0,20.0,0
1208,35,112.9,3951.5,1
1209,16,160.0,2560.0,1
1210,12,109.09,1309.08,0
1211,28,127.27,3563.56,1
1212,101,81.45,8226.45,2
1213,33,66.0,2178.0,0
1214,20,74.07,1481.4,0
1215,55,110.0,6050.0,1
1216,54,207.69,11215.26,2
1217,0,0.0,0.0,0
1218,1,100.0,100.0,0
1219,5,62.5,312.5,0
1220,19,45.24,859.56,0
1221,4,26.67,106.68,0
1222,104,97.2,10108.8,2
1223,15,45.45,681.75,0
1224,23,46.0,1058.0,0
1225,23,92.0,2116.0,0
1226,0,0.0,0.0,0
1227,6,150.0,900.0,0
1228,7,63.64,445.48,0
1229,5,125.0,625.0,0
1230,21,55.26,1160.46,0
1231,116,91.34,10595.44,2
1232,38,92.68,3521.84,1
1233,27,93.1,2513.7,1
1234,39,84.78,3306.42,1
1235,2,40.0,80.0,0
1236,5,31.25,156.25,0
1237,44,77.19,3396.36,1
1238,76,91.57,6959.32,1
1239,94,114.63,10775.22,2
1240,0,0.0,0.0,0
1241,19,61.29,1164.51,0
1242,5,83.33,416.65,0
1243,12,120.0,1440.0,0
1244,4,57.14,228.56,0
1245,1,33.33,33.33,0
1246,0,0.0,0.0,0
1247,45,69.23,3115.35,1
1248,116,109.43,12693.88,2
1249,9,52.94,476.46,0
1250,30,103.45,3103.5,1
1251,3,75.0,225.0,0
1252,18,105.88,1905.84,0
1253,0,0.0,0.0,0
1254,0,0.0,0.0,0
1255,12,92.31,1107.72,0
1256,3,75.0,225.0,0
1257,0,0.0,0.0,0
1258,29,67.44,1955.76,0
1259,21,58.33,1224.93,0
1260,81,122.73,9941.13,2
1261,9,50.0,450.0,0
1262,26,76.47,1988.22,0
1263,9,75.0,675.0,0
1264,3,37.5,112.5,0
1265,2,50.0,100.0,0
1266,2,15.38,30.76,0
1267,1,20.0,20.0,0
1268,3,60.0,180.0,0
1269,30,73.17,2195.1,0
1270,81,82.65,6694.65,1
1271,113,107.62,12161.06,2
1272,14,100.0,1400.0,0
1273,1,33.33,33.33,0
1274,5,33.33,166.65,0
1275,20,166.67,3333.4,1
1276,12,100.0,1200.0,0
1277,65,108.33,7041.45,1
1278,24,58.54,1404.96,0
1279,39,102.63,4002.57,1
1280,0,0.0,0.0,0
1281,14,66.67,933.38,0
1282,46,88.46,4069.16,1
1283,4,100.0,400.0,0
1284,10,47.62,476.2,0
1285,13,68.42,889.46,0
1286,0,0.0,0.0,0
1287,7,41.18,288.26,0
1288,0,0.0,0.0,0
1289,0,0.0,0.0,0
1290,7,53.85,376.95,0
1291,23,71.88,1653.24,0
1292,100,83.33,8333.0,2
1293,44,54.32,2390.08,0
1294,9,52.94,476.46,0
1295,47,180.77,8496.19,2
1296,52,66.67,3466.84,1
1297,161,110.27,17753.47,2
1298,105,138.16,14506.8,2
1299,139,97.2,13510.8,2
1300,44,80.0,3520.0,1
1301,117,136.05,15917.85,2
1302,1,20.0,20.0,0
1303,62,103.33,6406.46,1
1304,104,97.2,10108.8,2
1305,19,86.36,1640.84,0
1306,35,112.9,3951.5,1
1307,52,216.67,11266.84,2
1308,8,266.67,2133.36,0
1309,4,80.0,320.0,0
1310,9,81.82,736.38,0
1311,7,87.5,612.5,0
1312,0,0.0,0.0,0
1313,4,19.05,76.2,0
1314,104,105.05,10925.2,2
1315,124,130.53,16185.72,2
1316,2,33.33,66.66,0
1317,51,242.86,12385.86,2
1318,24,184.62,4430.88,1
1319,7,63.64,445.48,0
1320,3,60.0,180.0,0
1321,18,105.88,1905.84,0
1322,1,33.33,33.33,0
1323,12,133.33,1599.96,0
1324,3,30.0,90.0,0
1325,0,0.0,0.0,0
1326,45,46.88,2109.6,0
1327,41,85.42,3502.22,1
1328,4,25.0,100.0,0
1329,19,59.38,1128.22,0
1330,0,0.0,0.0,0
1331,1,50.0,50.0,0
1332,0,0.0,0.0,0
1333,2,40.0,80.0,0
1334,3,50.0,150.0,0
1335,26,74.29,1931.54,0
1336,38,58.46,2221.48,0
1337,23,100.0,2300.0,0
1338,20,74.07,1481.4,0
1339,38,70.37,2674.06,1
1340,65,95.59,6213.35,1
1341,1,33.33,33.33,0
1342,22,104.76,2304.72,0
1343,0,0.0,0.0,0
1344,4,100.0,400.0,0
1345,68,272.0,18496.0,2
1346,47,74.6,3506.2,1
1347,28,77.78,2177.84,0
1348,8,72.73,581.84,0
1349,4,50.0,200.0,0
1350,48,76.19,3657.12,1
1351,26,92.86,2414.36,0
1352,33,117.86,3889.38,1
1353,15,68.18,1022.7,0
1354,2,40.0,80.0,0
1355,20,111.11,2222.2,0
1356,14,66.67,933.38,0
1357,56,83.58,4680.48,1
1358,16,76.19,1219.04,0
1359,4,30.77,123.08,0
1360,18,60.0,1080.0,0
1361,12,36.36,436.32,0
1362,2,66.67,133.34,0
1363,19,61.29,1164.51,0
1364,6,75.0,450.0,0
1365,3,100.0,300.0,0
1366,0,0.0,0.0,0
1367,50,84.75,4237.5,1
1368,90,71.43,6428.7,1
1369,12,52.17,626.04,0
1370,20,95.24,1904.8,0
1371,18,64.29,1157.22,0
1372,19,172.73,3281.87,1
1373,14,107.69,1507.66,0
1374,17,130.77,2223.09,0
1375,1,33.33,33.33,0
1376,0,0.0,0.0,0
1377,116,106.42,12344.72,2
1378,62,88.57,5491.34,1
1379,30,100.0,3000.0,1
1380,29,116.0,3364.0,1
1381,70,175.0,12250.0,2
1382,52,200.0,10400.0,2
1383,14,87.5,1225.0,0
1384,59,184.38,10878.42,2
1385,17,85.0,1445.0,0
1386,13,76.47,994.11,0
1387,12,66.67,800.04,0
1388,7,87.5,612.5,0
1389,0,0.0,0.0,0
1390,7,53.85,376.95,0
1391,21,105.0,2205.0,0
1392,0,0.0,0.0,0
1393,1,25.0,25.0,0
1394,99,107.61,10653.39,2
1395,17,130.77,2223.09,0
1396,81,85.26,6906.06,1
1397,15,75.0,1125.0,0
1398,50,106.38,5319.0,1
1399,21,110.53,2321.13,0
1400,21,61.76,1296.96,0
1401,23,65.71,1511.33,0
1402,27,81.82,2209.14,0
1403,17,130.77,2223.09,0
1404,11,73.33,806.63,0
1405,8,72.73,581.84,0
1406,9,90.0,810.0,0
1407,1,5.26,5.26,0
1408,5,31.25,156.25,0
1409,0,0.0,0.0,0
1410,66,80.49,5312.34,1
1411,8,33.33,266.64,0
1412,58,79.45,4608.1,1
1413,4,50.0,200.0,0
1414,13,44.83,582.79,0
1415,8,88.89,711.12,0
1416,17,68.0,1156.0,0
1417,7,63.64,445.48,0
1418,1,20.0,20.0,0
1419,9,37.5,337.5,0
1420,17,77.27,1313.59,0
1421,12,85.71,1028.52,0
1422,12,120.0,1440.0,0
1423,19,79.17,1504.23,0
1424,0,0.0,0.0,0
1425,9,75.0,675.0,0
1426,7,43.75,306.25,0
1427,65,144.44,9388.6,2
1428,91,98.91,9000.81,2
1429,87,84.47,7348.89,1
1430,27,69.23,1869.21,0
1431,15,41.67,625.05,0
1432,5,125.0,625.0,0
1433,2,66.67,133.34,0
1434,50,76.92,3846.0,1
1435,95,81.9,7780.5,2
1436,15,115.38,1730.7,0
1437,39,177.27,6913.53,1
1438,10,125.0,1250.0,0
1439,15,107.14,1607.1,0
1440,0,0.0,0.0,0
1441,0,0.0,0.0,0
1442,32,84.21,2694.72,1
1443,9,81.82,736.38,0
1444,51,86.44,4408.44,1
1445,100,93.46,9346.0,2
1446,49,92.45,4530.05,1
1447,42,221.05,9284.1,2
1448,0,0.0,0.0,0
1449,7,116.67,816.69,0
1450,3,100.0,300.0,0
1451,135,105.47,14238.45,2
1452,63,80.77,5088.51,1
1453,95,206.52,19619.4,2
1454,1,50.0,50.0,0
1455,29,181.25,5256.25,1
1456,24,133.33,3199.92,1
1457,3,75.0,225.0,0
1458,8,114.29,914.32,0
1459,1,100.0,100.0,0
1460,0,0.0,0.0,0
1461,24,104.35,2504.4,0
1462,9,90.0,810.0,0
1463,17,121.43,2064.31,0
1464,37,66.07,2444.59,0
1465,73,66.97,4888.81,1
1466,59,210.71,12431.89,2
1467,3,75.0,225.0,0
1468,20,105.26,2105.2,0
1469,31,103.33,3203.23,1
1470,7,87.5,612.5,0
1471,37,82.22,3042.14,1
1472,22,104.76,2304.72,0
1473,0,0.0,0.0,0
1474,52,60.47,3144.44,1
1475,44,81.48,3585.12,1
1476,2,33.33,66.66,0
1477,53,108.16,5732.48,1
1478,2,66.67,133.34,0
1479,26,96.3,2503.8,0
1480,9,36.0,324.0,0
1481,1,50.0,50.0,0
1482,53,80.3,4255.9,1
1483,62,80.52,4992.24,1
1484,56,83.58,4680.48,1
1485,2,40.0,80.0,0
1486,40,121.21,4848.4,1
1487,2,25.0,50.0,0
1488,9,81.82,736.38,0
1489,3,75.0,225.0,0
1490,2,100.0,200.0,0
1491,1,100.0,100.0,0
1492,62,96.88,6006.56,1
1493,77,120.31,9263.87,2
1494,63,123.53,7782.39,2
1495,67,124.07,8312.69,2
1496,9,112.5,1012.5,0
1497,19,190.0,3610.0,1
1498,6,40.0,240.0,0
1499,48,106.67,5120.16,1
1500,22,64.71,1423.62,0
1501,53,80.3,4255.9,1
1502,13,86.67,1126.71,0
1503,0,0.0,0.0,0
1504,22,75.86,1668.92,0
1505,5,29.41,147.05,0
1506,10,43.48,434.8,0
1507,7,87.5,612.5,0
1508,1,33.33,33.33,0
1509,1,50.0,50.0,0
1510,22,81.48,1792.56,0
1511,67,70.53,4725.51,1
1512,80,67.8,5424.0,1
1513,0,0.0,0.0,0
1514,2,33.33,66.66,0
1515,19,73.08,1388.52,0
1516,21,150.0,3150.0,1
1517,10,166.67,1666.7,0
1518,2,100.0,200.0,0
1519,2,25.0,50.0,0
1520,10,90.91,909.1,0
1521,69,100.0,6900.0,1
1522,48,71.64,3438.72,1
1523,57,95.0,5415.0,1
1524,7,70.0,490.0,0
1525,54,101.89,5502.06,1
1526,12,200.0,2400.0,0
1527,2,200.0,400.0,0
1528,5,125.0,625.0,0
1529,2,50.0,100.0,0
1530,5,100.0,500.0,0
1531,42,64.62,2714.04,1
1532,4,200.0,800.0,0
1533,102,78.46,8002.92,2
1534,2,50.0,100.0,0
1535,12,40.0,480.0,0
1536,11,55.0,605.0,0
1537,9,90.0,810.0,0
1538,3,42.86,128.58,0
1539,17,80.95,1376.15,0
1540,1,50.0,50.0,0
1541,76,87.36,6639.36,1
1542,0,0.0,0.0,0
1543,1,12.5,12.5,0
1544,5,35.71,178.55,0
1545,40,56.34,2253.6,0
1546,7,43.75,306.25,0
1547,6,42.86,257.16,0
1548,13,50.0,650.0,0
1549,24,61.54,1476.96,0
1550,18,85.71,1542.78,0
1551,1,50.0,50.0,0
1552,34,72.34,2459.56,0
1553,39,97.5,3802.5,1
1554,33,91.67,3025.11,1
1555,1,33.33,33.33,0
1556,15,60.0,900.0,0
1557,14,51.85,725.9,0
1558,13,76.47,994.11,0
1559,32,84.21,2694.72,1
1560,5,71.43,357.15,0
1561,0,0.0,0.0,0
1562,0,0.0,0.0,0
1563,78,104.0,8112.0,2
1564,21,77.78,1633.38,0
1565,41,107.89,4423.49,1
1566,12,150.0,1800.0,0
1567,3,30.0,90.0,0
1568,4,36.36,145.44,0
1569,28,62.22,1742.16,0
1570,4,66.67,266.68,0
1571,12,26.67,320.04,0
1572,18,72.0,1296.0,0
1573,31,52.54,1628.74,0
1574,45,112.5,5062.5,1
1575,16,123.08,1969.28,0
1576,0,0.0,0.0,0
1577,0,0.0,0.0,0
1578,58,96.67,5606.86,1
1579,7,100.0,700.0,0
1580,94,88.68,8335.92,2
1581,94,128.77,12104.38,2
1582,9,75.0,675.0,0
1583,26,136.84,3557.84,1
1584,6,85.71,514.26,0
1585,24,150.0,3600.0,1
1586,0,0.0,0.0,0
1587,14,107.69,1507.66,0
1588,16,100.0,1600.0,0
1589,57,79.17,4512.69,1
1590,57,58.16,3315.12,1
1591,16,64.0,1024.0,0
1592,1,25.0,25.0,0
1593,5,83.33,416.65,0
1594,62,65.96,4089.52,1
1595,22,40.0,880.0,0
1596,6,37.5,225.0,0
1597,28,52.83,1479.24,0
1598,10,111.11,1111.1,0
1599,17,106.25,1806.25,0
1600,8,50.0,400.0,0
1601,3,25.0,75.0,0
1602,2,20.0,40.0,0
1603,25,113.64,2841.0,1
1604,26,86.67,2253.42,0
1605,20,90.91,1818.2,0
1606,36,78.26,2817.36,1
1607,1,20.0,20.0,0
1608,18,75.0,1350.0,0
1609,14,100.0,1400.0,0
1610,26,74.29,1931.54,0
1611,12,60.0,720.0,0
1612,2,40.0,80.0,0
1613,0,0.0,0.0,0
1614,74,92.5,6845.0,1
1615,31,68.89,2135.59,0
1616,4,57.14,228.56,0
1617,4,28.57,114.28,0
1618,16,64.0,1024.0,0
1619,2,14.29,28.58,0
1620,18,69.23,1246.14,0
1621,0,0.0,0.0,0
1622,0,0.0,0.0,0
1623,5,71.43,357.15,0
1624,0,0.0,0.0,0
1625,58,123.4,7157.2,1
1626,119,132.22,15734.18,2
1627,29,85.29,2473.41,0
1628,58,113.73,6596.34,1
1629,5,35.71,178.55,0
1630,38,122.58,4658.04,1
1631,1,50.0,50.0,0
1632,1,33.33,33.33,0
1633,6,75.0,450.0,0
1634,1,14.29,14.29,0
1635,1,50.0,50.0,0
1636,39,205.26,8005.14,2
1637,7,63.64,445.48,0
1638,1,14.29,14.29,0
1639,10,111.11,1111.1,0
1640,11,57.89,636.79,0
1641,114,97.44,11108.16,2
1642,56,90.32,5057.92,1
1643,7,70.0,490.0,0
1644,7,38.89,272.23,0
1645,20,71.43,1428.6,0
1646,0,0.0,0.0,0
1647,19,65.52,1244.88,0
1648,4,23.53,94.12,0
1649,59,84.29,4973.11,1
1650,24,60.0,1440.0,0
1651,22,88.0,1936.0,0
1652,31,96.88,3003.28,1
1653,55,157.14,8642.7,2
1654,8,88.89,711.12,0
1655,3,42.86,128.58,0
1656,0,0.0,0.0,0
1657,9,81.82,736.38,0
1658,65,85.53,5559.45,1
1659,102,95.33,9723.66,2
1660,24,80.0,1920.0,0
1661,39,139.29,5432.31,1
1662,30,100.0,3000.0,1
1663,9,150.0,1350.0,0
1664,9,112.5,1012.5,0
1665,2,100.0,200.0,0
1666,0,0.0,0.0,0
1667,0,0.0,0.0,0
1668,34,89.47,3041.98,1
1669,35,100.0,3500.0,1
1670,54,71.05,3836.7,1
1671,21,60.0,1260.0,0
1672,12,75.0,900.0,0
1673,34,77.27,2627.18,1
1674,52,130.0,6760.0,1
1675,1,33.33,33.33,0
1676,15,136.36,2045.4,0
1677,1,100.0,100.0,0
1678,2,200.0,400.0,0
1679,41,124.24,5093.84,1
1680,57,82.61,4708.77,1
1681,11,110.0,1210.0,0
1682,12,57.14,685.68,0
1683,0,0.0,0.0,0
1684,44,66.67,2933.48,1
1685,4,30.77,123.08,0
1686,13,65.0,845.0,0
1687,0,0.0,0.0,0
1688,1,50.0,50.0,0
1689,5,41.67,208.35,0
1690,7,38.89,272.23,0
1691,76,105.56,8022.56,2
1692,89,95.7,8517.3,2
1693,47,106.82,5020.54,1
1694,52,115.56,6009.12,1
1695,34,161.9,5504.6,1
1696,73,84.88,6196.24,1
1697,13,65.0,845.0,0
1698,27,93.1,2513.7,1
1699,0,0.0,0.0,0
1700,39,72.22,2816.58,1
1701,1,16.67,16.67,0
1702,27,61.36,1656.72,0
1703,1,20.0,20.0,0
1704,26,76.47,1988.22,0
1705,9,64.29,578.61,0
1706,1,33.33,33.33,0
1707,10,76.92,769.2,0
1708,60,77.92,4675.2,1
1709,86,107.5,9245.0,2
1710,79,108.22,8549.38,2
1711,43,143.33,6163.19,1
1712,28,107.69,3015.32,1
1713,1,100.0,100.0,0
1714,35,64.81,2268.35,0
1715,8,114.29,914.32,0
1716,0,0.0,0.0,0
1717,75,87.21,6540.75,1
1718,28,80.0,2240.0,0
1719,102,87.93,8968.86,2
1720,116,104.5,12122.0,2
1721,28,112.0,3136.0,1
1722,44,137.5,6050.0,1
1723,116,98.31,11403.96,2
1724,87,86.14,7494.18,2
1725,42,105.0,4410.0,1
1726,22,110.0,2420.0,0
1727,1,33.33,33.33,0
1728,0,0.0,0.0,0
1729,19,111.76,2123.44,0
1730,3,37.5,112.5,0
1731,52,60.47,3144.44,1
1732,1,12.5,12.5,0
1733,6,66.67,400.02,0
1734,24,51.06,1225.44,0
1735,59,72.84,4297.56,1
1736,0,0.0,0.0,0
1737,5,100.0,500.0,0
1738,7,35.0,245.0,0
1739,19,61.29,1164.51,0
1740,64,86.49,5535.36,1
1741,35,79.55,2784.25,1
1742,36,97.3,3502.8,1
1743,13,56.52,734.76,0
1744,36,72.0,2592.0,1
1745,1,50.0,50.0,0
1746,2,40.0,80.0,0
1747,0,0.0,0.0,0
1748,5,62.5,312.5,0
1749,8,133.33,1066.64,0
1750,0,0.0,0.0,0
1751,31,129.17,4004.27,1
1752,19,51.35,975.65,0
1753,19,39.58,752.02,0
1754,9,128.57,1157.13,0
1755,20,48.78,975.6,0
1756,58,100.0,5800.0,1
1757,40,65.57,2622.8,1
1758,9,81.82,736.38,0
1759,6,85.71,514.26,0
1760,3,50.0,150.0,0
1761,13,86.67,1126.71,0
1762,36,50.7,1825.2,0
1763,1,10.0,10.0,0
1764,80,76.19,6095.2,1
1765,11,47.83,526.13,0
1766,14,63.64,890.96,0
1767,29,107.41,3114.89,1
1768,2,33.33,66.66,0
1769,6,60.0,360.0,0
1770,5,83.33,416.65,0
1771,1,20.0,20.0,0
1772,14,127.27,1781.78,0
1773,11,45.83,504.13,0
1774,1,14.29,14.29,0
1775,18,66.67,1200.06,0
1776,70,87.5,6125.0,1
1777,39,90.7,3537.3,1
1778,22,100.0,2200.0,0
1779,11,57.89,636.79,0
1780,3,16.67,50.01,0
1781,5,125.0,625.0,0
1782,0,0.0,0.0,0
1783,2,33.33,66.66,0
1784,48,141.18,6776.64,1
1785,4,80.0,320.0,0
1786,67,65.69,4401.23,1
1787,55,56.12,3086.6,1
1788,18,138.46,2492.28,0
1789,9,100.0,900.0,0
1790,4,44.44,177.76,0
1791,8,100.0,800.0,0
1792,7,63.64,445.48,0
1793,2,50.0,100.0,0
1794,19,146.15,2776.85,1
1795,18,47.37,852.66,0
1796,4,44.44,177.76,0
1797,53,71.62,3795.86,1
1798,2,25.0,50.0,0
1799,0,0.0,0.0,0
1800,21,72.41,1520.61,0
1801,50,69.44,3472.0,1
1802,25,53.19,1329.75,0
1803,7,77.78,544.46,0
1804,3,42.86,128.58,0
1805,112,77.78,8711.36,2
1806,10,41.67,416.7,0
1807,12,35.29,423.48,0
1808,2,50.0,100.0,0
1809,3,60.0,180.0,0
1810,7,140.0,980.0,0
1811,1,50.0,50.0,0
1812,22,40.0,880.0,0
1813,1,50.0,50.0,0
1814,3,50.0,150.0,0
1815,18,69.23,1246.14,0
1816,61,76.25,4651.25,1
1817,19,38.78,736.82,0
1818,18,60.0,1080.0,0
1819,28,62.22,1742.16,0
1820,2,50.0,100.0,0
1821,0,0.0,0.0,0
1822,38,102.7,3902.6,1
1823,1,50.0,50.0,0
1824,10,83.33,833.3,0
1825,0,0.0,0.0,0
1826,22,137.5,3025.0,1
1827,0,0.0,0.0,0
1828,16,66.67,1066.72,0
1829,62,65.96,4089.52,1
1830,0,0.0,0.0,0
1831,13,40.63,528.19,0
1832,5,38.46,192.3,0
1833,0,0.0,0.0,0
1834,18,48.65,875.7,0
1835,23,76.67,1763.41,0
1836,1,12.5,12.5,0
1837,8,88.89,711.12,0
1838,0,0.0,0.0,0
1839,0,0.0,0.0,0
1840,19,61.29,1164.51,0
1841,0,0.0,0.0,0
1842,6,46.15,276.9,0
1843,16,47.06,752.96,0
1844,25,86.21,2155.25,0
1845,2,20.0,40.0,0
1846,11,73.33,806.63,0
1847,7,63.64,445.48,0
1848,1,9.09,9.09,0
1849,49,106.52,5219.48,1
1850,0,0.0,0.0,0
1851,25,59.52,1488.0,0
1852,26,108.33,2816.58,1
1853,16,84.21,1347.36,0
1854,7,50.0,350.0,0
1855,21,60.0,1260.0,0
1856,111,84.09,9333.99,2
1857,22,110.0,2420.0,0
1858,34,113.33,3853.22,1
1859,5,166.67,833.35,0
1860,2,25.0,50.0,0
1861,11,64.71,711.81,0
1862,11,50.0,550.0,0
1863,13,108.33,1408.29,0
1864,95,115.85,11005.75,2
1865,42,73.68,3094.56,1
1866,17,60.71,1032.07,0
1867,8,200.0,1600.0,0
1868,17,33.33,566.61,0
1869,6,100.0,600.0,0
1870,7,58.33,408.31,0
1871,1,25.0,25.0,0
1872,1,50.0,50.0,0
1873,0,0.0,0.0,0
1874,80,96.39,7711.2,2
1875,11,64.71,711.81,0
1876,0,0.0,0.0,0
1877,42,65.63,2756.46,1
1878,34,103.03,3503.02,1
1879,4,44.44,177.76,0
1880,64,172.97,11070.08,2
1881,11,91.67,1008.37,0
1882,8,42.11,336.88,0
1883,5,55.56,277.8,0
1884,1,25.0,25.0,0
1885,1,33.33,33.33,0
1886,25,71.43,1785.75,0
1887,19,55.88,1061.72,0
1888,16,72.73,1163.68,0
1889,28,71.79,2010.12,0
1890,16,84.21,1347.36,0
1891,29,207.14,6007.06,1
1892,0,0.0,0.0,0
1893,14,82.35,1152.9,0
1894,1,16.67,16.67,0
1895,0,0.0,0.0,0
1896,49,85.96,4212.04,1
1897,17,50.0,850.0,0
1898,36,81.82,2945.52,1
1899,7,41.18,288.26,0
1900,38,53.52,2033.76,0
1901,9,42.86,385.74,0
1902,39,150.0,5850.0,1
1903,35,100.0,3500.0,1
1904,39,105.41,4110.99,1
1905,6,54.55,327.3,0
1906,56,56.57,3167.92,1
1907,28,311.11,8711.08,2
1908,42,73.68,3094.56,1
1909,45,60.81,2736.45,1
1910,2,20.0,40.0,0
1911,6,42.86,257.16,0
1912,17,106.25,1806.25,0
1913,7,116.67,816.69,0
1914,2,50.0,100.0,0
1915,1,50.0,50.0,0
1916,2,66.67,133.34,0
1917,10,58.82,588.2,0
1918,3,50.0,150.0,0
1919,81,112.5,9112.5,2
1920,5,62.5,312.5,0
1921,0,0.0,0.0,0
1922,49,163.33,8003.17,2
1923,11,36.67,403.37,0
1924,5,31.25,156.25,0
1925,5,38.46,192.3,0
1926,3,50.0,150.0,0
1927,9,112.5,1012.5,0
1928,69,88.46,6103.74,1
1929,0,0.0,0.0,0
1930,12,50.0,600.0,0
1931,79,71.17,5622.43,1
1932,18,66.67,1200.06,0
1933,19,95.0,1805.0,0
1934,9,75.0,675.0,0
1935,7,87.5,612.5,0
1936,11,100.0,1100.0,0
1937,19,111.76,2123.44,0
1938,10,100.0,1000.0,0
1939,27,158.82,4288.14,1
1940,31,91.18,2826.58,1
1941,16,114.29,1828.64,0
1942,32,76.19,2438.08,0
1943,84,127.27,10690.68,2
1944,37,88.1,3259.7,1
1945,12,80.0,960.0,0
1946,0,0.0,0.0,0
1947,7,53.85,376.95,0
1948,34,97.14,3302.76,1
1949,36,87.8,3160.8,1
1950,14,107.69,1507.66,0
1951,51,159.38,8128.38,2
1952,22,95.65,2104.3,0
1953,10,100.0,1000.0,0
1954,51,113.33,5779.83,1
1955,65,191.18,12426.7,2
1956,1,50.0,50.0,0
1957,43,66.15,2844.45,1
1958,19,105.56,2005.64,0
1959,8,114.29,914.32,0
1960,38,88.37,3358.06,1
1961,97,100.0,9700.0,2
1962,30,73.17,2195.1,0
1963,13,86.67,1126.71,0
1964,21,140.0,2940.0,1
1965,5,250.0,1250.0,0
1966,27,168.75,4556.25,1
1967,0,0.0,0.0,0
1968,11,45.83,504.13,0
1969,0,0.0,0.0,0
1970,16,47.06,752.96,0
1971,7,31.82,222.74,0
1972,6,66.67,400.02,0
1973,29,65.91,1911.39,0
1974,20,80.0,1600.0,0
1975,4,12.9,51.6,0
1976,3,100.0,300.0,0
1977,0,0.0,0.0,0
1978,36,56.25,2025.0,0
1979,23,60.53,1392.19,0
1980,17,100.0,1700.0,0
1981,22,56.41,1241.02,0
1982,14,50.0,700.0,0
1983,28,77.78,2177.84,0
1984,0,0.0,0.0,0
1985,2,20.0,40.0,0
1986,1,14.29,14.29,0
1987,2,40.0,80.0,0
1988,9,100.0,900.0,0
1989,0,0.0,0.0,0
1990,6,46.15,276.9,0
1991,30,81.08,2432.4,0
1992,8,53.33,426.64,0
1993,36,72.0,2592.0,1
1994,44,89.8,3951.2,1
1995,36,180.0,6480.0,1
1996,35,102.94,3602.9,1
1997,0,0.0,0.0,0
1998,34,80.95,2752.3,1
1999,0,0.0,0.0,0
2000,3,30.0,90.0,0
2001,21,210.0,4410.0,1
2002,7,175.0,1225.0,0
2003,2,100.0,200.0,0
2004,0,0.0,0.0,0
2005,52,74.29,3863.08,1
2006,1,14.29,14.29,0
2007,33,70.21,2316.93,0
2008,5,35.71,178.55,0
2009,17,60.71,1032.07,0
2010,66,100.0,6600.0,1
2011,44,107.32,4722.08,1
2012,32,123.08,3938.56,1
2013,4,400.0,1600.0,0
2014,95,97.94,9304.3,2
2015,54,112.5,6075.0,1
2016,80,109.59,8767.2,2
2017,56,169.7,9503.2,2
2018,18,163.64,2945.52,1
2019,11,91.67,1008.37,0
2020,19,126.67,2406.73,0
2021,18,163.64,2945.52,1
2022,76,152.0,11552.0,2
2023,43,69.35,2982.05,1
2024,102,118.6,12097.2,2
2025,18,90.0,1620.0,0
2026,10,55.56,555.6,0
2027,11,47.83,526.13,0
2028,4,80.0,320.0,0
2029,16,114.29,1828.64,0
2030,11,157.14,1728.54,0
2031,6,85.71,514.26,0
2032,6,200.0,1200.0,0
2033,9,90.0,810.0,0
2034,71,97.26,6905.46,1
2035,4,17.39,69.56,0
2036,20,66.67,1333.4,0
2037,3,25.0,75.0,0
2038,6,120.0,720.0,0
2039,140,189.19,26486.6,2
2040,0,0.0,0.0,0
2041,17,77.27,1313.59,0
2042,6,30.0,180.0,0
2043,3,60.0,180.0,0
2044,46,124.32,5718.72,1
2045,36,124.14,4469.04,1
2046,43,87.76,3773.68,1
2047,0,0.0,0.0,0
2048,2,28.57,57.14,0
2049,80,126.98,10158.4,2
2050,31,59.62,1848.22,0
2051,1,12.5,12.5,0
2052,0,0.0,0.0,0
2053,0,0.0,0.0,0
2054,0,0.0,0.0,0
2055,8,114.29,914.32,0
2056,9,81.82,736.38,0
2057,33,91.67,3025.11,1
2058,49,100.0,4900.0,1
2059,60,82.19,4931.4,1
2060,39,75.0,2925.0,1
2061,7,77.78,544.46,0
2062,0,0.0,0.0,0
2063,15,62.5,937.5,0
2064,3,30.0,90.0,0
2065,1,9.09,9.09,0
2066,6,60.0,360.0,0
2067,10,111.11,1111.1,0
2068,8,34.78,278.24,0
2069,31,68.89,2135.59,0
2070,24,77.42,1858.08,0
2071,15,57.69,865.35,0
2072,23,100.0,2300.0,0
2073,4,25.0,100.0,0
2074,0,0.0,0.0,0
2075,1,25.0,25.0,0
2076,2,33.33,66.66,0
2077,23,88.46,2034.58,0
2078,2,28.57,57.14,0
2079,25,56.82,1420.5,0
2080,41,132.26,5422.66,1
2081,12,85.71,1028.52,0
2082,8,61.54,492.32,0
2083,0,0.0,0.0,0
2084,29,107.41,3114.89,1
2085,4,66.67,266.68,0
2086,0,0.0,0.0,0
2087,21,50.0,1050.0,0
2088,0,0.0,0.0,0
2089,9,36.0,324.0,0
2090,22,47.83,1052.26,0
2091,12,70.59,847.08,0
2092,78,136.84,10673.52,2
2093,0,0.0,0.0,0
2094,0,0.0,0.0,0
2095,9,60.0,540.0,0
2096,2,25.0,50.0,0
2097,22,46.81,1029.82,0
2098,56,66.67,3733.52,1
2099,31,83.78,2597.18,1
2100,33,57.89,1910.37,0
2101,2,28.57,57.14,0
2102,12,100.0,1200.0,0
2103,32,110.34,3530.88,1
2104,3,75.0,225.0,0
2105,0,0.0,0.0,0
2106,74,94.87,7020.38,1
2107,77,87.5,6737.5,1
2108,66,117.86,7778.76,2
2109,0,0.0,0.0,0
2110,1,10.0,10.0,0
2111,44,110.0,4840.0,1
2112,7,70.0,490.0,0
2113,13,162.5,2112.5,0
2114,15,214.29,3214.35,1
2115,12,300.0,3600.0,1
2116,4,200.0,800.0,0
2117,52,61.9,3218.8,1
2118,29,120.83,3504.07,1
2119,0,0.0,0.0,0
2120,4,30.77,123.08,0
2121,0,0.0,0.0,0
2122,1,25.0,25.0,0
2123,27,117.39,3169.53,1
2124,0,0.0,0.0,0
2125,7,53.85,376.95,0
2126,1,50.0,50.0,0
2127,30,66.67,2000.1,0
2128,78,96.3,7511.4,2
2129,25,73.53,1838.25,0
2130,2,100.0,200.0,0
2131,0,0.0,0.0,0
2132,0,0.0,0.0,0
2133,2,50.0,100.0,0
2134,10,47.62,476.2,0
2135,15,115.38,1730.7,0
2136,4,28.57,114.28,0
2137,0,0.0,0.0,0
2138,97,89.81,8711.57,2
2139,52,144.44,7510.88,2
2140,16,61.54,984.64,0
2141,30,81.08,2432.4,0
2142,9,81.82,736.38,0
2143,3,75.0,225.0,0
2144,7,233.33,1633.31,0
2145,16,53.33,853.28,0
2146,8,100.0,800.0,0
2147,1,20.0,20.0,0
2148,0,0.0,0.0,0
2149,1,12.5,12.5,0
2150,2,33.33,66.66,0
2151,49,125.64,6156.36,1
2152,46,67.65,3111.9,1
2153,85,73.91,6282.35,1
2154,0,0.0,0.0,0
2155,29,61.7,1789.3,0
2156,2,33.33,66.66,0
2157,6,150.0,900.0,0
2158,1,20.0,20.0,0
2159,1,100.0,100.0,0
2160,0,0.0,0.0,0
2161,30,88.24,2647.2,1
2162,30,103.45,3103.5,1
2163,23,45.1,1037.3,0
2164,11,37.93,417.23,0
2165,24,58.54,1404.96,0
2166,18,39.13,704.34,0
2167,21,84.0,1764.0,0
2168,17,53.13,903.21,0
2169,5,71.43,357.15,0
2170,4,200.0,800.0,0
2171,32,66.67,2133.44,0
2172,64,125.49,8031.36,2
2173,104,100.97,10500.88,2
2174,39,95.12,3709.68,1
2175,26,130.0,3380.0,1
2176,45,136.36,6136.2,1
2177,3,50.0,150.0,0
2178,6,200.0,1200.0,0
2179,10,58.82,588.2,0
2180,18,128.57,2314.26,0
2181,20,95.24,1904.8,0
2182,3,23.08,69.24,0
2183,113,88.28,9975.64,2
2184,53,77.94,4130.82,1
2185,29,80.56,2336.24,0
2186,2,66.67,133.34,0
2187,1,100.0,100.0,0
2188,7,53.85,376.95,0
2189,36,97.3,3502.8,1
2190,111,112.12,12445.32,2
2191,43,87.76,3773.68,1
2192,48,92.31,4430.88,1
2193,25,83.33,2083.25,0
2194,2,66.67,133.34,0
2195,18,150.0,2700.0,1
2196,6,100.0,600.0,0
2197,0,0.0,0.0,0
2198,82,109.33,8965.06,2
2199,15,51.72,775.8,0
2200,30,88.24,2647.2,1
2201,41,55.41,2271.81,0
2202,52,91.23,4743.96,1
2203,6,42.86,257.16,0
2204,46,76.67,3526.82,1
2205,42,82.35,3458.7,1
2206,54,93.1,5027.4,1
2207,87,96.67,8410.29,2
2208,30,214.29,6428.7,1
2209,13,185.71,2414.23,0
2210,12,240.0,2880.0,1
2211,0,0.0,0.0,0
2212,0,0.0,0.0,0
2213,14,73.68,1031.52,0
2214,6,42.86,257.16,0
2215,0,0.0,0.0,0
2216,1,7.14,7.14,0
2217,0,0.0,0.0,0
2218,96,88.07,8454.72,2
2219,68,85.0,5780.0,1
2220,30,130.43,3912.9,1
2221,1,25.0,25.0,0
2222,1,12.5,12.5,0
2223,0,0.0,0.0,0
2224,133,99.25,13200.25,2
2225,4,66.67,266.68,0
2226,36,67.92,2445.12,0
2227,13,52.0,676.0,0
2228,36,92.31,3323.16,1
2229,3,50.0,150.0,0
2230,43,179.17,7704.31,2
2231,10,83.33,833.3,0
2232,0,0.0,0.0,0
2233,1,50.0,50.0,0
