player_consistency,player_form,temp,wind,rain,humidity,cloud,pressure,viscosity,inning,bowling_session,toss,venue,opposition,season,performance
413.386,17.9419,26,9,0,39,4,1009,3,2,0,1,31.5971,31.7433,1,1
29.6395,20.1244,26,9,0,39,4,1009,3,2,0,1,19.6409,20.1245,1,2
264.519,9.7462,26,9,0,39,4,1009,3,2,0,1,28.0079,18.1202,1,2
288.64,36.1368,26,9,0,39,4,1009,3,2,0,1,58.5641,44.1083,1,2
105.123,30.9399,26,9,0,39,4,1009,3,2,0,1,30.2562,16.1213,1,1
0.0,18.8501,26,9,0,39,4,1009,3,2,0,1,19.1685,10.7817,1,1
0.0,10.0911,26,9,0,39,4,1009,3,2,0,1,10.2164,10.7817,1,1
29.6395,20.1244,28,9,0,36,0,1010,3,2,0,1,19.6409,20.5927,1,2
288.64,36.1368,28,9,0,36,0,1010,3,2,0,1,58.5641,45.2125,1,2
31.9636,25.6873,28,9,0,36,0,1010,3,2,0,1,25.5441,21.458,1,2
105.123,30.9399,28,9,0,36,0,1010,3,2,0,1,30.2562,53.84,1,1
0.0,18.8501,28,9,0,36,0,1010,3,2,0,1,19.1685,18.8668,1,2
0.0,8.4375,28,9,0,36,0,1010,3,2,0,1,8.8007,5.0307,1,2
441.988,19.0567,28,9,0,36,0,1010,3,2,0,1,48.9939,85.9906,1,1
413.386,17.9419,30,7,0,30,0,1013,3,2,0,1,31.5971,31.7433,1,1
31.9636,25.6873,30,7,0,30,0,1013,3,2,0,1,25.5441,23.4307,1,2
105.123,30.9399,30,7,0,30,0,1013,3,2,0,1,30.2562,16.1213,1,1
441.988,19.0567,30,7,0,30,0,1013,3,2,0,1,48.9939,51.752,1,1
0.0,20.1396,30,7,0,30,0,1013,3,2,0,1,20.4327,21.5387,1,2
0.0,8.4375,30,7,0,30,0,1013,3,2,0,1,8.8007,4.2857,1,0
29.6395,20.1244,24,3,0,57,0,1012,3,1,1,1,19.6409,20.5927,1,0
288.64,36.1368,24,3,0,57,0,1012,3,1,1,1,58.5641,45.2125,1,0
31.9636,25.6873,24,3,0,57,0,1012,3,1,1,1,25.5441,21.458,1,2
105.123,30.9399,24,3,0,57,0,1012,3,1,1,1,30.2562,53.84,1,1
441.988,19.0567,24,3,0,57,0,1012,3,1,1,1,48.9939,85.9906,1,2
413.386,17.9419,26,5,0,33,17,1014,3,2,0,1,31.5971,72.3546,1,1
29.6395,20.1244,26,5,0,33,17,1014,3,2,0,1,19.6409,20.5927,1,1
31.9636,25.6873,26,5,0,33,17,1014,3,2,0,1,25.5441,21.458,1,1
105.123,30.9399,26,5,0,33,17,1014,3,2,0,1,30.2562,53.84,1,2
441.988,19.0567,26,5,0,33,17,1014,3,2,0,1,48.9939,85.9906,1,2
264.519,9.7462,26,5,0,33,17,1014,3,2,0,1,28.0079,51.7822,1,1
413.386,47.8475,13,18,3,91,69,1023,3,1,0,0,24.2838,72.3546,2,1
58.5243,23.8935,13,18,3,91,69,1023,3,1,0,0,17.7668,22.1115,2,2
183.552,29.6321,13,18,3,91,69,1023,3,1,0,0,15.2018,27.6534,2,2
105.123,36.8008,13,18,3,91,69,1023,3,1,0,0,11.2107,53.84,2,2
441.988,17.9622,13,18,3,91,69,1023,3,1,0,0,18.8779,85.9906,2,2
413.386,47.8475,12,18,0,85,70,1026,2,2,0,1,24.2838,29.9097,2,1
58.5243,23.8935,12,18,0,85,70,1026,2,2,0,1,17.7668,16.4044,2,2
183.552,29.6321,12,18,0,85,70,1026,2,2,0,1,15.2018,12.7384,2,1
441.988,17.9622,12,18,0,85,70,1026,2,2,0,1,18.8779,17.7583,2,0
105.123,36.8008,12,18,0,85,70,1026,2,2,0,1,11.2107,21.1845,2,1
122.804,21.1663,12,18,0,85,70,1026,2,2,0,1,4.5233,17.01,2,1
413.386,47.8475,20,5,0,47,7,1023,3,2,0,1,20.4915,72.3546,2,2
31.9636,15.2651,20,5,0,47,7,1023,3,2,0,1,15.1481,21.458,2,2
441.988,17.9622,20,5,0,47,7,1023,3,2,0,1,16.9057,85.9906,2,0
183.552,29.6321,20,5,0,47,7,1023,3,2,0,1,24.4245,27.6534,2,2
122.804,21.1663,20,5,0,47,7,1023,3,2,0,1,27.8866,34.7477,2,2
105.123,36.8008,20,5,0,47,7,1023,3,2,0,1,31.6447,53.84,2,1
264.519,19.259,20,5,0,47,7,1023,3,2,0,1,14.8218,51.7822,2,1
31.9636,15.2651,20,12,0,40,4,1020,3,1,0,0,15.1481,22.1714,2,2
58.5243,23.8935,20,12,0,40,4,1020,3,1,0,0,15.9834,16.4044,2,1
441.988,17.9622,20,12,0,40,4,1020,3,1,0,0,16.9057,17.7583,2,0
105.123,36.8008,20,12,0,40,4,1020,3,1,0,0,31.6447,21.1845,2,1
122.804,21.1663,20,12,0,40,4,1020,3,1,0,0,27.8866,17.01,2,2
264.519,19.259,20,12,0,40,4,1020,3,1,0,0,14.8218,9.65158,2,1
0.0,4.1588,20,12,0,40,4,1020,3,1,0,0,4.1979,4.4447,2,1
413.386,47.8475,23,3,0,46,9,1020,3,2,0,1,20.4915,29.9097,2,1
58.5243,23.8935,23,3,0,46,9,1020,3,2,0,1,15.9834,16.4044,2,1
183.552,29.6321,23,3,0,46,9,1020,3,2,0,1,24.4245,12.7384,2,1
354.802,30.6851,23,3,0,46,9,1020,3,2,0,1,7.8393,11.8636,2,1
105.123,36.8008,23,3,0,46,9,1020,3,2,0,1,31.6447,21.1845,2,2
122.804,21.1663,23,3,0,46,9,1020,3,2,0,1,27.8866,17.01,2,1
264.519,19.259,23,3,0,46,9,1020,3,2,0,1,14.8218,9.65158,2,2
413.386,47.8475,24,3,6,99,34,1011,2,1,1,1,37.0663,57.8118,2,1
594.115,29.2376,24,3,6,99,34,1011,2,1,1,1,43.6984,92.8711,2,1
354.802,30.6851,24,3,6,99,34,1011,2,1,1,1,35.1855,73.4666,2,1
75.058,17.4762,24,3,6,99,34,1011,2,1,1,1,17.2465,33.9319,2,2
68.7865,26.2859,24,3,6,99,34,1011,2,1,1,1,26.1973,26.3519,2,2
413.386,47.8475,24,3,8,99,57,1010,1,1,1,1,37.0663,31.7433,2,2
594.115,29.2376,24,3,8,99,57,1010,1,1,1,1,43.6984,34.5052,2,1
264.519,19.259,24,3,8,99,57,1010,1,1,1,1,26.4389,18.1202,2,1
68.7865,26.2859,24,3,8,99,57,1010,1,1,1,1,26.1973,10.282,2,1
29.6395,18.7807,24,3,8,99,57,1010,1,1,1,1,18.8491,20.1245,2,1
29.6395,18.7807,27,5,4,91,51,1009,2,2,0,1,18.8491,20.5927,2,2
75.058,17.4762,27,5,4,91,51,1009,2,2,0,1,17.2465,22.5661,2,1
354.802,30.6851,27,5,4,91,51,1009,2,2,0,1,35.1855,82.1064,2,2
235.698,12.9094,27,5,4,91,51,1009,2,2,0,1,13.8605,44.2538,2,1
105.123,36.8008,27,5,4,91,51,1009,2,2,0,1,23.9232,53.84,2,2
0.0,12.5547,27,5,4,91,51,1009,2,2,0,1,12.6297,18.8668,2,2
413.386,47.8475,27,5,10,95,60,1008,1,2,0,0,37.0663,72.3546,2,2
594.115,29.2376,27,5,10,95,60,1008,1,2,0,0,43.6984,93.0253,2,2
75.058,17.4762,27,5,10,95,60,1008,1,2,0,0,17.2465,22.5661,2,2
354.802,30.6851,27,5,10,95,60,1008,1,2,0,0,35.1855,82.1064,2,2
68.7865,26.2859,27,5,10,95,60,1008,1,2,0,0,26.1973,37.9249,2,1
0.0,12.5547,27,5,10,95,60,1008,1,2,0,0,12.6297,18.8668,2,2
264.519,19.259,27,5,10,95,60,1008,1,2,0,0,26.4389,51.7822,2,2
594.115,29.2376,27,8,1,74,29,1010,3,2,0,0,43.6984,51.0771,2,1
413.386,47.8475,27,8,1,74,29,1010,3,2,0,0,37.0663,58.0883,2,1
354.802,30.6851,27,8,1,74,29,1010,3,2,0,0,35.1855,37.8722,2,1
183.552,29.6321,27,8,1,74,29,1010,3,2,0,0,20.1545,20.6891,2,1
235.698,12.9094,27,8,1,74,29,1010,3,2,0,0,13.8605,46.0288,2,1
594.115,29.2376,24,4,3,95,47,1010,2,1,1,1,43.6984,93.0253,2,2
413.386,47.8475,24,4,3,95,47,1010,2,1,1,1,37.0663,72.3546,2,2
354.802,30.6851,24,4,3,95,47,1010,2,1,1,1,35.1855,82.1064,2,1
58.5243,23.8935,24,4,3,95,47,1010,2,1,1,1,9.39425,22.1115,2,1
105.123,36.8008,24,4,3,95,47,1010,2,1,1,1,23.9232,53.84,2,2
594.115,29.2376,28,3,11,89,66,1010,1,2,0,0,43.6984,93.0253,2,1
413.386,47.8475,28,3,11,89,66,1010,1,2,0,0,37.0663,72.3546,2,1
354.802,30.6851,28,3,11,89,66,1010,1,2,0,0,35.1855,82.1064,2,1
441.988,17.9622,28,3,11,89,66,1010,1,2,0,0,29.0246,85.9906,2,1
594.115,29.2376,23,6,3,95,45,1008,2,1,1,1,43.6984,93.0253,2,2
413.386,47.8475,23,6,3,95,45,1008,2,1,1,1,37.0663,72.3546,2,2
354.802,30.6851,23,6,3,95,45,1008,2,1,1,1,35.1855,82.1064,2,2
441.988,17.9622,23,6,3,95,45,1008,2,1,1,1,29.0246,85.9906,2,1
105.123,36.8008,23,6,3,95,45,1008,2,1,1,1,23.9232,53.84,2,1
594.115,40.9675,13,13,0,56,44,1022,3,2,0,0,20.5008,79.1412,3,1
413.386,44.2963,13,13,0,56,44,1022,3,2,0,0,22.9209,70.4721,3,2
441.988,28.4425,13,13,0,56,44,1022,3,2,0,0,13.18,47.0055,3,1
68.7865,47.5443,13,13,0,56,44,1022,3,2,0,0,17.9165,19.8315,3,1
105.123,25.8278,13,13,0,56,44,1022,3,2,0,0,17.7774,19.8435,3,1
264.519,28.3481,13,13,0,56,44,1022,3,2,0,0,20.9627,64.7436,3,1
594.115,40.9675,15,15,0,77,47,1023,3,1,1,1,25.0992,79.1412,3,1
413.386,44.2963,15,15,0,77,47,1023,3,1,1,1,18.5488,70.4721,3,2
441.988,28.4425,15,15,0,77,47,1023,3,1,1,1,20.7557,47.0055,3,1
68.7865,47.5443,15,15,0,77,47,1023,3,1,1,1,8.333,19.8315,3,1
105.123,25.8278,15,15,0,77,47,1023,3,1,1,1,9.93265,19.8435,3,2
594.115,40.9675,20,15,0,89,67,1019,3,1,0,1,19.2237,79.1412,3,2
58.5243,14.3043,20,15,0,89,67,1019,3,1,0,1,10.368,10.9412,3,2
441.988,28.4425,20,15,0,89,67,1019,3,1,0,1,11.8309,47.0055,3,1
122.804,2.9477,20,15,0,89,67,1019,3,1,0,1,3.0727,63.9574,3,0
105.123,25.8278,20,15,0,89,67,1019,3,1,0,1,4.6152,19.8435,3,2
594.115,40.9675,32,9,0,60,19,1011,3,0,0,0,12.1425,31.587,3,1
413.386,44.2963,32,9,0,60,19,1011,3,0,0,0,15.7275,29.248,3,1
354.802,35.0584,32,9,0,60,19,1011,3,0,0,0,36.9335,24.5498,3,2
68.7865,47.5443,32,9,0,60,19,1011,3,0,0,0,23.4508,24.7404,3,1
183.552,30.9946,32,9,0,60,19,1011,3,0,0,0,14.8618,28.062,3,2
0.0,7.1065,32,9,0,60,19,1011,3,0,0,0,7.2706,7.7049,3,2
264.519,28.3481,32,9,0,60,19,1011,3,0,0,0,27.5518,31.9053,3,0
594.115,40.9675,26,22,0,80,97,1011,0,2,0,1,12.1425,31.587,3,1
413.386,44.2963,26,22,0,80,97,1011,0,2,0,1,15.7275,29.248,3,1
354.802,35.0584,26,22,0,80,97,1011,0,2,0,1,36.9335,24.5498,3,2
68.7865,47.5443,26,22,0,80,97,1011,0,2,0,1,23.4508,24.7404,3,1
264.519,28.3481,26,22,0,80,97,1011,0,2,0,1,27.5518,31.9053,3,1
235.698,33.0319,26,22,0,80,97,1011,0,2,0,1,22.8069,24.6159,3,1
58.5243,14.3043,27,19,1,78,39,1007,3,1,0,0,11.934,12.5899,3,1
441.988,28.4425,27,19,1,78,39,1007,3,1,0,0,10.2339,8.4144,3,1
354.802,35.0584,27,19,1,78,39,1007,3,1,0,0,36.9335,24.5498,3,2
183.552,30.9946,27,19,1,78,39,1007,3,1,0,0,14.8618,28.062,3,1
0.0,7.1065,27,19,1,78,39,1007,3,1,0,0,7.2706,7.7049,3,2
264.519,28.3481,27,19,1,78,39,1007,3,1,0,0,27.5518,31.9053,3,0
235.698,33.0319,27,19,1,78,39,1007,3,1,0,0,22.8069,24.6159,3,2
413.386,44.2963,25,10,0,89,24,1013,3,1,1,1,31.8562,5.32483,3,1
441.988,28.4425,25,10,0,89,24,1013,3,1,1,1,26.1782,6.4198,3,1
183.552,30.9946,25,10,0,89,24,1013,3,1,1,1,27.5644,14.5285,3,1
68.7865,47.5443,25,10,0,89,24,1013,3,1,1,1,10.5946,11.1796,3,1
264.519,28.3481,25,10,0,89,24,1013,3,1,1,1,100.306,9.7562,3,1
0.0,3.6748,25,10,0,89,24,1013,3,1,1,1,3.6415,3.8587,3,1
413.386,44.2963,29,9,0,59,20,1008,3,2,0,0,33.4576,57.8118,3,2
441.988,28.4425,29,9,0,59,20,1008,3,2,0,0,46.4186,80.4983,3,2
354.802,35.0584,29,9,0,59,20,1008,3,2,0,0,61.955,73.4666,3,2
68.7865,47.5443,29,9,0,59,20,1008,3,2,0,0,22.6664,26.3519,3,1
235.698,33.0319,29,9,0,59,20,1008,3,2,0,0,38.5057,28.766,3,1
264.519,28.3481,29,9,0,59,20,1008,3,2,0,0,46.1399,50.4942,3,0
594.115,40.9675,29,21,5,65,33,1008,2,2,0,0,60.7292,5.2575,3,1
413.386,44.2963,29,21,5,65,33,1008,2,2,0,0,33.4576,16.2522,3,1
354.802,35.0584,29,21,5,65,33,1008,2,2,0,0,61.955,13.5902,3,1
183.552,30.9946,29,21,5,65,33,1008,2,2,0,0,41.3512,16.9847,3,1
68.7865,47.5443,29,21,5,65,33,1008,2,2,0,0,22.6664,15.6537,3,1
0.0,6.0959,29,21,5,65,33,1008,2,2,0,0,6.1577,6.5082,3,1
594.115,40.9675,19,1,0,92,0,1011,3,1,1,0,49.9731,37.2646,3,2
413.386,44.2963,19,1,0,92,0,1011,3,1,1,0,39.4009,29.9097,3,1
441.988,28.4425,19,1,0,92,0,1011,3,1,1,0,39.2752,17.7583,3,2
68.7865,47.5443,19,1,0,92,0,1011,3,1,1,0,7.87577,8.31673,3,1
354.802,35.0584,19,1,0,92,0,1011,3,1,1,0,45.6636,11.8636,3,2
264.519,28.3481,19,1,0,92,0,1011,3,1,1,0,30.7008,9.65158,3,1
594.115,40.9675,31,6,0,68,0,1007,3,1,1,1,13.6319,51.0771,3,0
413.386,44.2963,31,6,0,68,0,1007,3,1,1,1,33.6207,58.0883,3,1
354.802,35.0584,31,6,0,68,0,1007,3,1,1,1,7.1314,37.8722,3,2
183.552,30.9946,31,6,0,68,0,1007,3,1,1,1,7.0631,20.6891,3,1
264.519,28.3481,31,6,0,68,0,1007,3,1,1,1,13.4823,48.7779,3,1
68.7865,47.5443,31,6,0,68,0,1007,3,1,1,1,12.0174,11.4693,3,1
594.115,40.9675,29,15,0,72,10,1009,3,2,0,0,60.7292,60.216,3,1
264.519,28.3481,29,15,0,72,10,1009,3,2,0,0,46.1399,49.0315,3,1
354.802,35.0584,29,15,0,72,10,1009,3,2,0,0,61.955,47.8568,3,1
235.698,33.0319,29,15,0,72,10,1009,3,2,0,0,38.5057,34.7272,3,2
183.552,30.9946,29,15,0,72,10,1009,3,2,0,0,41.3512,34.1266,3,1
68.7865,47.5443,29,15,0,72,10,1009,3,2,0,0,22.6664,12.3516,3,2
594.115,40.9675,30,16,1,68,14,1008,3,2,0,0,60.7292,51.0771,3,2
235.698,33.0319,30,16,1,68,14,1008,3,2,0,0,38.5057,46.0288,3,1
354.802,35.0584,30,16,1,68,14,1008,3,2,0,0,61.955,37.8722,3,2
183.552,30.9946,30,16,1,68,14,1008,3,2,0,0,41.3512,20.6891,3,1
68.7865,47.5443,30,16,1,68,14,1008,3,2,0,0,22.6664,11.4693,3,1
264.519,28.3481,30,16,1,68,14,1008,3,2,0,0,46.1399,48.7779,3,1
594.115,40.9675,27,6,1,86,14,1011,3,1,1,1,13.6319,93.0253,3,1
413.386,44.2963,27,6,1,86,14,1011,3,1,1,1,33.6207,72.3546,3,0
441.988,28.4425,27,6,1,86,14,1011,3,1,1,1,20.5594,85.9906,3,2
105.123,25.8278,27,6,1,86,14,1011,3,1,1,1,18.8902,53.84,3,2
264.519,28.3481,27,6,1,86,14,1011,3,1,1,1,13.4823,51.7822,3,2
68.7865,47.5443,27,6,1,86,14,1011,3,1,1,1,12.0174,37.9249,3,2
594.115,35.7155,22,14,0,82,97,1014,3,2,0,1,35.5419,60.216,4,2
413.386,58.151,22,14,0,82,97,1014,3,2,0,1,21.1885,50.6218,4,2
288.64,20.5463,22,14,0,82,97,1014,3,2,0,1,29.426,42.5391,4,2
0.0,14.5692,22,14,0,82,97,1014,3,2,0,1,15.0973,15.9217,4,0
105.123,23.2553,22,14,0,82,97,1014,3,2,0,1,10.6213,25.6538,4,0
122.804,35.6363,22,14,0,82,97,1014,3,2,0,1,5.5889,45.6241,4,0
264.519,78.6259,17,10,0,66,41,1026,3,1,0,0,9.9258,49.0315,4,2
413.386,58.151,17,10,0,66,41,1026,3,1,0,0,18.3338,50.6218,4,1
594.115,35.7155,17,10,0,66,41,1026,3,1,0,0,18.2745,60.216,4,2
288.64,20.5463,17,10,0,66,41,1026,3,1,0,0,7.51257,42.5391,4,1
105.123,23.2553,17,10,0,66,41,1026,3,1,0,0,8.29307,25.6538,4,1
122.804,35.6363,17,10,0,66,41,1026,3,1,0,0,11.9857,45.6241,4,1
354.802,26.4832,17,10,0,66,41,1026,3,1,0,0,4.8934,47.8568,4,2
354.802,26.4832,21,6,1,63,67,1018,3,2,0,0,16.5132,47.8568,4,1
594.115,35.7155,21,6,1,63,67,1018,3,2,0,0,13.9479,60.216,4,2
413.386,58.151,21,6,1,63,67,1018,3,2,0,0,45.4557,50.6218,4,1
288.64,20.5463,21,6,1,63,67,1018,3,2,0,0,13.1164,42.5391,4,2
122.804,35.6363,21,6,1,63,67,1018,3,2,0,0,11.5863,45.6241,4,1
105.123,23.2553,21,6,1,63,67,1018,3,2,0,0,16.0958,25.6538,4,1
0.0,2.8267,21,6,1,63,67,1018,3,2,0,0,2.9336,3.1137,4,0
413.386,58.151,15,12,0,78,84,1002,3,1,1,0,10.6656,50.6218,4,0
594.115,35.7155,15,12,0,78,84,1002,3,1,1,0,11.1901,60.216,4,2
288.64,20.5463,15,12,0,78,84,1002,3,1,1,0,16.1432,42.5391,4,2
354.802,26.4832,15,12,0,78,84,1002,3,1,1,0,11.2902,47.8568,4,2
105.123,23.2553,15,12,0,78,84,1002,3,1,1,0,11.7465,25.6538,4,2
264.519,78.6259,15,12,0,78,84,1002,3,1,1,0,7.4096,49.0315,4,2
122.804,35.6363,15,12,0,78,84,1002,3,1,1,0,5.8671,45.6241,4,0
264.519,78.6259,18,20,0,66,7,1009,3,2,0,0,21.1282,49.0315,4,2
413.386,58.151,18,20,0,66,7,1009,3,2,0,0,25.0355,50.6218,4,2
594.115,35.7155,18,20,0,66,7,1009,3,2,0,0,28.9551,60.216,4,2
68.0699,8.78762,18,20,0,66,7,1009,3,2,0,0,7.2022,23.5731,4,1
105.123,23.2553,18,20,0,66,7,1009,3,2,0,0,6.76514,25.6538,4,1
122.804,35.6363,18,20,0,66,7,1009,3,2,0,0,13.289,45.6241,4,2
594.115,35.7155,17,9,0,75,22,1022,3,1,0,0,6.25726,10.9877,4,1
68.0699,8.78762,17,9,0,75,22,1022,3,1,0,0,5.74953,6.07797,4,1
441.988,11.4232,17,9,0,75,22,1022,3,1,0,0,16.2307,20.2643,4,1
183.552,28.4086,17,9,0,75,22,1022,3,1,0,0,14.8439,15.6537,4,1
122.804,35.6363,17,9,0,75,22,1022,3,1,0,0,3.9197,4.1517,4,1
413.386,58.151,24,11,0,81,18,1009,3,1,1,1,39.4009,70.4721,4,1
288.64,20.5463,24,11,0,81,18,1009,3,1,1,1,23.2574,29.9514,4,0
183.552,28.4086,24,11,0,81,18,1009,3,1,1,1,23.071,34.103,4,2
105.123,23.2553,24,11,0,81,18,1009,3,1,1,1,10.3014,19.8435,4,2
122.804,35.6363,24,11,0,81,18,1009,3,1,1,1,45.7865,63.9574,4,1
264.519,78.6259,24,11,0,81,18,1009,3,1,1,1,30.7008,64.7436,4,1
594.115,35.7155,27,24,0,82,47,1010,3,1,1,1,48.2943,79.1412,4,2
413.386,58.151,27,24,0,82,47,1010,3,1,1,1,31.8562,70.4721,4,2
354.802,26.4832,27,24,0,82,47,1010,3,1,1,1,34.152,48.0335,4,2
235.698,19.2908,27,24,0,82,47,1010,3,1,1,1,38.5658,46.3844,4,2
183.552,28.4086,27,24,0,82,47,1010,3,1,1,1,27.5644,34.103,4,1
122.804,35.6363,27,24,0,82,47,1010,3,1,1,1,9.70423,63.9574,4,1
264.519,78.6259,27,24,0,82,47,1010,3,1,1,1,100.306,64.7436,4,2
594.115,35.7155,26,25,0,84,44,1010,3,1,1,0,48.2943,79.1412,4,1
413.386,58.151,26,25,0,84,44,1010,3,1,1,0,31.8562,70.4721,4,2
62.9346,15.4091,26,25,0,84,44,1010,3,1,1,0,8.8894,20.4351,4,2
264.519,78.6259,26,25,0,84,44,1010,3,1,1,0,100.306,64.7436,4,1
122.804,35.6363,26,25,0,84,44,1010,3,1,1,0,9.70423,63.9574,4,2
183.552,28.4086,26,25,0,84,44,1010,3,1,1,0,27.5644,34.103,4,1
594.115,35.7155,27,11,2,82,27,1009,3,1,1,1,60.7292,79.1412,4,1
183.552,28.4086,27,11,2,82,27,1009,3,1,1,1,41.3512,34.103,4,2
264.519,78.6259,27,11,2,82,27,1009,3,1,1,1,46.1399,64.7436,4,0
413.386,58.151,27,11,2,82,27,1009,3,1,1,1,33.4576,70.4721,4,2
62.9346,15.4091,27,11,2,82,27,1009,3,1,1,1,20.2162,20.4351,4,1
160.701,12.3917,27,11,2,82,27,1009,3,1,1,1,17.8201,27.2504,4,1
594.115,35.7155,28,18,5,72,50,1008,2,2,0,1,60.7292,79.1412,4,1
62.9346,15.4091,28,18,5,72,50,1008,2,2,0,1,20.2162,20.4351,4,2
160.701,12.3917,28,18,5,72,50,1008,2,2,0,1,17.8201,27.2504,4,1
354.802,26.4832,28,18,5,72,50,1008,2,2,0,1,61.955,48.0335,4,1
122.804,35.6363,28,18,5,72,50,1008,2,2,0,1,38.9943,63.9574,4,2
183.552,28.4086,28,18,5,72,50,1008,2,2,0,1,41.3512,34.103,4,1
594.115,83.905,26,15,0,48,0,1016,3,1,1,1,22.7031,92.8711,5,2
288.64,19.4549,26,15,0,48,0,1016,3,1,1,1,16.3982,52.63,5,1
58.5243,32.5853,26,15,0,48,0,1016,3,1,1,1,32.3012,27.5632,5,2
160.701,40.8356,26,15,0,48,0,1016,3,1,1,1,29.5789,59.0551,5,2
0.0,29.7087,26,15,0,48,0,1016,3,1,1,1,6.8532,7.2407,5,2
594.115,83.905,26,13,0,59,0,1015,3,1,1,1,22.7031,92.8711,5,1
441.988,42.6328,26,13,0,59,0,1015,3,1,1,1,26.7226,80.4983,5,1
58.5243,32.5853,26,13,0,59,0,1015,3,1,1,1,32.3012,27.5632,5,2
160.701,40.8356,26,13,0,59,0,1015,3,1,1,1,29.5789,59.0551,5,1
264.519,71.8341,26,13,0,59,0,1015,3,1,1,1,23.7837,50.4942,5,1
122.804,19.8411,26,13,0,59,0,1015,3,1,1,1,25.4652,22.9061,5,2
594.115,83.905,28,12,0,58,0,1013,3,2,0,0,22.7031,92.8711,5,2
441.988,42.6328,28,12,0,58,0,1013,3,2,0,0,26.7226,80.4983,5,1
58.5243,32.5853,28,12,0,58,0,1013,3,2,0,0,32.3012,27.5632,5,2
264.519,71.8341,28,12,0,58,0,1013,3,2,0,0,23.7837,50.4942,5,1
160.701,40.8356,28,12,0,58,0,1013,3,2,0,0,29.5789,59.0551,5,1
122.804,19.8411,28,12,0,58,0,1013,3,2,0,0,25.4652,22.9061,5,2
594.115,83.905,30,11,0,46,0,1013,3,2,0,0,36.7668,92.8711,5,1
441.988,42.6328,30,11,0,46,0,1013,3,2,0,0,25.0018,80.4983,5,1
58.5243,32.5853,30,11,0,46,0,1013,3,2,0,0,8.17383,27.5632,5,1
122.804,19.8411,30,11,0,46,0,1013,3,2,0,0,10.7337,22.9061,5,1
160.701,40.8356,30,11,0,46,0,1013,3,2,0,0,31.6084,59.0551,5,2
264.519,71.8341,30,11,0,46,0,1013,3,2,0,0,7.827,50.4942,5,1
594.115,83.905,25,26,3,72,22,1015,2,1,1,1,23.0156,92.8711,5,1
441.988,42.6328,25,26,3,72,22,1015,2,1,1,1,16.8818,80.4983,5,2
160.701,40.8356,25,26,3,72,22,1015,2,1,1,1,18.1823,59.0551,5,2
58.5243,32.5853,25,26,3,72,22,1015,2,1,1,1,11.5048,27.5632,5,1
354.802,41.4965,25,26,3,72,22,1015,2,1,1,1,17.295,73.4666,5,1
122.804,19.8411,25,26,3,72,22,1015,2,1,1,1,6.6305,22.9061,5,1
264.519,71.8341,25,26,3,72,22,1015,2,1,1,1,17.5694,50.4942,5,2
594.115,83.905,26,14,0,40,0,1009,3,2,0,0,7.09898,68.7139,5,1
413.386,77.9972,26,14,0,40,0,1009,3,2,0,0,21.2673,81.6954,5,2
58.5243,32.5853,26,14,0,40,0,1009,3,2,0,0,21.9504,23.1377,5,2
354.802,41.4965,26,14,0,40,0,1009,3,2,0,0,10.4946,107.059,5,2
0.0,29.7087,26,14,0,40,0,1009,3,2,0,0,13.7063,24.9576,5,2
264.519,71.8341,26,14,0,40,0,1009,3,2,0,0,5.4498,49.1856,5,0
183.552,18.4434,26,14,0,40,0,1009,3,2,0,0,19.0169,27.5543,5,2
594.115,83.905,23,19,0,79,56,1019,3,1,0,0,19.5981,68.7139,5,1
413.386,77.9972,23,19,0,79,56,1019,3,1,0,0,18.0432,81.6954,5,2
354.802,41.4965,23,19,0,79,56,1019,3,1,0,0,4.8934,107.059,5,2
68.0699,24.2602,23,19,0,79,56,1019,3,1,0,0,9.10117,15.3019,5,1
264.519,71.8341,23,19,0,79,56,1019,3,1,0,0,18.5615,49.1856,5,2
0.0,29.7087,23,19,0,79,56,1019,3,1,0,0,2.5163,24.9576,5,2
235.698,57.4822,23,19,0,79,56,1019,3,1,0,0,18.4729,38.8407,5,2
594.115,83.905,25,8,0,35,5,1010,3,1,1,1,5.9323,68.7139,5,1
413.386,77.9972,25,8,0,35,5,1010,3,1,1,1,13.0108,81.6954,5,2
68.0699,24.2602,25,8,0,35,5,1010,3,1,1,1,12.5811,15.3019,5,0
235.698,57.4822,25,8,0,35,5,1010,3,1,1,1,12.0371,38.8407,5,1
264.519,71.8341,25,8,0,35,5,1010,3,1,1,1,10.3555,49.1856,5,1
0.0,29.7087,25,8,0,35,5,1010,3,1,1,1,7.4096,24.9576,5,2
354.802,41.4965,25,8,0,35,5,1010,3,1,1,1,8.813,107.059,5,2
594.115,83.905,30,15,0,38,40,1006,3,2,0,0,22.241,68.7139,5,2
413.386,77.9972,30,15,0,38,40,1006,3,2,0,0,17.0695,81.6954,5,2
186.993,34.3457,30,15,0,38,40,1006,3,2,0,0,21.6846,37.4321,5,2
441.988,42.6328,30,15,0,38,40,1006,3,2,0,0,6.0534,43.6514,5,0
354.802,41.4965,30,15,0,38,40,1006,3,2,0,0,2.5163,107.059,5,2
264.519,71.8341,30,15,0,38,40,1006,3,2,0,0,19.8515,49.1856,5,0
235.698,57.4822,30,15,0,38,40,1006,3,2,0,0,11.0815,38.8407,5,1
413.386,77.9972,26,5,0,57,12,1009,3,2,0,1,20.7109,81.6954,5,2
594.115,83.905,26,5,0,57,12,1009,3,2,0,1,23.1186,68.7139,5,0
354.802,41.4965,26,5,0,57,12,1009,3,2,0,1,6.7141,107.059,5,2
441.988,42.6328,26,5,0,57,12,1009,3,2,0,1,26.5532,43.6514,5,0
186.993,34.3457,26,5,0,57,12,1009,3,2,0,1,19.8639,37.4321,5,2
264.519,71.8341,26,5,0,57,12,1009,3,2,0,1,4.7543,49.1856,5,2
235.698,57.4822,26,5,0,57,12,1009,3,2,0,1,18.8902,38.8407,5,2
594.115,83.905,25,21,0,47,7,1012,3,1,0,1,17.7652,93.0253,5,2
413.386,77.9972,25,21,0,47,7,1012,3,1,0,1,21.2588,72.3546,5,2
68.0699,24.2602,25,21,0,47,7,1012,3,1,0,1,18.1085,35.8642,5,1
354.802,41.4965,25,21,0,47,7,1012,3,1,0,1,13.6957,82.1064,5,1
441.988,42.6328,25,21,0,47,7,1012,3,1,0,1,12.442,85.9906,5,2
264.519,71.8341,25,21,0,47,7,1012,3,1,0,1,12.8718,51.7822,5,2
594.115,83.905,38,12,0,18,6,1010,3,2,0,1,17.7652,79.1412,5,1
413.386,77.9972,38,12,0,18,6,1010,3,2,0,1,21.2588,70.4721,5,1
354.802,41.4965,38,12,0,18,6,1010,3,2,0,1,13.6957,48.0335,5,1
68.0699,24.2602,38,12,0,18,6,1010,3,2,0,1,18.1085,14.3413,5,2
186.993,34.3457,38,12,0,18,6,1010,3,2,0,1,11.934,28.8981,5,1
264.519,71.8341,38,12,0,18,6,1010,3,2,0,1,12.8718,64.7436,5,1
594.115,83.905,26,10,0,42,30,1012,3,1,1,1,21.6269,93.0253,5,2
413.386,77.9972,26,10,0,42,30,1012,3,1,1,1,28.8994,72.3546,5,1
354.802,41.4965,26,10,0,42,30,1012,3,1,1,1,17.4491,82.1064,5,2
441.988,42.6328,26,10,0,42,30,1012,3,1,1,1,13.9021,85.9906,5,1
235.698,57.4822,26,10,0,42,30,1012,3,1,1,1,26.7935,44.2538,5,1
186.993,34.3457,26,10,0,42,30,1012,3,1,1,1,12.8717,23.7444,5,2
594.115,83.905,26,16,0,59,28,1015,3,2,0,0,25.0992,79.1412,5,1
413.386,77.9972,26,16,0,59,28,1015,3,2,0,0,18.5488,70.4721,5,1
75.058,42.1242,26,16,0,59,28,1015,3,2,0,0,8.351,29.184,5,1
354.802,41.4965,26,16,0,59,28,1015,3,2,0,0,28.1287,48.0335,5,2
441.988,42.6328,26,16,0,59,28,1015,3,2,0,0,20.7557,47.0055,5,1
235.698,57.4822,26,16,0,59,28,1015,3,2,0,0,12.8636,46.3844,5,1
594.115,83.905,25,1,3,89,17,1008,2,1,0,1,19.2237,93.0253,5,2
413.386,77.9972,25,1,3,89,17,1008,2,1,0,1,15.1195,72.3546,5,1
75.058,42.1242,25,1,3,89,17,1008,2,1,0,1,24.8238,22.5661,5,2
354.802,41.4965,25,1,3,89,17,1008,2,1,0,1,14.844,82.1064,5,1
441.988,42.6328,25,1,3,89,17,1008,2,1,0,1,11.8309,85.9906,5,1
235.698,57.4822,25,1,3,89,17,1008,2,1,0,1,30.0803,44.2538,5,2
594.115,83.905,22,8,0,58,0,1018,3,2,0,0,26.6562,79.1412,5,2
413.386,77.9972,22,8,0,58,0,1018,3,2,0,0,25.1461,70.4721,5,2
75.058,42.1242,22,8,0,58,0,1018,3,2,0,0,15.8829,29.184,5,1
235.698,57.4822,22,8,0,58,0,1018,3,2,0,0,46.884,46.3844,5,2
354.802,41.4965,22,8,0,58,0,1018,3,2,0,0,27.8505,48.0335,5,2
441.988,42.6328,22,8,0,58,0,1018,3,2,0,0,33.6773,47.0055,5,0
594.115,83.905,12,14,0,75,19,1019,3,1,1,0,26.6562,93.0253,5,0
413.386,77.9972,12,14,0,75,19,1019,3,1,1,0,25.1461,72.3546,5,0
75.058,42.1242,12,14,0,75,19,1019,3,1,1,0,15.8829,22.5661,5,2
441.988,42.6328,12,14,0,75,19,1019,3,1,1,0,33.6773,85.9906,5,0
354.802,41.4965,12,14,0,75,19,1019,3,1,1,0,27.8505,82.1064,5,2
235.698,57.4822,12,14,0,75,19,1019,3,1,1,0,46.884,44.2538,5,2
594.115,83.905,15,10,1,89,100,1015,3,1,1,1,20.5008,79.1412,5,1
413.386,77.9972,15,10,1,89,100,1015,3,1,1,1,22.9209,70.4721,5,1
354.802,41.4965,15,10,1,89,100,1015,3,1,1,1,22.157,48.0335,5,1
186.993,34.3457,15,10,1,89,100,1015,3,1,1,1,21.2673,28.8981,5,2
441.988,42.6328,15,10,1,89,100,1015,3,1,1,1,13.18,47.0055,5,0
0.0,9.36418,15,10,1,89,100,1015,3,1,1,1,9.6033,10.1364,5,2
235.698,57.4822,15,10,1,89,100,1015,3,1,1,1,40.5872,46.3844,5,1
264.519,71.8341,15,10,1,89,100,1015,3,1,1,1,20.9627,64.7436,5,0
594.115,83.905,25,15,1,84,57,1013,3,2,0,0,19.2237,79.1412,5,0
413.386,77.9972,25,15,1,84,57,1013,3,2,0,0,15.1195,70.4721,5,2
75.058,42.1242,25,15,1,84,57,1013,3,2,0,0,24.8238,29.184,5,2
264.519,71.8341,25,15,1,84,57,1013,3,2,0,0,17.7774,64.7436,5,1
68.0699,24.2602,25,15,1,84,57,1013,3,2,0,0,9.79355,14.3413,5,2
235.698,57.4822,25,15,1,84,57,1013,3,2,0,0,30.0803,46.3844,5,2
264.519,71.8341,21,21,0,64,9,1024,3,2,0,0,23.2421,64.7436,5,1
413.386,77.9972,21,21,0,64,9,1024,3,2,0,0,28.8994,70.4721,5,2
594.115,83.905,21,21,0,64,9,1024,3,2,0,0,21.6269,79.1412,5,1
75.058,42.1242,21,21,0,64,9,1024,3,2,0,0,19.0833,29.184,5,2
235.698,57.4822,21,21,0,64,9,1024,3,2,0,0,26.7935,46.3844,5,2
264.519,71.8341,23,14,0,45,0,1016,3,2,0,1,23.2421,64.7436,5,1
413.386,77.9972,23,14,0,45,0,1016,3,2,0,1,28.8994,70.4721,5,1
594.115,83.905,23,14,0,45,0,1016,3,2,0,1,21.6269,79.1412,5,2
75.058,42.1242,23,14,0,45,0,1016,3,2,0,1,19.0833,29.184,5,1
235.698,57.4822,23,14,0,45,0,1016,3,2,0,1,26.7935,46.3844,5,1
413.386,77.9972,35,6,0,25,5,1010,3,2,0,1,31.5971,72.3546,5,2
288.64,19.4549,35,6,0,25,5,1010,3,2,0,1,58.5641,45.2125,5,2
264.519,71.8341,35,6,0,25,5,1010,3,2,0,1,28.0079,51.7822,5,2
160.701,40.8356,35,6,0,25,5,1010,3,2,0,1,37.2559,52.8276,5,2
75.058,42.1242,35,6,0,25,5,1010,3,2,0,1,22.0641,22.5661,5,2
0.0,2.5847,35,6,0,25,5,1010,3,2,0,1,2.6554,2.8207,5,2
594.115,83.905,28,9,0,38,3,1009,3,1,1,1,26.4922,92.8711,5,2
413.386,77.9972,28,9,0,38,3,1009,3,1,1,1,31.5971,57.8118,5,1
288.64,19.4549,28,9,0,38,3,1009,3,1,1,1,58.5641,52.63,5,1
160.701,40.8356,28,9,0,38,3,1009,3,1,1,1,37.2559,59.0551,5,2
75.058,42.1242,28,9,0,38,3,1009,3,1,1,1,22.0641,33.9319,5,1
264.519,71.8341,28,9,0,38,3,1009,3,1,1,1,28.0079,50.4942,5,2
594.115,83.905,30,9,0,55,24,1006,3,1,1,0,26.4922,34.5052,5,1
413.386,77.9972,30,9,0,55,24,1006,3,1,1,0,31.5971,31.7433,5,1
288.64,19.4549,30,9,0,55,24,1006,3,1,1,0,58.5641,44.1083,5,2
186.993,34.3457,30,9,0,55,24,1006,3,1,1,0,30.7949,32.0391,5,1
75.058,42.1242,30,9,0,55,24,1006,3,1,1,0,22.0641,15.9217,5,0
264.519,71.8341,30,9,0,55,24,1006,3,1,1,0,28.0079,18.1202,5,2
594.115,38.7467,23,15,0,84,38,1008,3,1,1,1,49.9731,92.8711,6,1
413.386,25.0729,23,15,0,84,38,1008,3,1,1,1,39.4009,57.8118,6,1
354.802,46.1085,23,15,0,84,38,1008,3,1,1,1,45.6636,73.4666,6,1
441.988,35.122,23,15,0,84,38,1008,3,1,1,1,39.2752,80.4983,6,2
235.698,43.105,23,15,0,84,38,1008,3,1,1,1,39.9552,28.766,6,1
413.386,25.0729,23,15,0,87,30,1008,3,1,1,1,39.4009,57.8118,6,1
594.115,38.7467,23,15,0,87,30,1008,3,1,1,1,49.9731,92.8711,6,1
354.802,46.1085,23,15,0,87,30,1008,3,1,1,1,45.6636,73.4666,6,2
441.988,35.122,23,15,0,87,30,1008,3,1,1,1,39.2752,80.4983,6,1
235.698,43.105,23,15,0,87,30,1008,3,1,1,1,39.9552,28.766,6,1
594.115,38.7467,28,23,2,74,47,1007,3,0,0,0,60.7292,92.8711,6,1
413.386,25.0729,28,23,2,74,47,1007,3,0,0,0,33.4576,57.8118,6,1
354.802,46.1085,28,23,2,74,47,1007,3,0,0,0,61.955,73.4666,6,1
594.115,38.7467,27,15,0,81,60,1010,3,1,1,1,60.7292,92.8711,6,1
413.386,25.0729,27,15,0,81,60,1010,3,1,1,1,33.4576,57.8118,6,1
354.802,46.1085,27,15,0,81,60,1010,3,1,1,1,61.955,73.4666,6,1
0.0,20.7446,27,15,0,81,60,1010,3,1,1,1,21.1282,22.2712,6,2
441.988,35.122,27,15,0,81,60,1010,3,1,1,1,46.4186,80.4983,6,1
594.115,38.7467,28,21,0,72,45,1010,3,2,0,0,60.7292,92.8711,6,2
413.386,25.0729,28,21,0,72,45,1010,3,2,0,0,33.4576,57.8118,6,2
354.802,46.1085,28,21,0,72,45,1010,3,2,0,0,61.955,73.4666,6,1
264.519,26.804,28,21,0,72,45,1010,3,2,0,0,46.1399,50.4942,6,1
441.988,35.122,28,21,0,72,45,1010,3,2,0,0,46.4186,80.4983,6,2
122.804,22.4706,28,21,0,72,45,1010,3,2,0,0,38.9943,22.9061,6,1
413.386,25.0729,27,26,0,78,5,1010,3,2,0,0,31.8562,72.3546,6,1
594.115,38.7467,27,26,0,78,5,1010,3,2,0,0,48.2943,93.0253,6,0
354.802,46.1085,27,26,0,78,5,1010,3,2,0,0,34.152,82.1064,6,2
441.988,35.122,27,26,0,78,5,1010,3,2,0,0,26.1782,85.9906,6,2
264.519,26.804,27,26,0,78,5,1010,3,2,0,0,100.306,51.7822,6,2
235.698,43.105,27,26,0,78,5,1010,3,2,0,0,38.5658,44.2538,6,2
594.115,38.7467,27,27,0,79,20,1008,3,2,0,0,48.2943,93.0253,6,1
62.0616,28.1704,27,27,0,79,20,1008,3,2,0,0,14.5409,52.3503,6,2
441.988,35.122,27,27,0,79,20,1008,3,2,0,0,26.1782,85.9906,6,1
354.802,46.1085,27,27,0,79,20,1008,3,2,0,0,34.152,82.1064,6,1
235.698,43.105,27,27,0,79,20,1008,3,2,0,0,38.5658,44.2538,6,1
594.115,38.7467,27,12,0,83,68,1009,3,1,1,1,60.7292,93.0253,6,2
441.988,35.122,27,12,0,83,68,1009,3,1,1,1,46.4186,85.9906,6,2
62.0616,28.1704,27,12,0,83,68,1009,3,1,1,1,21.1532,52.3503,6,2
354.802,46.1085,27,12,0,83,68,1009,3,1,1,1,61.955,82.1064,6,2
235.698,43.105,27,12,0,83,68,1009,3,1,1,1,38.5057,44.2538,6,1
264.519,26.804,27,12,0,83,68,1009,3,1,1,1,46.1399,51.7822,6,2
122.804,22.4706,27,12,0,83,68,1009,3,1,1,1,38.9943,34.7477,6,2
594.115,38.7467,27,12,0,83,35,1011,3,1,1,1,60.7292,93.0253,6,2
441.988,35.122,27,12,0,83,35,1011,3,1,1,1,46.4186,85.9906,6,0
354.802,46.1085,27,12,0,83,35,1011,3,1,1,1,61.955,82.1064,6,1
158.92,17.8489,27,12,0,83,35,1011,3,1,1,1,24.9134,36.2933,6,2
235.698,43.105,27,12,0,83,35,1011,3,1,1,1,38.5057,44.2538,6,2
122.804,22.4706,27,12,0,83,35,1011,3,1,1,1,38.9943,34.7477,6,2
264.519,26.804,27,12,0,83,35,1011,3,1,1,1,46.1399,51.7822,6,0
594.115,38.7467,27,19,1,62,7,1007,3,2,0,0,49.9731,93.0253,6,2
441.988,35.122,27,19,1,62,7,1007,3,2,0,0,39.2752,85.9906,6,2
354.802,46.1085,27,19,1,62,7,1007,3,2,0,0,45.6636,82.1064,6,2
158.92,17.8489,27,19,1,62,7,1007,3,2,0,0,20.0571,36.2933,6,2
186.993,20.8656,27,19,1,62,7,1007,3,2,0,0,21.7778,23.7444,6,2
122.804,22.4706,27,19,1,62,7,1007,3,2,0,0,45.7865,34.7477,6,2
594.115,39.0109,25,4,4,82,32,1008,2,2,0,0,49.9731,51.0771,7,1
413.386,39.2776,25,4,4,82,32,1008,2,2,0,0,39.4009,58.0883,7,2
354.802,37.936,25,4,4,82,32,1008,2,2,0,0,45.6636,37.8722,7,2
441.988,36.8797,25,4,4,82,32,1008,2,2,0,0,39.2752,58.6169,7,2
235.698,29.448,25,4,4,82,32,1008,2,2,0,0,39.9552,46.0288,7,1
122.804,15.9945,25,4,4,82,32,1008,2,2,0,0,45.7865,26.3442,7,2
594.115,39.0109,24,0,22,91,55,1008,1,2,0,1,49.9731,51.0771,7,2
413.386,39.2776,24,0,22,91,55,1008,1,2,0,1,39.4009,58.0883,7,2
354.802,37.936,24,0,22,91,55,1008,1,2,0,1,45.6636,37.8722,7,1
441.988,36.8797,24,0,22,91,55,1008,1,2,0,1,39.2752,58.6169,7,2
122.804,15.9945,24,0,22,91,55,1008,1,2,0,1,45.7865,26.3442,7,2
264.519,33.1011,24,0,22,91,55,1008,1,2,0,1,30.7008,48.7779,7,2
235.698,29.448,24,0,22,91,55,1008,1,2,0,1,39.9552,46.0288,7,2
594.115,39.0109,27,6,4,79,37,1012,2,2,0,1,48.2943,51.0771,7,2
413.386,39.2776,27,6,4,79,37,1012,2,2,0,1,31.8562,58.0883,7,1
354.802,37.936,27,6,4,79,37,1012,2,2,0,1,34.152,37.8722,7,1
441.988,36.8797,27,6,4,79,37,1012,2,2,0,1,26.1782,58.6169,7,1
235.698,29.448,27,6,4,79,37,1012,2,2,0,1,38.5658,46.0288,7,1
122.804,15.9945,27,6,4,79,37,1012,2,2,0,1,9.70423,26.3442,7,1
413.386,39.2776,32,16,0,24,2,1001,3,2,0,0,22.9209,70.4721,7,2
594.115,39.0109,32,16,0,24,2,1001,3,2,0,0,20.5008,79.1412,7,2
354.802,37.936,32,16,0,24,2,1001,3,2,0,0,22.157,48.0335,7,2
183.552,22.6724,32,16,0,24,2,1001,3,2,0,0,22.9365,34.103,7,2
264.519,33.1011,32,16,0,24,2,1001,3,2,0,0,20.9627,64.7436,7,1
441.988,36.8797,32,16,0,24,2,1001,3,2,0,0,13.18,47.0055,7,2
122.804,15.9945,32,16,0,24,2,1001,3,2,0,0,10.4822,63.9574,7,0
413.386,39.2776,19,11,2,60,5,1017,3,2,0,1,28.8994,70.4721,7,1
354.802,37.936,19,11,2,60,5,1017,3,2,0,1,17.4491,48.0335,7,1
441.988,36.8797,19,11,2,60,5,1017,3,2,0,1,13.9021,47.0055,7,1
594.115,39.0109,19,11,2,60,5,1017,3,2,0,1,21.6269,79.1412,7,1
183.552,22.6724,19,11,2,60,5,1017,3,2,0,1,16.9747,34.103,7,2
122.804,15.9945,19,11,2,60,5,1017,3,2,0,1,4.0588,63.9574,7,1
354.802,37.936,28,24,0,62,11,1007,3,2,0,0,14.844,48.0335,7,1
413.386,39.2776,28,24,0,62,11,1007,3,2,0,0,15.1195,70.4721,7,1
594.115,39.0109,28,24,0,62,11,1007,3,2,0,0,19.2237,79.1412,7,1
441.988,36.8797,28,24,0,62,11,1007,3,2,0,0,11.8309,47.0055,7,2
62.9346,5.61153,28,24,0,62,11,1007,3,2,0,0,5.6899,20.4351,7,1
354.802,37.936,23,8,1,82,91,1015,3,2,0,0,28.1287,48.0335,7,2
413.386,39.2776,23,8,1,82,91,1015,3,2,0,0,18.5488,70.4721,7,1
594.115,39.0109,23,8,1,82,91,1015,3,2,0,0,25.0992,79.1412,7,1
441.988,36.8797,23,8,1,82,91,1015,3,2,0,0,20.7557,47.0055,7,2
235.698,29.448,23,8,1,82,91,1015,3,2,0,0,12.8636,46.3844,7,1
264.519,33.1011,16,15,0,63,64,1021,3,2,0,1,13.3611,64.7436,7,1
413.386,39.2776,16,15,0,63,64,1021,3,2,0,1,25.1461,70.4721,7,2
354.802,37.936,16,15,0,63,64,1021,3,2,0,1,27.8505,48.0335,7,2
594.115,39.0109,16,15,0,63,64,1021,3,2,0,1,26.6562,79.1412,7,2
235.698,29.448,16,15,0,63,64,1021,3,2,0,1,46.884,46.3844,7,1
441.988,36.8797,16,15,0,63,64,1021,3,2,0,1,33.6773,47.0055,7,2
594.115,39.0109,28,1,1,79,12,1010,3,2,0,1,48.2943,34.5052,7,1
413.386,39.2776,28,1,1,79,12,1010,3,2,0,1,31.8562,31.7433,7,2
441.988,36.8797,28,1,1,79,12,1010,3,2,0,1,26.1782,51.752,7,2
354.802,37.936,28,1,1,79,12,1010,3,2,0,1,34.152,23.0954,7,1
186.993,14.71,28,1,1,79,12,1010,3,2,0,1,19.4233,32.0391,7,1
264.519,33.1011,28,1,1,79,12,1010,3,2,0,1,100.306,18.1202,7,1
413.386,39.2776,25,3,1,89,75,1011,3,1,1,1,39.4009,31.7433,7,2
594.115,39.0109,25,3,1,89,75,1011,3,1,1,1,49.9731,34.5052,7,1
354.802,37.936,25,3,1,89,75,1011,3,1,1,1,45.6636,23.0954,7,0
186.993,14.71,25,3,1,89,75,1011,3,1,1,1,21.7778,32.0391,7,1
441.988,36.8797,25,3,1,89,75,1011,3,1,1,1,39.2752,51.752,7,0
594.115,45.7818,17,13,0,61,0,1015,3,1,0,1,22.6639,51.0771,8,1
62.9346,31.1573,17,13,0,61,0,1015,3,1,0,1,10.2289,17.3457,8,2
235.698,42.0144,17,13,0,61,0,1015,3,1,0,1,27.1592,46.0288,8,1
264.519,30.6016,17,13,0,61,0,1015,3,1,0,1,11.0696,48.7779,8,1
441.988,22.0551,17,13,0,61,0,1015,3,1,0,1,29.0691,58.6169,8,1
413.386,30.6181,16,25,0,77,100,1010,3,2,0,1,21.1885,50.6218,8,1
594.115,45.7818,16,25,0,77,100,1010,3,2,0,1,35.5419,60.216,8,2
62.9346,31.1573,16,25,0,77,100,1010,3,2,0,1,18.1626,15.1537,8,0
354.802,36.0352,16,25,0,77,100,1010,3,2,0,1,22.789,47.8568,8,2
235.698,42.0144,16,25,0,77,100,1010,3,2,0,1,15.3694,34.7272,8,1
264.519,30.6016,16,25,0,77,100,1010,3,2,0,1,16.6461,49.0315,8,2
62.9346,31.1573,17,18,0,65,31,1013,3,1,0,0,18.1626,20.4351,8,2
413.386,30.6181,17,18,0,65,31,1013,3,1,0,0,21.1885,70.4721,8,1
594.115,45.7818,17,18,0,65,31,1013,3,1,0,0,35.5419,79.1412,8,2
235.698,42.0144,17,18,0,65,31,1013,3,1,0,0,15.3694,46.3844,8,1
354.802,36.0352,17,18,0,65,31,1013,3,1,0,0,22.789,48.0335,8,2
264.519,30.6016,17,18,0,65,31,1013,3,1,0,0,16.6461,64.7436,8,1
413.386,30.6181,18,10,1,89,76,1010,3,1,0,0,20.5718,72.3546,8,2
594.115,45.7818,18,10,1,89,76,1010,3,1,0,0,22.6639,93.0253,8,2
441.988,22.0551,18,10,1,89,76,1010,3,1,0,0,29.0691,85.9906,8,1
354.802,36.0352,18,10,1,89,76,1010,3,1,0,0,7.2829,82.1064,8,1
235.698,42.0144,18,10,1,89,76,1010,3,1,0,0,27.1592,44.2538,8,1
122.804,18.208,18,10,1,89,76,1010,3,1,0,0,11.829,34.7477,8,0
594.115,45.7818,28,15,4,80,49,1011,2,1,0,0,18.3502,31.587,8,2
413.386,30.6181,28,15,4,80,49,1011,2,1,0,0,20.3366,29.248,8,2
183.552,19.6623,28,15,4,80,49,1011,2,1,0,0,21.6846,28.062,8,2
354.802,36.0352,28,15,4,80,49,1011,2,1,0,0,25.8949,24.5498,8,2
235.698,42.0144,28,15,4,80,49,1011,2,1,0,0,12.3652,24.6159,8,2
122.804,18.208,28,15,4,80,49,1011,2,1,0,0,3.8249,8.49665,8,1
413.386,30.6181,29,20,0,71,38,1014,3,1,0,0,20.3366,72.3546,8,1
354.802,36.0352,29,20,0,71,38,1014,3,1,0,0,25.8949,82.1064,8,1
186.993,22.0079,29,20,0,71,38,1014,3,1,0,0,12.0036,23.7444,8,1
235.698,42.0144,29,20,0,71,38,1014,3,1,0,0,12.3652,44.2538,8,1
594.115,45.7818,29,20,0,71,38,1014,3,1,0,0,18.3502,93.0253,8,1
413.386,30.6181,28,12,2,76,24,1011,3,1,0,0,3.964,29.248,8,2
62.9346,31.1573,28,12,2,76,24,1011,3,1,0,0,16.6136,8.19843,8,2
0.0,8.27518,28,12,2,76,24,1011,3,1,0,0,8.3514,8.81795,8,1
354.802,36.0352,28,12,2,76,24,1011,3,1,0,0,13.6683,24.5498,8,1
186.993,22.0079,28,12,2,76,24,1011,3,1,0,0,18.612,43.8346,8,2
594.115,45.7818,28,12,2,76,24,1011,3,1,0,0,19.8451,31.587,8,2
122.804,18.208,28,12,2,76,24,1011,3,1,0,0,6.436,8.49665,8,1
62.9346,31.1573,29,9,0,70,18,1015,3,2,0,1,16.6136,33.9958,8,2
0.0,16.7494,29,9,0,70,18,1015,3,2,0,1,17.0695,17.9977,8,2
354.802,36.0352,29,9,0,70,18,1015,3,2,0,1,13.6683,82.1064,8,1
594.115,45.7818,29,9,0,70,18,1015,3,2,0,1,19.8451,93.0253,8,1
235.698,42.0144,29,9,0,70,18,1015,3,2,0,1,9.52853,44.2538,8,2
122.804,18.208,29,9,0,70,18,1015,3,2,0,1,6.436,34.7477,8,1
62.9346,31.1573,29,16,0,70,7,1012,3,1,0,0,16.6136,33.9958,8,1
288.64,11.8667,29,16,0,70,7,1012,3,1,0,0,18.9026,45.2125,8,1
354.802,36.0352,29,16,0,70,7,1012,3,1,0,0,13.6683,82.1064,8,1
594.115,45.7818,29,16,0,70,7,1012,3,1,0,0,19.8451,93.0253,8,2
235.698,42.0144,29,16,0,70,7,1012,3,1,0,0,9.52853,44.2538,8,1
594.115,45.7818,26,10,1,88,46,1009,3,1,1,0,60.7292,68.7139,8,2
62.9346,31.1573,26,10,1,88,46,1009,3,1,1,0,20.2162,20.9649,8,2
441.988,22.0551,26,10,1,88,46,1009,3,1,1,0,46.4186,43.6514,8,1
235.698,42.0144,26,10,1,88,46,1009,3,1,1,0,38.5057,38.8407,8,1
264.519,30.6016,26,10,1,88,46,1009,3,1,1,0,46.1399,49.1856,8,1
0.0,7.2275,26,10,1,88,46,1009,3,1,1,0,7.4097,7.8514,8,2
594.115,45.7818,26,14,1,83,33,1009,3,1,1,1,60.7292,68.7139,8,2
62.9346,31.1573,26,14,1,83,33,1009,3,1,1,1,20.2162,20.9649,8,2
441.988,22.0551,26,14,1,83,33,1009,3,1,1,1,46.4186,43.6514,8,2
235.698,42.0144,26,14,1,83,33,1009,3,1,1,1,38.5057,38.8407,8,1
264.519,30.6016,26,14,1,83,33,1009,3,1,1,1,46.1399,49.1856,8,1
0.0,7.2275,26,14,1,83,33,1009,3,1,1,1,7.4097,7.8514,8,2
594.115,45.7818,27,18,0,56,28,1007,3,2,0,0,49.9731,68.7139,8,2
354.802,36.0352,27,18,0,56,28,1007,3,2,0,0,45.6636,107.059,8,1
264.519,30.6016,27,18,0,56,28,1007,3,2,0,0,30.7008,49.1856,8,1
441.988,22.0551,27,18,0,56,28,1007,3,2,0,0,39.2752,43.6514,8,2
183.552,19.6623,27,18,0,56,28,1007,3,2,0,0,23.071,27.5543,8,1
235.698,42.0144,27,18,0,56,28,1007,3,2,0,0,39.9552,38.8407,8,1
594.115,45.7818,27,12,1,64,12,1008,3,2,0,0,49.9731,68.7139,8,2
354.802,36.0352,27,12,1,64,12,1008,3,2,0,0,45.6636,107.059,8,2
183.552,19.6623,27,12,1,64,12,1008,3,2,0,0,23.071,27.5543,8,1
441.988,22.0551,27,12,1,64,12,1008,3,2,0,0,39.2752,43.6514,8,2
235.698,42.0144,27,12,1,64,12,1008,3,2,0,0,39.9552,38.8407,8,1
264.519,30.6016,27,12,1,64,12,1008,3,2,0,0,30.7008,49.1856,8,1
288.64,11.8667,26,13,1,87,33,1009,3,1,1,1,19.2161,41.0215,8,1
354.802,36.0352,26,13,1,87,33,1009,3,1,1,1,61.955,107.059,8,0
186.993,22.0079,26,13,1,87,33,1009,3,1,1,1,23.4576,37.4321,8,1
264.519,30.6016,26,13,1,87,33,1009,3,1,1,1,46.1399,49.1856,8,1
441.988,22.0551,26,13,1,87,33,1009,3,1,1,1,46.4186,43.6514,8,1
183.552,19.6623,26,13,1,87,33,1009,3,1,1,1,41.3512,27.5543,8,1
594.115,49.0152,26,6,3,84,34,1010,2,1,1,0,48.2943,51.0771,9,1
413.386,26.2437,26,6,3,84,34,1010,2,1,1,0,31.8562,58.0883,9,1
594.115,49.0152,27,7,10,79,35,1009,1,1,1,1,48.2943,51.0771,9,0
413.386,26.2437,27,7,10,79,35,1009,1,1,1,1,31.8562,58.0883,9,2
354.802,44.8738,27,7,10,79,35,1009,1,1,1,1,34.152,37.8722,9,2
186.993,59.7871,27,7,10,79,35,1009,1,1,1,1,19.4233,33.4343,9,0
264.519,38.7514,27,7,10,79,35,1009,1,1,1,1,100.306,48.7779,9,0
235.698,9.63257,27,7,10,79,35,1009,1,1,1,1,38.5658,46.0288,9,0
186.993,59.7871,27,4,9,90,25,1007,1,1,0,0,5.515,33.4343,9,1
413.386,26.2437,27,4,9,90,25,1007,1,1,0,0,37.0663,58.0883,9,2
354.802,44.8738,27,4,9,90,25,1007,1,1,0,0,35.1855,37.8722,9,1
235.698,9.63257,27,4,9,90,25,1007,1,1,0,0,13.8605,46.0288,9,1
264.519,38.7514,27,4,9,90,25,1007,1,1,0,0,26.4389,48.7779,9,2
594.115,49.0152,27,4,9,90,25,1007,1,1,0,0,43.6984,51.0771,9,0
288.64,34.886,25,10,0,50,4,1016,3,2,0,0,21.8667,52.63,9,2
594.115,49.0152,25,10,0,50,4,1016,3,2,0,0,36.7668,92.8711,9,2
186.993,59.7871,25,10,0,50,4,1016,3,2,0,0,41.6876,61.9962,9,2
441.988,41.8286,25,10,0,50,4,1016,3,2,0,0,25.0018,80.4983,9,0
354.802,44.8738,25,10,0,50,4,1016,3,2,0,0,21.255,73.4666,9,2
160.701,31.8588,25,10,0,50,4,1016,3,2,0,0,31.6084,59.0551,9,2
264.519,38.7514,25,10,0,50,4,1016,3,2,0,0,7.827,50.4942,9,0
413.386,26.2437,24,24,0,61,7,1016,3,2,0,1,22.1019,57.8118,9,2
594.115,49.0152,24,24,0,61,7,1016,3,2,0,1,22.7031,92.8711,9,0
441.988,41.8286,24,24,0,61,7,1016,3,2,0,1,26.7226,80.4983,9,2
354.802,44.8738,24,24,0,61,7,1016,3,2,0,1,7.7888,73.4666,9,2
160.701,31.8588,24,24,0,61,7,1016,3,2,0,1,29.5789,59.0551,9,1
186.993,59.7871,24,24,0,61,7,1016,3,2,0,1,20.1545,61.9962,9,1
0.0,4.03743,24,24,0,61,7,1016,3,2,0,1,4.1474,4.3917,9,2
264.519,38.7514,24,24,0,61,7,1016,3,2,0,1,23.7837,50.4942,9,2
413.386,26.2437,22,4,3,55,45,1017,2,2,0,1,23.632,57.8118,9,2
594.115,49.0152,22,4,3,55,45,1017,2,2,0,1,36.7668,92.8711,9,2
186.993,59.7871,22,4,3,55,45,1017,2,2,0,1,41.6876,61.9962,9,2
441.988,41.8286,22,4,3,55,45,1017,2,2,0,1,25.0018,80.4983,9,2
160.701,31.8588,22,4,3,55,45,1017,2,2,0,1,31.6084,59.0551,9,2
354.802,44.8738,22,4,3,55,45,1017,2,2,0,1,21.255,73.4666,9,2
413.386,26.2437,21,28,0,41,0,1024,3,1,1,1,9.7867,57.8118,9,2
594.115,49.0152,21,28,0,41,0,1024,3,1,1,1,23.0156,92.8711,9,2
288.64,34.886,21,28,0,41,0,1024,3,1,1,1,18.3711,52.63,9,2
354.802,44.8738,21,28,0,41,0,1024,3,1,1,1,17.295,73.4666,9,1
186.993,59.7871,21,28,0,41,0,1024,3,1,1,1,41.5609,61.9962,9,2
0.0,2.9477,21,28,0,41,0,1024,3,1,1,1,3.0727,3.2602,9,0
264.519,38.7514,21,28,0,41,0,1024,3,1,1,1,17.5694,50.4942,9,0
35.1569,14.6979,21,28,0,41,0,1024,3,1,1,1,2.3772,9.7684,9,2
354.802,44.8738,22,22,0,57,0,1021,3,2,0,0,17.295,73.4666,9,1
288.64,34.886,22,22,0,57,0,1021,3,2,0,0,18.3711,52.63,9,1
186.993,59.7871,22,22,0,57,0,1021,3,2,0,0,41.5609,61.9962,9,2
594.115,49.0152,22,22,0,57,0,1021,3,2,0,0,23.0156,92.8711,9,1
183.552,22.0636,22,22,0,57,0,1021,3,2,0,0,20.1545,21.2457,9,1
264.519,38.7514,22,22,0,57,0,1021,3,2,0,0,17.5694,50.4942,9,2
594.115,49.0152,23,11,0,48,0,1012,3,1,0,0,26.4922,34.5052,9,1
413.386,26.2437,23,11,0,48,0,1012,3,1,0,0,31.5971,31.7433,9,2
354.802,44.8738,23,11,0,48,0,1012,3,1,0,0,23.1152,23.0954,9,1
186.993,59.7871,23,11,0,48,0,1012,3,1,0,0,30.7949,32.0391,9,1
441.988,41.8286,23,11,0,48,0,1012,3,1,0,0,48.9939,51.752,9,1
594.115,49.0152,26,9,0,44,0,1011,3,1,0,1,26.4922,34.5052,9,2
354.802,44.8738,26,9,0,44,0,1011,3,1,0,1,23.1152,23.0954,9,2
186.993,59.7871,26,9,0,44,0,1011,3,1,0,1,30.7949,32.0391,9,1
441.988,41.8286,26,9,0,44,0,1011,3,1,0,1,48.9939,51.752,9,2
183.552,22.0636,26,9,0,44,0,1011,3,1,0,1,14.021,14.5547,9,2
35.1569,14.6979,26,9,0,44,0,1011,3,1,0,1,13.4466,14.2316,9,1
288.64,34.886,32,5,0,29,0,1015,3,2,0,1,58.5641,44.1083,9,1
441.988,41.8286,32,5,0,29,0,1015,3,2,0,1,48.9939,51.752,9,1
68.0699,9.28393,32,5,0,29,0,1015,3,2,0,1,9.24027,9.75353,9,1
186.993,59.7871,32,5,0,29,0,1015,3,2,0,1,30.7949,32.0391,9,2
35.1569,14.6979,32,5,0,29,0,1015,3,2,0,1,13.4466,14.2316,9,2
0.0,6.7009,32,5,0,29,0,1015,3,2,0,1,6.8532,7.2407,9,2
354.802,44.8738,32,5,0,29,0,1015,3,2,0,1,23.1152,23.0954,9,2
594.115,49.0152,26,23,0,72,5,1012,3,1,1,1,12.8311,92.8711,9,1
288.64,34.886,26,23,0,72,5,1012,3,1,1,1,12.4725,52.63,9,2
186.993,59.7871,26,23,0,72,5,1012,3,1,1,1,14.5836,61.9962,9,2
38.9435,30.0827,26,23,0,72,5,1012,3,1,1,1,25.0504,32.3079,9,2
441.988,41.8286,26,23,0,72,5,1012,3,1,1,1,28.9046,80.4983,9,2
354.802,44.8738,26,23,0,72,5,1012,3,1,1,1,16.981,73.4666,9,2
594.115,49.0152,26,28,0,71,3,1013,3,2,0,1,12.8311,93.0253,9,2
354.802,44.8738,26,28,0,71,3,1013,3,2,0,1,16.981,82.1064,9,1
186.993,59.7871,26,28,0,71,3,1013,3,2,0,1,14.5836,23.7444,9,1
441.988,41.8286,26,28,0,71,3,1013,3,2,0,1,28.9046,85.9906,9,2
183.552,22.0636,26,28,0,71,3,1013,3,2,0,1,8.1368,27.6534,9,1
38.9435,30.0827,26,28,0,71,3,1013,3,2,0,1,25.0504,36.8619,9,2
594.115,49.0152,26,8,0,36,6,1011,3,1,1,1,26.4922,19.9538,9,2
288.64,34.886,26,8,0,36,6,1011,3,1,1,1,58.5641,18.3352,9,1
441.988,41.8286,26,8,0,36,6,1011,3,1,1,1,48.9939,17.9766,9,1
38.9435,30.0827,26,8,0,36,6,1011,3,1,1,1,20.4236,11.1187,9,1
183.552,22.0636,26,8,0,36,6,1011,3,1,1,1,14.021,5.78497,9,1
288.64,34.886,32,12,0,24,5,1011,3,2,0,0,58.5641,44.1083,9,1
441.988,41.8286,32,12,0,24,5,1011,3,2,0,0,48.9939,51.752,9,1
186.993,59.7871,32,12,0,24,5,1011,3,2,0,0,30.7949,32.0391,9,1
38.9435,30.0827,32,12,0,24,5,1011,3,2,0,0,20.4236,19.9272,9,1
183.552,22.0636,32,12,0,24,5,1011,3,2,0,0,14.021,14.5547,9,2
35.1569,14.6979,32,12,0,24,5,1011,3,2,0,0,13.4466,14.2316,9,1
594.115,49.0152,33,11,0,20,2,1013,3,2,0,0,26.4922,92.8711,9,1
288.64,34.886,33,11,0,20,2,1013,3,2,0,0,58.5641,52.63,9,1
186.993,59.7871,33,11,0,20,2,1013,3,2,0,0,30.7949,61.9962,9,2
441.988,41.8286,33,11,0,20,2,1013,3,2,0,0,48.9939,80.4983,9,2
354.802,44.8738,33,11,0,20,2,1013,3,2,0,0,23.1152,73.4666,9,1
38.9435,30.0827,33,11,0,20,2,1013,3,2,0,0,20.4236,32.3079,9,2
288.64,12.9424,13,28,1,76,57,1000,3,1,0,0,6.97493,10.7386,10,1
413.386,40.3096,13,28,1,76,57,1000,3,1,0,0,9.1856,9.696,10,1
354.802,33.8097,13,28,1,76,57,1000,3,1,0,0,3.9197,15.2778,10,1
186.993,34.8447,13,28,1,76,57,1000,3,1,0,0,15.0273,15.8469,10,1
183.552,25.239,13,28,1,76,57,1000,3,1,0,0,8.2202,8.6792,10,1
35.1569,50.5385,13,28,1,76,57,1000,3,1,0,0,6.0186,6.3617,10,1
0.0,2.5847,13,28,1,76,57,1000,3,1,0,0,2.6554,2.8207,10,2
594.115,39.2981,18,19,0,66,33,1002,3,2,0,1,35.5419,60.216,10,0
413.386,40.3096,18,19,0,66,33,1002,3,2,0,1,21.1885,50.6218,10,2
288.64,12.9424,18,19,0,66,33,1002,3,2,0,1,29.426,42.5391,10,2
441.988,12.2579,18,19,0,66,33,1002,3,2,0,1,52.0183,39.5061,10,0
354.802,33.8097,18,19,0,66,33,1002,3,2,0,1,22.789,47.8568,10,1
186.993,34.8447,18,19,0,66,33,1002,3,2,0,1,7.0213,26.255,10,1
413.386,40.3096,14,12,0,80,71,1016,3,1,0,0,4.9878,50.6218,10,1
594.115,39.2981,14,12,0,80,71,1016,3,1,0,0,16.6764,60.216,10,1
68.0699,11.4571,14,12,0,80,71,1016,3,1,0,0,13.7063,23.5731,10,2
186.993,34.8447,14,12,0,80,71,1016,3,1,0,0,4.86697,26.255,10,1
354.802,33.8097,14,12,0,80,71,1016,3,1,0,0,5.01025,47.8568,10,1
264.519,28.064,14,12,0,80,71,1016,3,1,0,0,2.5163,49.0315,10,2
413.386,40.3096,11,11,2,98,100,1015,3,1,1,0,25.0355,50.6218,10,2
594.115,39.2981,11,11,2,98,100,1015,3,1,1,0,28.9551,60.216,10,1
235.698,22.5193,11,11,2,98,100,1015,3,1,1,0,8.7563,34.7272,10,0
186.993,34.8447,11,11,2,98,100,1015,3,1,1,0,2.7945,26.255,10,0
35.1569,50.5385,11,11,2,98,100,1015,3,1,1,0,4.337,20.4036,10,2
413.386,40.3096,19,5,0,60,35,1024,3,1,0,0,45.4557,50.6218,10,0
594.115,39.2981,19,5,0,60,35,1024,3,1,0,0,13.9479,60.216,10,1
354.802,33.8097,19,5,0,60,35,1024,3,1,0,0,16.5132,47.8568,10,1
186.993,34.8447,19,5,0,60,35,1024,3,1,0,0,21.1282,26.255,10,2
183.552,25.239,19,5,0,60,35,1024,3,1,0,0,12.9773,34.1266,10,2
35.1569,50.5385,19,5,0,60,35,1024,3,1,0,0,6.575,20.4036,10,2
413.386,40.3096,16,11,1,79,71,1010,3,2,0,0,10.3555,50.6218,10,2
594.115,39.2981,16,11,1,79,71,1010,3,2,0,0,8.72913,60.216,10,1
186.993,34.8447,16,11,1,79,71,1010,3,2,0,0,19.3199,26.255,10,1
183.552,25.239,16,11,1,79,71,1010,3,2,0,0,11.4292,34.1266,10,2
264.519,28.064,16,11,1,79,71,1010,3,2,0,0,9.66,49.0315,10,1
35.1569,50.5385,16,11,1,79,71,1010,3,2,0,0,8.3957,20.4036,10,1
354.802,33.8097,16,11,1,79,71,1010,3,2,0,0,11.898,47.8568,10,1
594.115,39.2981,29,18,10,71,25,1009,1,2,0,0,60.7292,68.7139,10,2
413.386,40.3096,29,18,10,71,25,1009,1,2,0,0,33.4576,81.6954,10,1
186.993,34.8447,29,18,10,71,25,1009,1,2,0,0,23.4576,37.4321,10,2
354.802,33.8097,29,18,10,71,25,1009,1,2,0,0,61.955,107.059,10,2
183.552,25.239,29,18,10,71,25,1009,1,2,0,0,41.3512,27.5543,10,2
35.1569,50.5385,29,18,10,71,25,1009,1,2,0,0,16.6398,20.5129,10,2
264.519,28.064,29,18,10,71,25,1009,1,2,0,0,46.1399,49.1856,10,0
594.115,39.2981,22,14,0,86,14,1009,3,1,1,1,49.9731,68.7139,10,1
413.386,40.3096,22,14,0,86,14,1009,3,1,1,1,39.4009,81.6954,10,0
186.993,34.8447,22,14,0,86,14,1009,3,1,1,1,21.7778,37.4321,10,2
354.802,33.8097,22,14,0,86,14,1009,3,1,1,1,45.6636,107.059,10,1
183.552,25.239,22,14,0,86,14,1009,3,1,1,1,23.071,27.5543,10,1
264.519,28.064,22,14,0,86,14,1009,3,1,1,1,30.7008,49.1856,10,1
35.1569,50.5385,22,14,0,86,14,1009,3,1,1,1,2.7945,20.5129,10,0
594.115,39.2981,31,36,0,59,16,1007,3,2,0,0,48.2943,68.7139,10,0
186.993,34.8447,31,36,0,59,16,1007,3,2,0,0,19.4233,37.4321,10,2
354.802,33.8097,31,36,0,59,16,1007,3,2,0,0,34.152,107.059,10,2
183.552,25.239,31,36,0,59,16,1007,3,2,0,0,27.5644,27.5543,10,2
235.698,22.5193,31,36,0,59,16,1007,3,2,0,0,38.5658,38.8407,10,1
264.519,28.064,31,36,0,59,16,1007,3,2,0,0,100.306,49.1856,10,2
594.115,39.2981,27,21,0,79,100,1009,3,1,0,0,48.2943,92.8711,10,2
413.386,40.3096,27,21,0,79,100,1009,3,1,0,0,31.8562,57.8118,10,2
354.802,33.8097,27,21,0,79,100,1009,3,1,0,0,34.152,73.4666,10,2
441.988,12.2579,27,21,0,79,100,1009,3,1,0,0,26.1782,80.4983,10,2
235.698,22.5193,27,21,0,79,100,1009,3,1,0,0,38.5658,28.766,10,2
264.519,28.064,27,21,0,79,100,1009,3,1,0,0,100.306,50.4942,10,0
413.386,40.3096,26,20,0,84,26,1011,3,1,1,1,31.8562,57.8118,10,2
594.115,39.2981,26,20,0,84,26,1011,3,1,1,1,48.2943,92.8711,10,0
235.698,22.5193,26,20,0,84,26,1011,3,1,1,1,38.5658,28.766,10,1
354.802,33.8097,26,20,0,84,26,1011,3,1,1,1,34.152,73.4666,10,0
160.701,12.1761,26,20,0,84,26,1011,3,1,1,1,11.3081,59.0551,10,1
441.988,12.2579,26,20,0,84,26,1011,3,1,1,1,26.1782,80.4983,10,2
264.519,28.064,26,20,0,84,26,1011,3,1,1,1,100.306,50.4942,10,2
35.1569,50.5385,26,20,0,84,26,1011,3,1,1,1,6.8532,9.7684,10,2
68.0699,11.4571,29,6,0,68,26,1013,3,2,0,0,7.13265,7.53455,10,1
594.115,39.2981,29,6,0,68,26,1013,3,2,0,0,43.6984,92.8711,10,1
354.802,33.8097,29,6,0,68,26,1013,3,2,0,0,35.1855,73.4666,10,1
235.698,22.5193,29,6,0,68,26,1013,3,2,0,0,13.8605,28.766,10,1
441.988,12.2579,29,6,0,68,26,1013,3,2,0,0,29.0246,80.4983,10,1
160.701,12.1761,29,6,0,68,26,1013,3,2,0,0,27.8685,59.0551,10,1
68.0699,34.8,30,4,0,64,0,1011,3,2,0,1,21.2549,35.8642,11,2
41.7387,59.9741,30,4,0,64,0,1011,3,2,0,1,21.1158,64.8963,11,2
354.802,50.0839,30,4,0,64,0,1011,3,2,0,1,10.4822,82.1064,11,0
441.988,71.4293,30,4,0,64,0,1011,3,2,0,1,17.1962,85.9906,11,2
105.123,20.4232,30,4,0,64,0,1011,3,2,0,1,10.5849,53.84,11,0
160.701,50.4599,30,4,0,64,0,1011,3,2,0,1,15.2364,52.8276,11,0
264.519,63.9562,30,4,0,64,0,1011,3,2,0,1,7.1314,51.7822,11,2
35.1569,13.8076,30,4,0,64,0,1011,3,2,0,1,4.6152,14.8989,11,2
354.802,50.0839,29,6,0,43,0,1012,3,1,0,1,8.3957,82.1064,11,2
41.7387,59.9741,29,6,0,43,0,1012,3,1,0,1,15.4003,64.8963,11,1
68.0699,34.8,29,6,0,43,0,1012,3,1,0,1,17.1962,35.8642,11,2
441.988,71.4293,29,6,0,43,0,1012,3,1,0,1,10.7604,85.9906,11,0
105.123,20.4232,29,6,0,43,0,1012,3,1,0,1,23.4929,53.84,11,2
264.519,63.9562,29,6,0,43,0,1012,3,1,0,1,4.337,51.7822,11,2
160.701,50.4599,29,6,0,43,0,1012,3,1,0,1,7.75323,52.8276,11,2
35.1569,13.8076,29,6,0,43,0,1012,3,1,0,1,5.0325,14.8989,11,2
413.386,42.3527,23,9,0,58,27,1013,3,1,0,1,16.6522,72.3546,11,1
41.7387,59.9741,23,9,0,58,27,1013,3,1,0,1,15.6537,64.8963,11,0
160.701,50.4599,23,9,0,58,27,1013,3,1,0,1,18.8902,52.8276,11,2
441.988,71.4293,23,9,0,58,27,1013,3,1,0,1,14.6924,85.9906,11,1
38.9435,12.9951,23,9,0,58,27,1013,3,1,0,1,13.5548,36.8619,11,0
354.802,50.0839,23,9,0,58,27,1013,3,1,0,1,6.8532,82.1064,11,2
264.519,63.9562,23,9,0,58,27,1013,3,1,0,1,7.2829,51.7822,11,1
35.1569,13.8076,23,9,0,58,27,1013,3,1,0,1,4.4318,14.8989,11,1
413.386,42.3527,29,10,0,42,0,1013,3,2,0,0,25.2888,72.3546,11,0
354.802,50.0839,29,10,0,42,0,1013,3,2,0,0,10.1593,82.1064,11,2
62.9346,26.81,29,10,0,42,0,1013,3,2,0,0,25.023,33.9958,11,0
441.988,71.4293,29,10,0,42,0,1013,3,2,0,0,13.2766,85.9906,11,0
160.701,50.4599,29,10,0,42,0,1013,3,2,0,0,24.0493,52.8276,11,2
183.552,28.9085,29,10,0,42,0,1013,3,2,0,0,19.8391,27.6534,11,0
264.519,63.9562,29,10,0,42,0,1013,3,2,0,0,3.2118,51.7822,11,0
354.802,50.0839,17,10,0,43,17,1014,3,1,0,1,8.54165,82.1064,11,1
41.7387,59.9741,17,10,0,43,17,1014,3,1,0,1,9.3694,64.8963,11,2
62.9346,26.81,17,10,0,43,17,1014,3,1,0,1,16.3616,33.9958,11,2
160.701,50.4599,17,10,0,43,17,1014,3,1,0,1,20.1545,52.8276,11,1
441.988,71.4293,17,10,0,43,17,1014,3,1,0,1,7.2705,85.9906,11,2
183.552,28.9085,17,10,0,43,17,1014,3,1,0,1,8.39647,27.6534,11,2
264.519,63.9562,17,10,0,43,17,1014,3,1,0,1,17.9041,51.7822,11,2
354.802,50.0839,26,24,3,86,26,1008,2,1,1,0,61.955,47.8568,11,2
68.0699,34.8,26,24,3,86,26,1008,2,1,1,0,12.8313,23.5731,11,0
264.519,63.9562,26,24,3,86,26,1008,2,1,1,0,46.1399,49.0315,11,2
183.552,28.9085,26,24,3,86,26,1008,2,1,1,0,41.3512,34.1266,11,2
235.698,46.8802,26,24,3,86,26,1008,2,1,1,0,38.5057,34.7272,11,2
441.988,71.4293,26,24,3,86,26,1008,2,1,1,0,46.4186,39.5061,11,1
122.804,48.4161,26,24,3,86,26,1008,2,1,1,0,38.9943,45.6241,11,2
354.802,50.0839,29,23,0,67,61,1011,3,2,0,0,61.955,47.8568,11,1
264.519,63.9562,29,23,0,67,61,1011,3,2,0,0,46.1399,49.0315,11,1
235.698,46.8802,29,23,0,67,61,1011,3,2,0,0,38.5057,34.7272,11,1
183.552,28.9085,29,23,0,67,61,1011,3,2,0,0,41.3512,34.1266,11,1
441.988,71.4293,29,23,0,67,61,1011,3,2,0,0,46.4186,39.5061,11,2
122.804,48.4161,29,23,0,67,61,1011,3,2,0,0,38.9943,45.6241,11,2
68.0699,34.8,29,23,0,67,61,1011,3,2,0,0,12.8313,23.5731,11,1
354.802,50.0839,25,15,0,86,35,1012,3,1,1,1,34.152,47.8568,11,1
264.519,63.9562,25,15,0,86,35,1012,3,1,1,1,100.306,49.0315,11,0
441.988,71.4293,25,15,0,86,35,1012,3,1,1,1,26.1782,39.5061,11,2
183.552,28.9085,25,15,0,86,35,1012,3,1,1,1,27.5644,34.1266,11,0
122.804,48.4161,25,15,0,86,35,1012,3,1,1,1,9.70423,45.6241,11,2
68.0699,34.8,25,15,0,86,35,1012,3,1,1,1,15.5146,23.5731,11,0
235.698,46.8802,25,15,0,86,35,1012,3,1,1,1,38.5658,34.7272,11,2
354.802,50.0839,30,6,0,65,40,1011,3,2,0,0,61.955,47.8568,11,1
68.0699,34.8,30,6,0,65,40,1011,3,2,0,0,12.8313,23.5731,11,2
264.519,63.9562,30,6,0,65,40,1011,3,2,0,0,46.1399,49.0315,11,2
441.988,71.4293,30,6,0,65,40,1011,3,2,0,0,46.4186,39.5061,11,0
235.698,46.8802,30,6,0,65,40,1011,3,2,0,0,38.5057,34.7272,11,1
122.804,48.4161,30,6,0,65,40,1011,3,2,0,0,38.9943,45.6241,11,2
183.552,28.9085,30,6,0,65,40,1011,3,2,0,0,41.3512,34.1266,11,2
264.519,63.9562,22,3,0,93,37,1012,3,1,1,0,30.7008,49.0315,11,2
186.993,39.1949,22,3,0,93,37,1012,3,1,1,0,21.7778,26.255,11,1
354.802,50.0839,22,3,0,93,37,1012,3,1,1,0,45.6636,47.8568,11,1
68.0699,34.8,22,3,0,93,37,1012,3,1,1,0,9.2303,23.5731,11,2
122.804,48.4161,22,3,0,93,37,1012,3,1,1,0,45.7865,45.6241,11,2
183.552,28.9085,22,3,0,93,37,1012,3,1,1,0,23.071,34.1266,11,2
441.988,71.4293,22,3,0,93,37,1012,3,1,1,0,39.2752,39.5061,11,1
186.993,39.1949,24,6,0,86,64,1011,3,1,0,1,21.7778,26.255,11,1
264.519,63.9562,24,6,0,86,64,1011,3,1,0,1,30.7008,49.0315,11,2
160.701,50.4599,24,6,0,86,64,1011,3,1,0,1,17.0695,44.416,11,2
288.64,34.3677,24,6,0,86,64,1011,3,1,0,1,23.2574,42.5391,11,1
122.804,48.4161,24,6,0,86,64,1011,3,1,0,1,45.7865,45.6241,11,2
441.988,71.4293,24,6,0,86,64,1011,3,1,0,1,39.2752,39.5061,11,2
39.5303,19.7755,26,2,0,86,25,1012,3,1,1,1,22.5813,21.3797,11,2
264.519,63.9562,26,2,0,86,25,1012,3,1,1,1,46.1399,49.0315,11,1
288.64,34.3677,26,2,0,86,25,1012,3,1,1,1,19.2161,42.5391,11,1
441.988,71.4293,26,2,0,86,25,1012,3,1,1,1,46.4186,39.5061,11,2
354.802,50.0839,26,2,0,86,25,1012,3,1,1,1,61.955,47.8568,11,1
160.701,50.4599,26,2,0,86,25,1012,3,1,1,1,17.8201,44.416,11,1
122.804,48.4161,26,2,0,86,25,1012,3,1,1,1,38.9943,45.6241,11,2
0.0,3.55362,26,2,0,86,25,1012,3,1,1,1,3.5467,3.75895,11,1
413.386,42.3527,25,5,0,36,22,1010,3,1,0,1,24.2434,58.0883,11,1
62.9346,26.81,25,5,0,36,22,1010,3,1,0,1,15.5146,17.3457,11,0
186.993,39.1949,25,5,0,36,22,1010,3,1,0,1,15.5927,33.4343,11,1
354.802,50.0839,25,5,0,36,22,1010,3,1,0,1,22.0897,37.8722,11,0
264.519,63.9562,25,5,0,36,22,1010,3,1,0,1,13.5857,48.7779,11,1
441.988,71.4293,25,5,0,36,22,1010,3,1,0,1,14.136,58.6169,11,1
122.804,48.4161,25,5,0,36,22,1010,3,1,0,1,3.8099,26.3442,11,2
413.386,42.3527,27,2,0,52,44,1009,3,2,0,0,17.0695,58.0883,11,2
441.988,71.4293,27,2,0,52,44,1009,3,2,0,0,11.595,58.6169,11,0
186.993,39.1949,27,2,0,52,44,1009,3,2,0,0,12.6295,33.4343,11,2
235.698,46.8802,27,2,0,52,44,1009,3,2,0,0,11.3081,46.0288,11,1
122.804,48.4161,27,2,0,52,44,1009,3,2,0,0,20.85,26.3442,11,1
264.519,63.9562,27,2,0,52,44,1009,3,2,0,0,13.8578,48.7779,11,1
354.802,50.0839,27,2,0,52,44,1009,3,2,0,0,1.9599,37.8722,11,1
413.386,42.3527,22,17,1,76,99,1007,3,0,0,1,13.5672,58.0883,11,2
68.0699,34.8,22,17,1,76,99,1007,3,0,0,1,12.8717,21.5163,11,2
354.802,50.0839,22,17,1,76,99,1007,3,0,0,1,5.8235,37.8722,11,1
186.993,39.1949,22,17,1,76,99,1007,3,0,0,1,14.2751,33.4343,11,1
441.988,71.4293,22,17,1,76,99,1007,3,0,0,1,7.8269,58.6169,11,0
413.386,42.3527,22,16,0,37,4,1015,3,1,0,1,19.6052,58.0883,11,2
354.802,50.0839,22,16,0,37,4,1015,3,1,0,1,13.5673,37.8722,11,1
235.698,46.8802,22,16,0,37,4,1015,3,1,0,1,18.3338,46.0288,11,1
441.988,71.4293,22,16,0,37,4,1015,3,1,0,1,16.5606,58.6169,11,2
186.993,39.1949,22,16,0,37,4,1015,3,1,0,1,21.0715,33.4343,11,2
122.804,48.4161,22,16,0,37,4,1015,3,1,0,1,15.6661,26.3442,11,2
264.519,63.9562,22,16,0,37,4,1015,3,1,0,1,23.0757,48.7779,11,0
413.386,42.3527,17,13,0,73,39,1019,3,2,0,1,13.7423,58.0883,11,2
288.64,34.3677,17,13,0,73,39,1019,3,2,0,1,34.9831,49.5404,11,0
441.988,71.4293,17,13,0,73,39,1019,3,2,0,1,29.6682,58.6169,11,2
0.0,11.7857,17,13,0,73,39,1019,3,2,0,1,11.9162,12.5961,11,1
186.993,39.1949,17,13,0,73,39,1019,3,2,0,1,18.1699,33.4343,11,0
122.804,48.4161,17,13,0,73,39,1019,3,2,0,1,23.354,26.3442,11,0
264.519,63.9562,17,13,0,73,39,1019,3,2,0,1,24.7449,48.7779,11,0
288.64,34.3677,18,15,0,80,0,1019,3,2,0,0,34.9831,49.5404,11,2
68.0699,34.8,18,15,0,80,0,1019,3,2,0,0,12.9078,21.5163,11,2
235.698,46.8802,18,15,0,80,0,1019,3,2,0,0,23.5899,46.0288,11,1
441.988,71.4293,18,15,0,80,0,1019,3,2,0,0,29.6682,58.6169,11,0
122.804,48.4161,18,15,0,80,0,1019,3,2,0,0,23.354,26.3442,11,2
0.0,11.7857,18,15,0,80,0,1019,3,2,0,0,11.9162,12.5961,11,0
264.519,63.9562,18,15,0,80,0,1019,3,2,0,0,24.7449,48.7779,11,2
413.386,42.3527,20,23,0,85,4,1013,3,1,1,1,11.7769,58.0883,11,2
62.9346,26.81,20,23,0,85,4,1013,3,1,1,1,10.3164,17.3457,11,1
160.701,50.4599,20,23,0,85,4,1013,3,1,1,1,17.5497,55.0716,11,1
79.9514,13.7202,20,23,0,85,4,1013,3,1,1,1,11.2721,33.6601,11,2
441.988,71.4293,20,23,0,85,4,1013,3,1,1,1,18.5289,58.6169,11,0
264.519,63.9562,20,23,0,85,4,1013,3,1,1,1,16.2367,48.7779,11,2
413.386,42.3527,14,20,0,61,79,1029,3,2,0,1,24.2434,58.0883,11,0
594.115,32.3494,14,20,0,61,79,1029,3,2,0,1,25.9967,51.0771,11,0
354.802,50.0839,14,20,0,61,79,1029,3,2,0,1,22.0897,37.8722,11,2
235.698,46.8802,14,20,0,61,79,1029,3,2,0,1,18.0556,46.0288,11,1
264.519,63.9562,14,20,0,61,79,1029,3,2,0,1,13.5857,48.7779,11,2
288.64,34.3677,14,20,0,61,79,1029,3,2,0,1,17.6217,49.5404,11,2
122.804,48.4161,14,20,0,61,79,1029,3,2,0,1,3.8099,26.3442,11,1
594.115,32.3494,15,12,0,85,60,1025,3,2,0,1,8.64633,19.9538,11,1
288.64,34.3677,15,12,0,85,60,1025,3,2,0,1,34.9831,18.3352,11,1
354.802,50.0839,15,12,0,85,60,1025,3,2,0,1,6.86233,7.24997,11,2
441.988,71.4293,15,12,0,85,60,1025,3,2,0,1,29.6682,17.9766,11,2
235.698,46.8802,15,12,0,85,60,1025,3,2,0,1,23.5899,21.0992,11,1
122.804,48.4161,15,12,0,85,60,1025,3,2,0,1,23.354,6.6547,11,1
594.115,32.3494,19,11,0,76,29,1010,3,1,1,1,20.5008,34.5052,11,1
288.64,34.3677,19,11,0,76,29,1010,3,1,1,1,10.507,44.1083,11,2
354.802,50.0839,19,11,0,76,29,1010,3,1,1,1,22.157,23.0954,11,2
235.698,46.8802,19,11,0,76,29,1010,3,1,1,1,40.5872,21.3922,11,1
441.988,71.4293,19,11,0,76,29,1010,3,1,1,1,13.18,51.752,11,2
264.519,63.9562,19,11,0,76,29,1010,3,1,1,1,20.9627,18.1202,11,1
594.115,32.3494,16,31,0,81,34,1030,3,2,0,0,23.0756,60.216,11,2
288.64,34.3677,16,31,0,81,34,1030,3,2,0,0,20.9138,42.5391,11,0
354.802,50.0839,16,31,0,81,34,1030,3,2,0,0,20.2936,47.8568,11,1
264.519,63.9562,16,31,0,81,34,1030,3,2,0,0,16.2367,49.0315,11,1
235.698,46.8802,16,31,0,81,34,1030,3,2,0,0,13.3333,34.7272,11,2
441.988,71.4293,16,31,0,81,34,1030,3,2,0,0,18.5289,39.5061,11,2
594.115,32.3494,26,18,0,65,14,1008,3,2,0,0,25.0992,79.1412,11,2
186.993,39.1949,26,18,0,65,14,1008,3,2,0,0,21.1158,28.8981,11,2
354.802,50.0839,26,18,0,65,14,1008,3,2,0,0,28.1287,48.0335,11,0
160.701,50.4599,26,18,0,65,14,1008,3,2,0,0,25.023,27.2504,11,0
441.988,71.4293,26,18,0,65,14,1008,3,2,0,0,20.7557,47.0055,11,0
264.519,63.9562,26,18,0,65,14,1008,3,2,0,0,16.3617,64.7436,11,2
594.115,32.3494,15,9,0,87,74,1019,2,1,1,1,26.6562,10.9877,11,1
413.386,42.3527,15,9,0,87,74,1019,2,1,1,1,25.1461,6.22447,11,1
441.988,71.4293,15,9,0,87,74,1019,2,1,1,1,33.6773,20.2643,11,2
264.519,63.9562,15,9,0,87,74,1019,2,1,1,1,13.3611,9.9027,11,1
160.701,50.4599,15,9,0,87,74,1019,2,1,1,1,19.4342,20.4882,11,2
79.9514,13.7202,15,9,0,87,74,1019,2,1,1,1,7.4375,7.85568,11,2
594.115,32.3494,22,18,0,71,73,1017,3,1,1,1,25.0992,68.7139,11,2
264.519,63.9562,22,18,0,71,73,1017,3,1,1,1,16.3617,49.1856,11,2
413.386,42.3527,22,18,0,71,73,1017,3,1,1,1,18.5488,81.6954,11,0
0.0,12.0282,22,18,0,71,73,1017,3,1,1,1,12.1762,12.8452,11,1
79.9514,13.7202,22,18,0,71,73,1017,3,1,1,1,7.119,7.5212,11,0
441.988,71.4293,22,18,0,71,73,1017,3,1,1,1,20.7557,43.6514,11,0
594.115,31.0926,28,3,10,82,65,1010,1,1,0,0,43.6984,92.8711,12,2
288.64,24.1768,28,3,10,82,65,1010,1,1,0,0,18.6388,52.63,12,1
441.988,26.7721,28,3,10,82,65,1010,1,1,0,0,29.0246,80.4983,12,1
354.802,26.7183,28,3,10,82,65,1010,1,1,0,0,35.1855,73.4666,12,1
160.701,22.0745,28,3,10,82,65,1010,1,1,0,0,27.8685,59.0551,12,0
264.519,26.8581,28,3,10,82,65,1010,1,1,0,0,26.4389,50.4942,12,2
63.9646,14.9763,28,3,10,82,65,1010,1,1,0,0,4.4761,31.699,12,2
354.802,26.7183,25,21,1,76,27,1005,3,2,0,0,45.6636,73.4666,12,1
158.92,40.8051,25,21,1,76,27,1005,3,2,0,0,20.0571,32.8564,12,2
441.988,26.7721,25,21,1,76,27,1005,3,2,0,0,39.2752,80.4983,12,0
594.115,31.0926,25,21,1,76,27,1005,3,2,0,0,49.9731,92.8711,12,2
70.8099,29.2872,25,21,1,76,27,1005,3,2,0,0,24.1283,31.1445,12,0
63.9646,14.9763,25,21,1,76,27,1005,3,2,0,0,34.2542,31.699,12,1
264.519,26.8581,25,21,1,76,27,1005,3,2,0,0,30.7008,50.4942,12,2
354.802,26.7183,27,20,4,85,92,1008,2,2,0,0,61.955,73.4666,12,2
158.92,40.8051,27,20,4,85,92,1008,2,2,0,0,24.9134,32.8564,12,2
594.115,31.0926,27,20,4,85,92,1008,2,2,0,0,60.7292,92.8711,12,0
70.8099,29.2872,27,20,4,85,92,1008,2,2,0,0,46.7076,31.1445,12,2
441.988,26.7721,27,20,4,85,92,1008,2,2,0,0,46.4186,80.4983,12,2
264.519,26.8581,27,20,4,85,92,1008,2,2,0,0,46.1399,50.4942,12,2
594.115,31.0926,26,12,9,91,36,1010,1,1,1,1,60.7292,92.8711,12,2
288.64,24.1768,26,12,9,91,36,1010,1,1,1,1,19.2161,52.63,12,2
70.8099,29.2872,26,12,9,91,36,1010,1,1,1,1,46.7076,31.1445,12,0
158.92,40.8051,26,12,9,91,36,1010,1,1,1,1,24.9134,32.8564,12,1
354.802,26.7183,26,12,9,91,36,1010,1,1,1,1,61.955,73.4666,12,1
63.9646,14.9763,26,12,9,91,36,1010,1,1,1,1,27.1061,31.699,12,2
264.519,26.8581,26,12,9,91,36,1010,1,1,1,1,46.1399,50.4942,12,0
41.7387,22.3176,27,19,0,78,12,1012,3,1,1,1,22.9365,24.3074,12,2
288.64,24.1768,27,19,0,78,12,1012,3,1,1,1,13.5672,52.63,12,2
186.993,7.476,27,19,0,78,12,1012,3,1,1,1,19.4233,61.9962,12,1
441.988,26.7721,27,19,0,78,12,1012,3,1,1,1,26.1782,80.4983,12,1
354.802,26.7183,27,19,0,78,12,1012,3,1,1,1,34.152,73.4666,12,1
63.9646,14.9763,27,19,0,78,12,1012,3,1,1,1,6.1958,31.699,12,0
594.115,16.6349,28,12,0,79,32,1010,3,2,0,1,60.7292,31.587,13,1
288.64,15.0813,28,12,0,79,32,1010,3,2,0,1,19.2161,21.4066,13,1
186.993,28.9405,28,12,0,79,32,1010,3,2,0,1,23.4576,43.8346,13,2
50.2655,10.9807,28,12,0,79,32,1010,3,2,0,1,25.4529,30.0008,13,2
183.552,21.4887,28,12,0,79,32,1010,3,2,0,1,41.3512,28.062,13,0
354.802,13.0984,28,12,0,79,32,1010,3,2,0,1,61.955,24.5498,13,0
594.115,16.6349,28,6,9,85,25,1010,1,2,0,0,60.7292,31.587,13,2
288.64,15.0813,28,6,9,85,25,1010,1,2,0,0,19.2161,21.4066,13,2
186.993,28.9405,28,6,9,85,25,1010,1,2,0,0,23.4576,43.8346,13,1
183.552,21.4887,28,6,9,85,25,1010,1,2,0,0,41.3512,28.062,13,2
50.2655,10.9807,28,6,9,85,25,1010,1,2,0,0,25.4529,30.0008,13,2
63.9646,21.7127,28,6,9,85,25,1010,1,2,0,0,27.1061,14.6296,13,1
264.519,26.4229,28,6,9,85,25,1010,1,2,0,0,46.1399,31.9053,13,2
594.115,16.6349,25,3,18,91,65,1009,1,2,0,1,49.9731,31.587,13,2
288.64,15.0813,25,3,18,91,65,1009,1,2,0,1,23.2574,21.4066,13,2
79.9514,24.986,25,3,18,91,65,1009,1,2,0,1,31.243,9.45765,13,2
63.9646,21.7127,25,3,18,91,65,1009,1,2,0,1,34.2542,14.6296,13,1
183.552,21.4887,25,3,18,91,65,1009,1,2,0,1,23.071,28.062,13,2
354.802,13.0984,25,3,18,91,65,1009,1,2,0,1,45.6636,24.5498,13,2
413.386,18.254,21,19,0,56,4,1022,3,1,0,1,24.2434,58.0883,13,0
288.64,15.0813,21,19,0,56,4,1022,3,1,0,1,17.6217,49.5404,13,0
354.802,13.0984,21,19,0,56,4,1022,3,1,0,1,22.0897,37.8722,13,0
183.552,21.4887,21,19,0,56,4,1022,3,1,0,1,14.1112,20.6891,13,0
63.9646,21.7127,21,19,0,56,4,1022,3,1,0,1,7.67105,19.1527,13,0
79.9514,24.986,21,19,0,56,4,1022,3,1,0,1,14.3771,33.6601,13,0
264.519,26.4229,21,19,0,56,4,1022,3,1,0,1,13.5857,48.7779,13,2
79.9514,24.986,19,28,0,64,2,1013,3,1,0,1,14.3771,33.6601,13,0
413.386,18.254,19,28,0,64,2,1013,3,1,0,1,24.2434,58.0883,13,0
186.993,28.9405,19,28,0,64,2,1013,3,1,0,1,15.5927,33.4343,13,0
48.4599,18.7158,19,28,0,64,2,1013,3,1,0,1,7.8145,20.2399,13,0
158.92,19.6165,19,12,0,58,41,1021,3,2,0,0,25.9366,33.2008,13,2
79.9514,24.986,19,12,0,58,41,1021,3,2,0,0,20.6797,33.6601,13,1
264.519,26.4229,19,12,0,58,41,1021,3,2,0,0,23.0757,48.7779,13,2
413.386,18.254,19,12,0,58,41,1021,3,2,0,0,19.6052,58.0883,13,2
354.802,13.0984,19,12,0,58,41,1021,3,2,0,0,13.5673,37.8722,13,0
48.4599,18.7158,19,12,0,58,41,1021,3,2,0,0,14.8037,20.2399,13,2
63.9646,21.7127,19,12,0,58,41,1021,3,2,0,0,16.5008,19.1527,13,2
79.9514,24.986,17,5,27,97,100,1012,2,0,0,1,20.6797,33.6601,13,0
441.988,19.212,17,5,27,97,100,1012,2,0,0,1,16.5606,58.6169,13,2
413.386,18.254,17,5,27,97,100,1012,2,0,0,1,19.6052,58.0883,13,1
63.9646,21.7127,17,5,27,97,100,1012,2,0,0,1,16.5008,19.1527,13,2
48.4599,18.7158,17,5,27,97,100,1012,2,0,0,1,14.8037,20.2399,13,0
158.92,19.6165,19,14,0,59,81,1011,3,2,0,1,23.3743,33.2008,13,2
79.9514,24.986,19,14,0,59,81,1011,3,2,0,1,18.612,33.6601,13,2
441.988,19.212,19,14,0,59,81,1011,3,2,0,1,33.9374,58.6169,13,0
413.386,18.254,19,14,0,59,81,1011,3,2,0,1,9.42573,58.0883,13,1
264.519,26.4229,19,14,0,59,81,1011,3,2,0,1,21.1282,48.7779,13,2
63.9646,21.7127,19,14,0,59,81,1011,3,2,0,1,11.7465,19.1527,13,2
62.9346,14.5703,16,18,0,79,52,1016,3,1,0,0,14.8315,15.6412,14,2
354.802,24.8283,16,18,0,79,52,1016,3,1,0,0,12.5456,15.2778,14,1
158.92,27.0786,16,18,0,79,52,1016,3,1,0,0,17.765,18.7302,14,2
160.701,44.7612,16,18,0,79,52,1016,3,1,0,0,13.8925,14.6765,14,2
30.0292,14.7496,16,18,0,79,52,1016,3,1,0,0,9.7431,10.2992,14,1
92.2034,19.6637,16,18,0,79,52,1016,3,1,0,0,2.6554,2.8207,14,2
288.64,29.1952,14,11,0,80,95,1022,3,1,0,0,7.37175,10.7386,14,1
354.802,24.8283,14,11,0,80,95,1022,3,1,0,0,12.5456,15.2778,14,0
75.058,45.8404,14,11,0,80,95,1022,3,1,0,0,22.6583,23.8827,14,2
30.0292,14.7496,14,11,0,80,95,1022,3,1,0,0,9.7431,10.2992,14,2
160.701,44.7612,14,11,0,80,95,1022,3,1,0,0,13.8925,14.6765,14,1
39.0088,18.6629,14,11,0,80,95,1022,3,1,0,0,15.6661,16.5202,14,2
288.64,29.1952,18,13,0,82,36,1016,3,1,1,0,16.1432,42.5391,14,2
354.802,24.8283,18,13,0,82,36,1016,3,1,1,0,11.2902,47.8568,14,1
30.0292,14.7496,18,13,0,82,36,1016,3,1,1,0,7.4096,11.3799,14,2
158.92,27.0786,18,13,0,82,36,1016,3,1,1,0,13.2555,36.0791,14,2
75.058,45.8404,18,13,0,82,36,1016,3,1,1,0,22.5192,61.9166,14,2
160.701,44.7612,18,13,0,82,36,1016,3,1,1,0,20.2936,44.416,14,1
39.0088,18.6629,18,13,0,82,36,1016,3,1,1,0,3.0727,15.9443,14,0
75.058,45.8404,16,13,2,83,41,1015,3,1,1,1,16.6398,61.9166,14,2
288.64,29.1952,16,13,2,83,41,1015,3,1,1,1,10.2164,42.5391,14,1
105.123,19.4114,16,13,2,83,41,1015,3,1,1,1,20.1297,25.6538,14,0
158.92,27.0786,16,13,2,83,41,1015,3,1,1,1,10.204,36.0791,14,0
160.701,44.7612,16,13,2,83,41,1015,3,1,1,1,22.5892,44.416,14,0
39.0088,18.6629,16,13,2,83,41,1015,3,1,1,1,5.0325,15.9443,14,2
288.64,29.1952,15,20,1,89,100,1018,0,1,0,0,4.1979,42.5391,14,1
354.802,24.8283,15,20,1,89,100,1018,0,1,0,0,4.1979,47.8568,14,1
288.64,29.1952,15,24,0,90,100,1008,3,1,0,0,29.426,42.5391,14,2
158.92,27.0786,15,24,0,90,100,1008,3,1,0,0,29.6271,36.0791,14,0
354.802,24.8283,15,24,0,90,100,1008,3,1,0,0,22.789,47.8568,14,2
75.058,45.8404,15,24,0,90,100,1008,3,1,0,0,19.5733,61.9166,14,2
30.0292,14.7496,15,24,0,90,100,1008,3,1,0,0,3.3509,11.3799,14,0
160.701,44.7612,15,24,0,90,100,1008,3,1,0,0,43.1486,44.416,14,0
39.0088,18.6629,15,24,0,90,100,1008,3,1,0,0,28.6769,15.9443,14,2
288.64,29.1952,15,31,0,74,23,1014,3,2,0,1,38.3756,42.5391,14,2
0.0,24.8586,15,31,0,74,23,1014,3,2,0,1,25.8576,27.2522,14,0
158.92,27.0786,15,31,0,74,23,1014,3,2,0,1,15.3095,36.0791,14,2
39.0088,18.6629,15,31,0,74,23,1014,3,2,0,1,10.2339,15.9443,14,1
160.701,44.7612,15,31,0,74,23,1014,3,2,0,1,21.5455,44.416,14,2
0.0,4.7638,15,31,0,74,23,1014,3,2,0,1,4.8934,5.1772,14,2
354.802,24.8283,27,10,0,90,89,1008,3,1,1,0,61.955,48.0335,14,2
264.519,28.2139,27,10,0,90,89,1008,3,1,1,0,46.1399,64.7436,14,2
441.988,13.2901,27,10,0,90,89,1008,3,1,1,0,46.4186,47.0055,14,2
42.2495,25.6891,27,10,0,90,89,1008,3,1,1,0,11.9028,26.3233,14,1
63.9646,13.1172,27,10,0,90,89,1008,3,1,1,0,27.1061,19.9269,14,2
39.5303,26.1103,27,10,0,90,89,1008,3,1,1,0,22.5813,26.7442,14,1
87.0907,6.7311,27,10,0,90,89,1008,3,1,1,0,12.1068,7.22295,14,2
354.802,24.8283,26,13,3,90,63,1009,2,1,1,1,61.955,48.0335,14,1
441.988,13.2901,26,13,3,90,63,1009,2,1,1,1,46.4186,47.0055,14,2
42.2495,25.6891,26,13,3,90,63,1009,2,1,1,1,11.9028,26.3233,14,1
160.701,44.7612,26,13,3,90,63,1009,2,1,1,1,17.8201,27.2504,14,2
39.5303,26.1103,26,13,3,90,63,1009,2,1,1,1,22.5813,26.7442,14,1
264.519,28.2139,26,13,3,90,63,1009,2,1,1,1,46.1399,64.7436,14,2
92.2034,19.6637,26,13,3,90,63,1009,2,1,1,1,24.9738,20.4434,14,2
354.802,24.8283,24,4,9,97,31,1010,1,1,1,1,35.1855,48.0335,14,1
441.988,13.2901,24,4,9,97,31,1010,1,1,1,1,29.0246,47.0055,14,0
42.2495,25.6891,24,4,9,97,31,1010,1,1,1,1,23.0671,26.3233,14,1
39.5303,26.1103,24,4,9,97,31,1010,1,1,1,1,17.2154,26.7442,14,1
264.519,28.2139,24,4,9,97,31,1010,1,1,1,1,26.4389,64.7436,14,2
160.701,44.7612,24,4,9,97,31,1010,1,1,1,1,27.8685,27.2504,14,1
92.2034,19.6637,24,4,9,97,31,1010,1,1,1,1,15.3087,20.4434,14,2
441.988,13.2901,24,7,0,93,65,1011,3,1,1,1,29.0246,47.0055,14,0
42.2495,25.6891,24,7,0,93,65,1011,3,1,1,1,23.0671,26.3233,14,2
39.5303,26.1103,24,7,0,93,65,1011,3,1,1,1,17.2154,26.7442,14,0
70.8099,16.1549,24,7,0,93,65,1011,3,1,1,1,12.2211,16.8776,14,1
92.2034,19.6637,24,7,0,93,65,1011,3,1,1,1,15.3087,20.4434,14,2
0.0,2.3427,24,7,0,93,65,1011,3,1,1,1,2.3772,2.5277,14,2
288.64,29.1952,23,11,0,84,27,1012,3,1,1,1,23.2574,29.9514,14,1
39.5303,26.1103,23,11,0,84,27,1012,3,1,1,1,9.333,26.7442,14,1
70.8099,16.1549,23,11,0,84,27,1012,3,1,1,1,24.1283,16.8776,14,1
30.0292,14.7496,23,11,0,84,27,1012,3,1,1,1,10.3432,4.7377,14,2
42.2495,25.6891,23,11,0,84,27,1012,3,1,1,1,20.7966,26.3233,14,2
92.2034,19.6637,23,11,0,84,27,1012,3,1,1,1,23.6606,20.4434,14,1
413.386,36.1445,30,14,0,28,26,1013,3,2,0,1,20.4915,29.9097,15,1
288.64,38.6801,30,14,0,28,26,1013,3,2,0,1,12.2098,27.7057,15,1
70.8099,39.6111,30,14,0,28,26,1013,3,2,0,1,18.9972,17.8893,15,1
158.92,19.1738,30,14,0,28,26,1013,3,2,0,1,13.0119,22.5503,15,1
50.2655,24.4609,30,14,0,28,26,1013,3,2,0,1,16.3617,8.2662,15,0
73.8808,33.1899,30,14,0,28,26,1013,3,2,0,1,12.2017,25.429,15,1
413.386,36.1445,25,15,1,43,40,1015,3,2,0,1,20.4915,29.248,15,1
288.64,38.6801,25,15,1,43,40,1015,3,2,0,1,12.2098,21.4066,15,1
158.92,19.1738,25,15,1,43,40,1015,3,2,0,1,13.0119,20.5814,15,2
50.2655,24.4609,25,15,1,43,40,1015,3,2,0,1,16.3617,30.0008,15,2
70.8099,39.6111,25,15,1,43,40,1015,3,2,0,1,18.9972,30.9769,15,1
73.8808,33.1899,25,15,1,43,40,1015,3,2,0,1,12.2017,24.0625,15,1
413.386,36.1445,28,9,1,40,20,1014,3,0,0,0,24.2838,29.9097,15,1
288.64,38.6801,28,9,1,40,20,1014,3,0,0,0,19.037,27.7057,15,1
30.0292,9.1646,28,9,1,40,20,1014,3,0,0,0,9.3695,9.9149,15,1
92.2034,42.0215,28,9,1,40,20,1014,3,0,0,0,2.2381,2.3812,15,1
70.8099,39.6111,28,9,1,40,20,1014,3,0,0,0,20.101,17.8893,15,2
413.386,36.1445,30,21,0,22,6,1011,3,1,0,0,24.2838,29.248,15,2
288.64,38.6801,30,21,0,22,6,1011,3,1,0,0,19.037,21.4066,15,2
50.2655,24.4609,30,21,0,22,6,1011,3,1,0,0,8.6739,30.0008,15,2
158.92,19.1738,30,21,0,22,6,1011,3,1,0,0,23.3538,20.5814,15,2
70.8099,39.6111,30,21,0,22,6,1011,3,1,0,0,20.101,30.9769,15,2
73.8808,33.1899,30,21,0,22,6,1011,3,1,0,0,10.331,24.0625,15,2
413.386,36.1445,21,26,0,62,46,1016,3,2,0,0,24.2838,29.9097,15,1
288.64,38.6801,21,26,0,62,46,1016,3,2,0,0,19.037,27.7057,15,1
70.8099,39.6111,21,26,0,62,46,1016,3,2,0,0,20.101,17.8893,15,1
30.0292,9.1646,21,26,0,62,46,1016,3,2,0,0,9.3695,9.9149,15,0
48.4599,22.1824,21,26,0,62,46,1016,3,2,0,0,9.28663,9.80237,15,1
73.8808,33.1899,21,26,0,62,46,1016,3,2,0,0,10.331,25.429,15,1
413.386,36.1445,22,55,0,64,18,1010,3,1,0,0,10.0773,81.6954,15,1
288.64,38.6801,22,55,0,64,18,1010,3,1,0,0,12.7326,41.0215,15,2
92.2034,42.0215,22,55,0,64,18,1010,3,1,0,0,10.9029,36.7886,15,2
48.4599,22.1824,22,55,0,64,18,1010,3,1,0,0,17.1962,42.1609,15,2
87.0907,38.5497,22,55,0,64,18,1010,3,1,0,0,16.374,52.191,15,1
73.8808,33.1899,22,55,0,64,18,1010,3,1,0,0,9.9382,71.099,15,1
0.0,4.03707,22,55,0,64,18,1010,3,1,0,0,4.236,4.4852,15,0
413.386,36.1445,28,19,0,63,1,1011,3,2,0,1,24.8839,81.6954,15,0
288.64,38.6801,28,19,0,63,1,1011,3,2,0,1,10.0022,41.0215,15,0
92.2034,42.0215,28,19,0,63,1,1011,3,2,0,1,17.3477,36.7886,15,2
38.9435,8.88,28,19,0,63,1,1011,3,2,0,1,9.0912,9.5972,15,2
87.0907,38.5497,28,19,0,63,1,1011,3,2,0,1,21.4064,52.191,15,2
70.8099,39.6111,28,19,0,63,1,1011,3,2,0,1,8.5348,27.7096,15,1
73.8808,33.1899,28,19,0,63,1,1011,3,2,0,1,15.2488,71.099,15,2
288.64,38.6801,19,5,0,81,12,1012,3,1,0,0,11.898,41.0215,15,1
52.6447,27.1359,19,5,0,81,12,1012,3,1,0,0,18.3214,30.0707,15,2
0.0,18.8982,19,5,0,81,12,1012,3,1,0,0,7.9784,19.9617,15,1
87.0907,38.5497,19,5,0,81,12,1012,3,1,0,0,35.157,52.191,15,2
70.8099,39.6111,19,5,0,81,12,1012,3,1,0,0,14.9706,27.7096,15,2
92.2034,42.0215,19,5,0,81,12,1012,3,1,0,0,11.6075,36.7886,15,0
413.386,36.1445,23,24,0,60,0,1014,3,2,0,0,24.6057,81.6954,15,2
52.6447,27.1359,23,24,0,60,0,1014,3,2,0,0,11.3237,30.0707,15,0
0.0,18.8982,23,24,0,60,0,1014,3,2,0,0,23.9102,19.9617,15,2
92.2034,42.0215,23,24,0,60,0,1014,3,2,0,0,9.0913,36.7886,15,2
87.0907,38.5497,23,24,0,60,0,1014,3,2,0,0,20.1297,52.191,15,0
70.8099,39.6111,23,24,0,60,0,1014,3,2,0,0,12.6295,27.7096,15,2
73.8808,33.1899,23,24,0,60,0,1014,3,2,0,0,5.3107,71.099,15,0
288.64,38.6801,28,6,0,46,47,1013,3,2,0,1,10.2603,41.0215,15,2
52.6447,27.1359,28,6,0,46,47,1013,3,2,0,1,18.4481,30.0707,15,0
0.0,18.8982,28,6,0,46,47,1013,3,2,0,1,11.9676,19.9617,15,0
92.2034,42.0215,28,6,0,46,47,1013,3,2,0,1,16.2822,36.7886,15,2
70.8099,39.6111,28,6,0,46,47,1013,3,2,0,1,14.68,27.7096,15,2
48.4599,22.1824,28,6,0,46,47,1013,3,2,0,1,22.7974,42.1609,15,2
73.8808,33.1899,28,6,0,46,47,1013,3,2,0,1,13.6939,71.099,15,0
288.64,38.6801,31,5,0,46,45,1010,3,2,0,1,18.6388,44.1083,15,2
52.6447,27.1359,31,5,0,46,45,1010,3,2,0,1,27.8175,26.3492,15,0
441.988,24.4172,31,5,0,46,45,1010,3,2,0,1,29.0246,51.752,15,0
70.8099,39.6111,31,5,0,46,45,1010,3,2,0,1,12.2211,11.6607,15,2
87.0907,38.5497,31,5,0,46,45,1010,3,2,0,1,44.1662,13.7674,15,2
73.8808,33.1899,31,5,0,46,45,1010,3,2,0,1,19.8763,23.0978,15,1
39.0088,7.3059,31,5,0,46,45,1010,3,2,0,1,7.5487,11.8319,15,2
413.386,36.1445,29,10,3,73,32,1010,2,1,0,0,15.7275,31.7433,15,1
288.64,38.6801,29,10,3,73,32,1010,2,1,0,0,9.742,44.1083,15,1
39.5303,12.0281,29,10,3,73,32,1010,2,1,0,0,12.0731,17.5782,15,1
441.988,24.4172,29,10,3,73,32,1010,2,1,0,0,10.2339,51.752,15,2
73.8808,33.1899,29,10,3,73,32,1010,2,1,0,0,5.3107,23.0978,15,0
160.701,11.1811,29,10,3,73,32,1010,2,1,0,0,11.0995,11.7109,15,1
63.9646,10.3331,29,10,3,73,32,1010,2,1,0,0,10.4946,11.0747,15,2
594.115,56.8749,18,15,0,63,13,1015,3,2,0,1,35.5419,68.7139,16,2
288.64,28.8198,18,15,0,63,13,1015,3,2,0,1,29.426,41.0215,16,2
158.92,30.3373,18,15,0,63,13,1015,3,2,0,1,29.6271,13.2492,16,2
73.8808,30.1666,18,15,0,63,13,1015,3,2,0,1,28.6769,71.099,16,2
160.701,23.5276,18,15,0,63,13,1015,3,2,0,1,43.1486,25.6407,16,2
594.115,56.8749,17,30,0,77,100,1010,3,2,0,1,35.5419,93.0253,16,2
288.64,28.8198,17,30,0,77,100,1010,3,2,0,1,29.426,45.2125,16,2
158.92,30.3373,17,30,0,77,100,1010,3,2,0,1,29.6271,36.2933,16,2
441.988,24.7213,17,30,0,77,100,1010,3,2,0,1,52.0183,85.9906,16,2
39.0088,35.8898,17,30,0,77,100,1010,3,2,0,1,28.6769,21.6974,16,2
73.8808,30.1666,17,30,0,77,100,1010,3,2,0,1,28.6769,19.6586,16,1
594.115,56.8749,15,31,0,78,43,1019,3,1,0,0,22.6639,92.8711,16,2
288.64,28.8198,15,31,0,78,43,1019,3,1,0,0,38.3756,52.63,16,2
158.92,30.3373,15,31,0,78,43,1019,3,1,0,0,15.3095,32.8564,16,2
441.988,24.7213,15,31,0,78,43,1019,3,1,0,0,29.0691,80.4983,16,2
73.8808,30.1666,15,31,0,78,43,1019,3,1,0,0,9.9382,10.4887,16,1
39.0088,35.8898,15,31,0,78,43,1019,3,1,0,0,10.2339,6.5329,16,1
92.2034,2.1007,15,31,0,78,43,1019,3,1,0,0,4.7544,2.2347,16,1
594.115,56.8749,28,21,0,79,47,1007,3,1,0,1,26.8562,37.2646,16,2
158.92,30.3373,28,21,0,79,47,1007,3,1,0,1,32.748,22.5503,16,2
140.869,28.9678,28,21,0,79,47,1007,3,1,0,1,22.7974,29.7032,16,2
42.2495,22.1951,28,21,0,79,47,1007,3,1,0,1,23.1518,24.4032,16,0
39.0088,35.8898,28,21,0,79,47,1007,3,1,0,1,7.827,18.5235,16,2
0.0,5.3688,28,21,0,79,47,1007,3,1,0,1,5.5889,5.9097,16,0
73.8808,30.1666,28,21,0,79,47,1007,3,1,0,1,11.3666,25.429,16,2
594.115,56.8749,29,21,0,75,47,1010,3,2,0,1,26.8562,37.2646,16,2
158.92,30.3373,29,21,0,75,47,1010,3,2,0,1,32.748,22.5503,16,1
79.9514,82.2144,29,21,0,75,47,1010,3,2,0,1,10.4946,70.245,16,2
87.0907,20.9322,29,21,0,75,47,1010,3,2,0,1,7.8586,20.8502,16,1
73.8808,30.1666,29,21,0,75,47,1010,3,2,0,1,11.3666,25.429,16,1
39.0088,35.8898,29,21,0,75,47,1010,3,2,0,1,7.827,18.5235,16,0
39.3799,20.0365,29,21,0,75,47,1010,3,2,0,1,2.7578,16.0449,16,1
594.115,56.8749,31,34,0,62,4,1008,3,2,0,1,48.2943,37.2646,16,0
158.92,30.3373,31,34,0,62,4,1008,3,2,0,1,12.5935,22.5503,16,1
79.9514,82.2144,31,34,0,62,4,1008,3,2,0,1,34.6955,70.245,16,2
87.0907,20.9322,31,34,0,62,4,1008,3,2,0,1,20.1315,20.8502,16,2
39.3799,20.0365,31,34,0,62,4,1008,3,2,0,1,14.431,16.0449,16,2
73.8808,30.1666,31,34,0,62,4,1008,3,2,0,1,17.0248,25.429,16,2
39.0088,35.8898,31,34,0,62,4,1008,3,2,0,1,9.6478,18.5235,16,2
594.115,56.8749,28,26,0,75,34,1010,3,1,0,1,48.2943,37.2646,16,2
0.0,5.8528,28,26,0,75,34,1010,3,1,0,1,6.1453,6.4957,16,0
79.9514,82.2144,28,26,0,75,34,1010,3,1,0,1,34.6955,70.245,16,2
73.8808,30.1666,28,26,0,75,34,1010,3,1,0,1,17.0248,25.429,16,2
39.3799,20.0365,28,26,0,75,34,1010,3,1,0,1,14.431,16.0449,16,2
87.0907,20.9322,28,26,0,75,34,1010,3,1,0,1,20.1315,20.8502,16,0
39.0088,35.8898,28,26,0,75,34,1010,3,1,0,1,9.6478,18.5235,16,0
594.115,56.8749,28,28,0,75,5,1010,3,1,0,0,48.2943,37.2646,16,1
413.386,7.6689,28,28,0,75,5,1010,3,1,0,0,31.8562,29.9097,16,0
73.8808,30.1666,28,28,0,75,5,1010,3,1,0,0,17.0248,25.429,16,2
140.869,28.9678,28,28,0,75,5,1010,3,1,0,0,7.68472,29.7032,16,1
39.3799,20.0365,28,28,0,75,5,1010,3,1,0,0,14.431,16.0449,16,2
79.9514,82.2144,28,28,0,75,5,1010,3,1,0,0,34.6955,70.245,16,1
39.0088,35.8898,28,28,0,75,5,1010,3,1,0,0,9.6478,18.5235,16,1
594.115,56.8749,24,6,2,93,44,1010,3,1,1,0,43.6984,93.0253,16,2
38.8559,35.47,24,6,2,93,44,1010,3,1,1,0,14.68,37.6275,16,2
354.802,21.0905,24,6,2,93,44,1010,3,1,1,0,35.1855,82.1064,16,2
441.988,24.7213,24,6,2,93,44,1010,3,1,1,0,29.0246,85.9906,16,0
87.0907,20.9322,24,6,2,93,44,1010,3,1,1,0,44.1662,18.4122,16,0
39.3799,20.0365,24,6,2,93,44,1010,3,1,1,0,11.9299,29.8576,16,2
594.115,56.8749,24,4,0,86,34,1008,3,1,1,0,49.9731,93.0253,16,2
38.8559,35.47,24,4,0,86,34,1008,3,1,1,0,30.2256,37.6275,16,2
354.802,21.0905,24,4,0,86,34,1008,3,1,1,0,45.6636,82.1064,16,1
79.9514,82.2144,24,4,0,86,34,1008,3,1,1,0,31.243,40.9889,16,2
140.869,28.9678,24,4,0,86,34,1008,3,1,1,0,21.5888,32.885,16,1
63.9646,59.4912,24,4,0,86,34,1008,3,1,1,0,34.2542,64.0298,16,1
594.115,56.8749,23,9,0,83,15,1007,3,1,1,1,49.9731,93.0253,16,2
38.8559,35.47,23,9,0,83,15,1007,3,1,1,1,30.2256,37.6275,16,1
79.9514,82.2144,23,9,0,83,15,1007,3,1,1,1,31.243,40.9889,16,2
354.802,21.0905,23,9,0,83,15,1007,3,1,1,1,45.6636,82.1064,16,2
140.869,28.9678,23,9,0,83,15,1007,3,1,1,1,21.5888,32.885,16,1
63.9646,59.4912,23,9,0,83,15,1007,3,1,1,1,34.2542,64.0298,16,2
594.115,56.8749,29,9,0,82,62,1007,3,2,0,0,60.7292,93.0253,16,0
38.8559,35.47,29,9,0,82,62,1007,3,2,0,0,21.4134,37.6275,16,0
354.802,21.0905,29,9,0,82,62,1007,3,2,0,0,61.955,82.1064,16,1
0.0,40.8831,29,9,0,82,62,1007,3,2,0,0,41.8267,44.0904,16,2
140.869,28.9678,29,9,0,82,62,1007,3,2,0,0,25.2212,32.885,16,2
39.3799,20.0365,29,9,0,82,62,1007,3,2,0,0,14.2384,29.8576,16,0
63.9646,59.4912,29,9,0,82,62,1007,3,2,0,0,27.1061,64.0298,16,2
594.115,56.8749,27,7,1,91,57,1010,3,1,1,1,60.7292,93.0253,16,1
38.8559,35.47,27,7,1,91,57,1010,3,1,1,1,21.4134,37.6275,16,2
140.869,28.9678,27,7,1,91,57,1010,3,1,1,1,25.2212,32.885,16,2
354.802,21.0905,27,7,1,91,57,1010,3,1,1,1,61.955,82.1064,16,2
0.0,40.8831,27,7,1,91,57,1010,3,1,1,1,41.8267,44.0904,16,1
63.9646,59.4912,27,7,1,91,57,1010,3,1,1,1,27.1061,64.0298,16,2
39.3799,20.0365,27,7,1,91,57,1010,3,1,1,1,14.2384,29.8576,16,2
288.64,47.2555,34,14,0,49,0,1005,3,2,0,1,16.3982,52.63,17,1
41.7387,18.676,34,14,0,49,0,1005,3,2,0,1,18.3214,24.3074,17,2
140.869,57.9908,34,14,0,49,0,1005,3,2,0,1,18.5996,44.9196,17,2
441.988,39.3407,34,14,0,49,0,1005,3,2,0,1,26.7226,80.4983,17,0
48.4599,27.2937,34,14,0,49,0,1005,3,2,0,1,20.85,28.4438,17,1
63.9646,32.9779,34,14,0,49,0,1005,3,2,0,1,12.5935,31.699,17,2
288.64,47.2555,34,16,0,43,0,1007,3,2,0,0,18.3711,52.63,17,1
41.7387,18.676,34,16,0,43,0,1007,3,2,0,0,11.9921,24.3074,17,1
48.4599,27.2937,34,16,0,43,0,1007,3,2,0,0,22.3806,28.4438,17,2
441.988,39.3407,34,16,0,43,0,1007,3,2,0,0,16.8818,80.4983,17,1
140.869,57.9908,34,16,0,43,0,1007,3,2,0,0,34.3236,44.9196,17,1
63.9646,32.9779,34,16,0,43,0,1007,3,2,0,0,9.0913,31.699,17,2
41.7387,18.676,30,12,0,71,0,1010,3,1,1,1,11.9921,24.3074,17,2
79.9514,27.5657,30,12,0,71,0,1010,3,1,1,1,39.1962,28.0594,17,1
140.869,57.9908,30,12,0,71,0,1010,3,1,1,1,34.3236,44.9196,17,2
48.4599,27.2937,30,12,0,71,0,1010,3,1,1,1,22.3806,28.4438,17,1
63.9646,32.9779,30,12,0,71,0,1010,3,1,1,1,9.0913,31.699,17,2
441.988,39.3407,30,12,0,71,0,1010,3,1,1,1,16.8818,80.4983,17,2
288.64,47.2555,30,10,0,55,0,1010,3,1,0,1,21.8667,52.63,17,1
41.7387,18.676,30,10,0,55,0,1010,3,1,0,1,11.051,24.3074,17,2
140.869,57.9908,30,10,0,55,0,1010,3,1,0,1,15.5394,44.9196,17,1
160.701,28.7776,30,10,0,55,0,1010,3,1,0,1,31.6084,59.0551,17,1
441.988,39.3407,30,10,0,55,0,1010,3,1,0,1,25.0018,80.4983,17,1
63.9646,32.9779,30,10,0,55,0,1010,3,1,0,1,12.0247,31.699,17,2
79.9514,27.5657,32,14,0,54,0,1009,3,1,0,1,7.7002,28.0594,17,1
38.8559,8.638,32,14,0,54,0,1009,3,1,0,1,8.813,9.3042,17,2
48.4599,27.2937,32,14,0,54,0,1009,3,1,0,1,13.3395,28.4438,17,1
441.988,39.3407,32,14,0,54,0,1009,3,1,0,1,25.0018,80.4983,17,0
160.701,28.7776,32,14,0,54,0,1009,3,1,0,1,31.6084,59.0551,17,2
288.64,47.2555,25,5,0,12,97,1017,3,2,0,1,6.50238,45.2125,17,1
354.802,23.978,25,5,0,12,97,1017,3,2,0,1,8.4081,82.1064,17,1
158.92,25.6918,25,5,0,12,97,1017,3,2,0,1,11.3777,36.2933,17,1
441.988,39.3407,25,5,0,12,97,1017,3,2,0,1,10.3936,85.9906,17,2
140.869,57.9908,25,5,0,12,97,1017,3,2,0,1,8.269,32.885,17,1
70.8099,22.7598,25,5,0,12,97,1017,3,2,0,1,8.1175,24.4163,17,1
354.802,23.978,19,5,0,57,15,1019,3,2,0,1,7.1438,82.1064,17,1
288.64,47.2555,19,5,0,57,15,1019,3,2,0,1,21.3816,45.2125,17,0
441.988,39.3407,19,5,0,57,15,1019,3,2,0,1,9.33963,85.9906,17,0
158.92,25.6918,19,5,0,57,15,1019,3,2,0,1,29.0569,36.2933,17,0
140.869,57.9908,19,5,0,57,15,1019,3,2,0,1,21.4064,32.885,17,2
70.8099,22.7598,19,5,0,57,15,1019,3,2,0,1,21.6722,24.4163,17,2
73.8808,15.9748,19,5,0,57,15,1019,3,2,0,1,3.0727,19.6586,17,0
288.64,47.2555,25,11,0,65,0,1018,3,1,0,0,10.0773,45.2125,17,1
140.869,57.9908,25,11,0,65,0,1018,3,1,0,0,17.7083,32.885,17,2
354.802,23.978,25,11,0,65,0,1018,3,1,0,0,8.6615,82.1064,17,0
70.8099,22.7598,25,11,0,65,0,1018,3,1,0,0,10.4822,24.4163,17,0
158.92,25.6918,25,11,0,65,0,1018,3,1,0,0,5.8795,36.2933,17,1
441.988,39.3407,25,11,0,65,0,1018,3,1,0,0,10.7728,85.9906,17,2
73.8808,15.9748,25,11,0,65,0,1018,3,1,0,0,10.0649,19.6586,17,0
39.0088,6.8645,25,11,0,65,0,1018,3,1,0,0,3.3509,21.6974,17,0
288.64,47.2555,27,4,0,40,0,1015,3,2,0,1,58.5641,27.7057,17,2
140.869,57.9908,27,4,0,40,0,1015,3,2,0,1,35.6429,29.7032,17,2
441.988,39.3407,27,4,0,40,0,1015,3,2,0,1,48.9939,17.7583,17,1
79.9514,27.5657,27,4,0,40,0,1015,3,2,0,1,16.6838,70.245,17,2
39.3799,23.4492,27,4,0,40,0,1015,3,2,0,1,24.1885,16.0449,17,2
73.8808,15.9748,27,4,0,40,0,1015,3,2,0,1,11.0857,25.429,17,1
288.64,47.2555,28,8,0,38,0,1015,3,2,0,0,58.5641,44.1083,17,2
158.92,25.6918,28,8,0,38,0,1015,3,2,0,0,12.5698,18.5291,17,2
140.869,57.9908,28,8,0,38,0,1015,3,2,0,0,35.6429,24.9356,17,1
441.988,39.3407,28,8,0,38,0,1015,3,2,0,0,48.9939,51.752,17,2
73.8808,15.9748,28,8,0,38,0,1015,3,2,0,0,11.0857,23.0978,17,0
39.3799,23.4492,28,8,0,38,0,1015,3,2,0,0,24.1885,26.7034,17,2
288.64,47.2555,27,9,0,39,0,1014,3,2,0,0,58.5641,27.7057,17,1
158.92,25.6918,27,9,0,39,0,1014,3,2,0,0,12.5698,22.5503,17,1
441.988,39.3407,27,9,0,39,0,1014,3,2,0,0,48.9939,17.7583,17,1
140.869,57.9908,27,9,0,39,0,1014,3,2,0,0,35.6429,29.7032,17,2
87.0907,12.7547,27,9,0,39,0,1014,3,2,0,0,12.6086,20.8502,17,2
73.8808,15.9748,27,9,0,39,0,1014,3,2,0,0,11.0857,25.429,17,1
288.64,47.2555,27,9,0,36,2,1011,3,2,0,0,58.5641,44.1083,17,1
79.9514,27.5657,27,9,0,36,2,1011,3,2,0,0,16.6838,9.37722,17,1
441.988,39.3407,27,9,0,36,2,1011,3,2,0,0,48.9939,51.752,17,1
87.0907,12.7547,27,9,0,36,2,1011,3,2,0,0,12.6086,13.7674,17,1
288.64,47.2555,25,15,0,30,3,1011,3,1,0,1,58.5641,44.1083,17,1
79.9514,27.5657,25,15,0,30,3,1011,3,1,0,1,16.6838,9.37722,17,1
441.988,39.3407,25,15,0,30,3,1011,3,1,0,1,48.9939,51.752,17,2
0.0,5.66412,25,15,0,30,3,1011,3,1,0,1,5.60933,5.93055,17,1
140.869,57.9908,25,15,0,30,3,1011,3,1,0,1,35.6429,24.9356,17,1
39.0088,6.8645,25,15,0,30,3,1011,3,1,0,1,3.6415,11.8319,17,1
140.869,24.6319,27,9,10,86,83,1011,1,1,0,1,20.0427,37.0369,18,1
288.64,26.011,27,9,10,86,83,1011,1,1,0,1,18.6388,41.0215,18,2
50.2655,27.1251,27,9,10,86,83,1011,1,1,0,1,15.8053,16.6914,18,2
52.6447,18.5565,27,9,10,86,83,1011,1,1,0,1,27.8175,30.0707,18,1
87.0907,20.8634,27,9,10,86,83,1011,1,1,0,1,44.1662,52.191,18,0
288.64,26.011,25,3,3,88,59,1010,2,1,1,1,18.6388,41.0215,18,2
37.3169,14.085,25,3,3,88,59,1010,2,1,1,1,14.5852,23.9638,18,0
140.869,24.6319,25,3,3,88,59,1010,2,1,1,1,20.0427,37.0369,18,2
441.988,20.5512,25,3,3,88,59,1010,2,1,1,1,29.0246,43.6514,18,2
0.0,35.3138,25,3,3,88,59,1010,2,1,1,1,21.6846,38.1929,18,2
50.2655,27.1251,25,3,3,88,59,1010,2,1,1,1,15.8053,16.6914,18,2
288.64,26.011,27,10,1,68,14,1011,3,2,0,1,23.2574,41.0215,18,2
52.6447,18.5565,27,10,1,68,14,1011,3,2,0,1,18.2477,30.0707,18,2
140.869,24.6319,27,10,1,68,14,1011,3,2,0,1,21.5888,37.0369,18,0
441.988,20.5512,27,10,1,68,14,1011,3,2,0,1,39.2752,43.6514,18,2
0.0,35.3138,27,10,1,68,14,1011,3,2,0,1,14.5409,38.1929,18,2
92.2034,20.839,27,10,1,68,14,1011,3,2,0,1,23.6606,36.7886,18,2
288.64,26.011,22,7,0,87,35,1011,3,1,1,0,23.2574,41.0215,18,0
140.869,24.6319,22,7,0,87,35,1011,3,1,1,0,21.5888,37.0369,18,0
441.988,20.5512,22,7,0,87,35,1011,3,1,1,0,39.2752,43.6514,18,0
30.0292,12.5537,22,7,0,87,35,1011,3,1,1,0,10.3432,6.2027,18,0
52.6447,18.5565,22,7,0,87,35,1011,3,1,1,0,18.2477,30.0707,18,0
92.2034,20.839,22,7,0,87,35,1011,3,1,1,0,23.6606,36.7886,18,2
288.64,26.011,26,16,0,88,74,1010,3,1,1,1,19.2161,41.0215,18,2
140.869,24.6319,26,16,0,88,74,1010,3,1,1,1,25.2212,37.0369,18,1
92.2034,20.839,26,16,0,88,74,1010,3,1,1,1,24.9738,36.7886,18,2
441.988,20.5512,26,16,0,88,74,1010,3,1,1,1,46.4186,43.6514,18,2
52.6447,18.5565,26,16,0,88,74,1010,3,1,1,1,19.6481,30.0707,18,2
594.115,13.7658,38,14,0,41,0,1004,3,2,0,0,22.7031,34.5052,18,1
288.64,26.011,38,14,0,41,0,1004,3,2,0,0,16.3982,44.1083,18,1
42.2495,20.0175,38,14,0,41,0,1004,3,2,0,0,20.5594,21.6727,18,2
441.988,20.5512,38,14,0,41,0,1004,3,2,0,0,26.7226,51.752,18,2
39.5303,7.6689,38,14,0,41,0,1004,3,2,0,0,7.966,17.5782,18,0
92.2034,20.839,38,14,0,41,0,1004,3,2,0,0,8.8894,21.9744,18,2
30.0292,12.5537,38,14,0,41,0,1004,3,2,0,0,7.1314,9.22043,18,2
594.115,13.7658,39,6,0,38,0,1002,3,2,0,0,23.0156,19.9538,18,2
79.9514,20.0186,39,6,0,38,0,1002,3,2,0,0,39.1962,21.3922,18,1
441.988,20.5512,39,6,0,38,0,1002,3,2,0,0,16.8818,17.9766,18,1
140.869,24.6319,39,6,0,38,0,1002,3,2,0,0,34.3236,12.1504,18,1
92.2034,20.839,39,6,0,38,0,1002,3,2,0,0,10.3555,13.7489,18,2
50.2655,27.1251,39,6,0,38,0,1002,3,2,0,0,11.7589,12.4057,18,1
594.115,44.6399,28,15,9,72,27,1011,1,0,0,1,43.6984,60.216,19,2
158.92,32.8064,28,15,9,72,27,1011,1,0,0,1,18.5618,36.0791,19,1
140.869,35.3934,28,15,9,72,27,1011,1,0,0,1,20.0427,18.7691,19,2
594.115,44.6399,24,14,1,89,93,1014,3,2,0,1,43.6984,60.216,19,1
158.92,32.8064,24,14,1,89,93,1014,3,2,0,1,18.5618,36.0791,19,2
140.869,35.3934,24,14,1,89,93,1014,3,2,0,1,20.0427,18.7691,19,2
441.988,34.274,24,14,1,89,93,1014,3,2,0,1,29.0246,39.5061,19,2
87.0907,116.231,24,14,1,89,93,1014,3,2,0,1,44.1662,32.1364,19,2
92.2034,28.0515,24,14,1,89,93,1014,3,2,0,1,15.3087,18.0033,19,1
594.115,44.6399,22,3,6,91,40,1013,2,1,1,0,49.9731,60.216,19,0
42.2495,12.8962,22,3,6,91,40,1013,2,1,1,0,20.7966,13.8506,19,0
140.869,35.3934,22,3,6,91,40,1013,2,1,1,0,21.5888,18.7691,19,0
92.2034,28.0515,22,3,6,91,40,1013,2,1,1,0,23.6606,18.0033,19,2
158.92,32.8064,22,3,6,91,40,1013,2,1,1,0,20.0571,36.0791,19,0
441.988,34.274,22,3,6,91,40,1013,2,1,1,0,39.2752,39.5061,19,0
594.115,44.6399,24,3,13,92,46,1011,1,1,0,0,49.9731,60.216,19,1
42.2495,12.8962,24,3,13,92,46,1011,1,1,0,0,20.7966,13.8506,19,2
37.3169,25.5753,24,3,13,92,46,1011,1,1,0,0,11.051,22.4424,19,2
140.869,35.3934,24,3,13,92,46,1011,1,1,0,0,21.5888,18.7691,19,1
92.2034,28.0515,24,3,13,92,46,1011,1,1,0,0,23.6606,18.0033,19,2
37.3169,25.5753,27,9,1,87,40,1012,3,1,1,1,9.00853,22.4424,19,1
79.9514,13.4264,27,9,1,87,40,1012,3,1,1,1,5.21963,5.52017,19,1
441.988,34.274,27,9,1,87,40,1012,3,1,1,1,46.4186,39.5061,19,0
92.2034,28.0515,27,9,1,87,40,1012,3,1,1,1,24.9738,18.0033,19,1
140.869,35.3934,27,9,1,87,40,1012,3,1,1,1,25.2212,18.7691,19,1
87.0907,116.231,27,9,1,87,40,1012,3,1,1,1,12.1068,32.1364,19,0
594.115,44.6399,25,17,0,53,6,1010,3,2,0,0,16.3779,51.0771,19,0
158.92,32.8064,25,17,0,53,6,1010,3,2,0,0,23.3743,33.2008,19,0
441.988,34.274,25,17,0,53,6,1010,3,2,0,0,33.9374,58.6169,19,0
160.701,33.7397,25,17,0,53,6,1010,3,2,0,0,34.683,55.0716,19,2
87.0907,116.231,25,17,0,53,6,1010,3,2,0,0,45.3166,70.7691,19,2
73.8808,19.0921,25,17,0,53,6,1010,3,2,0,0,19.4467,20.5254,19,2
39.0088,5.8954,25,17,0,53,6,1010,3,2,0,0,6.1454,6.5204,19,0
594.115,44.6399,19,19,0,45,25,1009,3,2,0,0,16.3779,51.0771,19,1
158.92,32.8064,19,19,0,45,25,1009,3,2,0,0,23.3743,33.2008,19,2
39.0088,5.8954,19,19,0,45,25,1009,3,2,0,0,6.1454,6.5204,19,0
441.988,34.274,19,19,0,45,25,1009,3,2,0,0,33.9374,58.6169,19,0
87.0907,116.231,19,19,0,45,25,1009,3,2,0,0,45.3166,70.7691,19,2
160.701,33.7397,19,19,0,45,25,1009,3,2,0,0,34.683,55.0716,19,2
73.8808,19.0921,19,19,0,45,25,1009,3,2,0,0,19.4467,20.5254,19,2
594.115,44.6399,26,7,0,38,0,1017,3,2,0,1,11.2804,51.0771,19,0
79.9514,13.4264,26,7,0,38,0,1017,3,2,0,1,20.6797,33.6601,19,2
158.92,32.8064,26,7,0,38,0,1017,3,2,0,1,25.9366,33.2008,19,0
441.988,34.274,26,7,0,38,0,1017,3,2,0,1,16.5606,58.6169,19,1
87.0907,116.231,26,7,0,38,0,1017,3,2,0,1,21.8237,70.7691,19,2
30.0292,13.3592,26,7,0,38,0,1017,3,2,0,1,13.7063,14.4567,19,2
92.2034,28.0515,26,7,0,38,0,1017,3,2,0,1,12.1638,12.8327,19,2
594.115,44.6399,33,16,0,19,0,1008,3,1,0,0,23.1186,68.7139,19,2
38.8559,14.9142,33,16,0,19,0,1008,3,1,0,0,13.2766,16.2039,19,0
140.869,35.3934,33,16,0,19,0,1008,3,1,0,0,21.5455,37.0369,19,2
441.988,34.274,33,16,0,19,0,1008,3,1,0,0,26.5532,43.6514,19,2
92.2034,28.0515,33,16,0,19,0,1008,3,1,0,0,11.6075,36.7886,19,2
87.0907,116.231,33,16,0,19,0,1008,3,1,0,0,35.157,52.191,19,2
594.115,44.6399,31,7,0,31,22,1015,3,2,0,1,10.6642,68.7139,19,1
38.8559,14.9142,31,7,0,31,22,1015,3,2,0,1,13.833,16.2039,19,0
92.2034,28.0515,31,7,0,31,22,1015,3,2,0,1,16.2822,36.7886,19,2
37.3169,25.5753,31,7,0,31,22,1015,3,2,0,1,16.5007,23.9638,19,2
140.869,35.3934,31,7,0,31,22,1015,3,2,0,1,18.4286,37.0369,19,1
441.988,34.274,31,7,0,31,22,1015,3,2,0,1,6.16683,43.6514,19,1
594.115,44.6399,25,12,0,77,63,1019,3,2,0,1,23.7711,68.7139,19,2
62.0616,22.1548,25,12,0,77,63,1019,3,2,0,1,10.5766,30.6138,19,2
37.3169,25.5753,25,12,0,77,63,1019,3,2,0,1,21.1034,23.9638,19,0
140.869,35.3934,25,12,0,77,63,1019,3,2,0,1,20.6985,37.0369,19,2
441.988,34.274,25,12,0,77,63,1019,3,2,0,1,12.5811,43.6514,19,0
0.0,30.4716,25,12,0,77,63,1019,3,2,0,1,20.5718,32.8939,19,1
92.2034,28.0515,22,21,0,71,6,1014,3,1,0,0,10.9029,36.7886,19,1
594.115,44.6399,22,21,0,71,6,1014,3,1,0,0,15.3879,68.7139,19,2
62.0616,22.1548,22,21,0,71,6,1014,3,1,0,0,5.1716,30.6138,19,0
37.3169,25.5753,22,21,0,71,6,1014,3,1,0,0,11.7465,23.9638,19,2
0.0,30.4716,22,21,0,71,6,1014,3,1,0,0,10.6213,32.8939,19,0
0.0,5.1268,22,21,0,71,6,1014,3,1,0,0,5.3107,5.6167,19,0
441.988,34.274,22,21,0,71,6,1014,3,1,0,0,6.0629,43.6514,19,2
594.115,44.6399,23,8,0,74,6,1011,3,1,0,1,11.7589,68.7139,19,1
92.2034,28.0515,23,8,0,74,6,1011,3,1,0,1,9.0913,36.7886,19,1
62.0616,22.1548,23,8,0,74,6,1011,3,1,0,1,15.2488,30.6138,19,2
140.869,35.3934,23,8,0,74,6,1011,3,1,0,1,15.3879,37.0369,19,2
441.988,34.274,23,8,0,74,6,1011,3,1,0,1,10.0773,43.6514,19,1
0.0,4.5218,23,8,0,74,6,1011,3,1,0,1,4.6152,4.8842,19,2
288.64,31.1069,15,2,1,67,13,1018,3,1,0,0,10.0717,10.6297,20,0
158.92,26.6611,15,2,1,67,13,1018,3,1,0,0,5.50105,5.8165,20,1
92.2034,38.4117,15,2,1,67,13,1018,3,1,0,0,11.9361,12.5927,20,2
441.988,67.228,15,2,1,67,13,1018,3,1,0,0,16.2307,20.2643,20,2
62.0616,38.7018,15,2,1,67,13,1018,3,1,0,0,14.4142,15.2017,20,1
594.115,33.7248,20,20,0,72,50,1017,3,1,0,0,22.6639,51.0771,20,0
288.64,31.1069,20,20,0,72,50,1017,3,1,0,0,38.3756,49.5404,20,2
62.0616,38.7018,20,20,0,72,50,1017,3,1,0,0,20.4204,8.2662,20,0
441.988,67.228,20,20,0,72,50,1017,3,1,0,0,29.0691,58.6169,20,0
122.804,25.5501,20,20,0,72,50,1017,3,1,0,0,11.829,26.3442,20,0
594.115,33.7248,15,19,1,83,51,1001,3,1,0,0,22.6639,19.9538,20,2
288.64,31.1069,15,19,1,83,51,1001,3,1,0,0,38.3756,18.3352,20,2
62.0616,38.7018,15,19,1,83,51,1001,3,1,0,0,20.4204,13.2847,20,1
158.92,26.6611,15,19,1,83,51,1001,3,1,0,0,15.3095,6.92193,20,1
441.988,67.228,15,19,1,83,51,1001,3,1,0,0,29.0691,17.9766,20,1
92.2034,38.4117,15,19,1,83,51,1001,3,1,0,0,4.7544,13.7489,20,2
594.115,33.7248,20,22,0,48,27,1013,3,2,0,1,35.5419,79.1412,20,2
158.92,26.6611,20,22,0,48,27,1013,3,2,0,1,29.6271,27.9847,20,0
62.0616,38.7018,20,22,0,48,27,1013,3,2,0,1,12.7687,13.469,20,2
441.988,67.228,20,22,0,48,27,1013,3,2,0,1,52.0183,47.0055,20,2
92.2034,38.4117,20,22,0,48,27,1013,3,2,0,1,9.8811,20.4434,20,1
63.9646,5.2478,20,22,0,48,27,1013,3,2,0,1,5.4498,19.9269,20,0
594.115,33.7248,16,16,0,57,4,1019,3,1,0,1,18.2745,60.216,20,1
158.92,26.6611,16,16,0,57,4,1019,3,1,0,1,19.5981,36.0791,20,1
92.2034,38.4117,16,16,0,57,4,1019,3,1,0,1,13.771,18.0033,20,1
441.988,67.228,16,16,0,57,4,1019,3,1,0,1,35.2766,39.5061,20,1
62.0616,38.7018,16,16,0,57,4,1019,3,1,0,1,16.4835,10.5017,20,1
122.804,25.5501,16,16,0,57,4,1019,3,1,0,1,11.9857,45.6241,20,0
594.115,33.7248,19,16,0,71,7,1025,3,1,0,0,16.6764,68.7139,20,1
92.2034,38.4117,19,16,0,71,7,1025,3,1,0,0,29.5239,36.7886,20,2
288.64,31.1069,19,16,0,71,7,1025,3,1,0,0,15.2364,41.0215,20,0
441.988,67.228,19,16,0,71,7,1025,3,1,0,0,11.6579,43.6514,20,2
122.804,25.5501,19,16,0,71,7,1025,3,1,0,0,15.1097,15.9342,20,2
62.0616,38.7018,19,16,0,71,7,1025,3,1,0,0,34.9612,30.6138,20,2
594.115,33.7248,19,26,1,60,28,1018,3,1,0,0,16.6764,31.587,20,1
92.2034,38.4117,19,26,1,60,28,1018,3,1,0,0,29.5239,22.2712,20,2
62.0616,38.7018,19,26,1,60,28,1018,3,1,0,0,34.9612,24.9082,20,2
37.3169,19.0832,19,26,1,60,28,1018,3,1,0,0,24.8839,26.2267,20,0
48.4599,16.5063,19,26,1,60,28,1018,3,1,0,0,17.0571,17.9852,20,2
0.0,2.5847,19,26,1,60,28,1018,3,1,0,0,2.6554,2.8207,20,2
354.802,3.9168,19,26,1,60,28,1018,3,1,0,0,5.01025,24.5498,20,1
594.115,33.7248,19,6,0,55,13,1014,3,1,0,1,18.2745,93.0253,20,0
37.3169,19.0832,19,6,0,55,13,1014,3,1,0,1,18.0432,19.0232,20,2
62.0616,38.7018,19,6,0,55,13,1014,3,1,0,1,16.4835,52.3503,20,2
441.988,67.228,19,6,0,55,13,1014,3,1,0,1,35.2766,85.9906,20,1
92.2034,38.4117,19,6,0,55,13,1014,3,1,0,1,13.771,16.6542,20,0
594.115,33.7248,26,13,0,88,49,1010,3,1,1,1,60.7292,34.5052,20,1
158.92,26.6611,26,13,0,88,49,1010,3,1,1,1,24.9134,18.5291,20,2
441.988,67.228,26,13,0,88,49,1010,3,1,1,1,46.4186,51.752,20,2
52.6447,20.8621,26,13,0,88,49,1010,3,1,1,1,19.6481,26.3492,20,2
92.2034,38.4117,26,13,0,88,49,1010,3,1,1,1,24.9738,21.9744,20,1
92.2034,38.4117,28,15,0,77,44,1008,3,2,0,0,24.9738,21.9744,20,1
158.92,26.6611,28,15,0,77,44,1008,3,2,0,0,24.9134,18.5291,20,2
62.0616,38.7018,28,15,0,77,44,1008,3,2,0,0,21.1532,13.5422,20,2
52.6447,20.8621,28,15,0,77,44,1008,3,2,0,0,19.6481,26.3492,20,1
140.869,17.9629,28,15,0,77,44,1008,3,2,0,0,25.2212,24.9356,20,1
50.2655,13.8432,27,13,0,87,43,1011,3,1,1,1,25.4529,15.0427,20,2
37.3169,19.0832,27,13,0,87,43,1011,3,1,1,1,9.00853,6.05095,20,1
140.869,17.9629,27,13,0,87,43,1011,3,1,1,1,25.2212,24.9356,20,1
30.0292,5.5874,27,13,0,87,43,1011,3,1,1,1,5.5442,9.22043,20,1
39.3799,8.033,27,13,0,87,43,1011,3,1,1,1,14.2384,26.7034,20,1
52.6447,20.8621,27,13,0,87,43,1011,3,1,1,1,19.6481,26.3492,20,1
50.2655,35.7989,31,31,0,65,9,1006,3,2,0,0,36.5161,38.4984,21,2
158.92,23.6619,31,31,0,65,9,1006,3,2,0,0,23.9772,32.8564,21,2
62.0616,20.6225,31,31,0,65,9,1006,3,2,0,0,21.2549,22.4052,21,2
52.6447,22.5962,31,31,0,65,9,1006,3,2,0,0,22.9795,24.2451,21,2
39.0088,4.1588,31,31,0,65,9,1006,3,2,0,0,4.1979,6.5329,21,1
39.3799,19.3342,31,31,0,65,9,1006,3,2,0,0,19.3615,20.4349,21,2
158.92,23.6619,28,29,0,78,56,1010,3,1,1,1,23.9772,32.8564,21,2
30.0292,10.9381,28,29,0,78,56,1010,3,1,1,1,11.1901,11.8072,21,2
52.6447,22.5962,28,29,0,78,56,1010,3,1,1,1,22.9795,24.2451,21,0
87.0907,22.3176,28,29,0,78,56,1010,3,1,1,1,22.9365,24.1757,21,2
39.3799,19.3342,28,29,0,78,56,1010,3,1,1,1,19.3615,20.4349,21,2
50.2655,35.7989,28,29,0,78,56,1010,3,1,1,1,36.5161,38.4984,21,2
