catches,run_outs,dropped_catches,missed_run_outs,fielding_consistency,fielding_temp,fielding_wind,fielding_rain,fielding_humidity,fielding_cloud,fielding_pressure,fielding_viscosity,fielding_inning,fielding_session,toss,season,success_rate
1,0,0,0,0.8,26,9,0,39,4,1009,3,2,0,1,1,1.0
2,0,0,0,0.857143,26,9,0,39,4,1009,3,2,0,1,1,1.0
0,0,1,0,0.918367,26,9,0,39,4,1009,3,2,0,1,1,0.0
0,1,1,1,0.90678,26,9,0,39,4,1009,3,2,0,1,1,0.3333333333333333
1,0,0,0,0.0,26,9,0,39,4,1009,3,2,0,1,1,1.0
1,0,0,0,0.875,28,9,0,36,0,1010,3,2,0,1,1,1.0
0,0,1,0,0.740741,28,9,0,36,0,1010,3,2,0,1,1,0.0
2,0,0,0,0.90678,28,9,0,36,0,1010,3,2,0,1,1,1.0
0,0,1,0,0.777778,28,9,0,36,0,1010,3,2,0,1,1,0.0
1,0,0,0,0.8,28,9,0,36,0,1010,3,2,0,1,1,1.0
1,0,0,0,0.0,28,9,0,36,0,1010,3,2,0,1,1,1.0
1,0,0,0,0.892473,28,9,0,36,0,1010,3,2,0,1,1,1.0
0,1,0,0,0.0,30,7,0,30,0,1013,3,2,0,1,1,1.0
0,0,2,0,0.792208,30,7,0,30,0,1013,3,2,0,1,1,0.0
1,0,0,0,0.777778,30,7,0,30,0,1013,3,2,0,1,1,1.0
1,0,0,0,0.740741,30,7,0,30,0,1013,3,2,0,1,1,1.0
1,0,0,0,0.0,30,7,0,30,0,1013,3,2,0,1,1,1.0
0,1,0,1,0.918367,30,7,0,30,0,1013,3,2,0,1,1,0.5
1,1,1,0,0.90678,30,7,0,30,0,1013,3,2,0,1,1,0.6666666666666666
0,0,1,0,0.740741,24,3,0,57,0,1012,3,1,1,1,1,0.0
0,0,1,0,0.740741,24,3,0,57,0,1012,3,1,1,1,1,0.0
1,0,0,0,0.90678,24,3,0,57,0,1012,3,1,1,1,1,1.0
1,0,0,0,0.0,24,3,0,57,0,1012,3,1,1,1,1,1.0
3,0,0,0,0.90678,26,5,0,33,17,1014,3,2,0,1,1,1.0
0,0,0,1,0.777778,26,5,0,33,17,1014,3,2,0,1,1,0.0
2,0,0,0,0.857143,26,5,0,33,17,1014,3,2,0,1,1,1.0
1,0,0,0,0.75,13,18,3,91,69,1023,3,1,0,0,2,1.0
1,0,0,0,0.0,13,18,3,91,69,1023,3,1,0,0,2,1.0
1,0,0,0,0.918367,12,18,0,85,70,1026,2,2,0,1,2,1.0
2,1,0,0,0.860465,12,18,0,85,70,1026,2,2,0,1,2,1.0
1,0,0,0,0.75,12,18,0,85,70,1026,2,2,0,1,2,1.0
1,0,0,0,0.740741,12,18,0,85,70,1026,2,2,0,1,2,1.0
1,1,0,0,0.892473,12,18,0,85,70,1026,2,2,0,1,2,1.0
0,1,0,0,0.0,12,18,0,85,70,1026,2,2,0,1,2,1.0
2,0,0,0,0.892473,20,5,0,47,7,1023,3,2,0,1,2,1.0
0,0,0,1,0.857143,20,5,0,47,7,1023,3,2,0,1,2,0.0
1,0,0,0,0.75,20,5,0,47,7,1023,3,2,0,1,2,1.0
2,0,0,0,0.888889,20,5,0,47,7,1023,3,2,0,1,2,1.0
0,1,0,0,0.740741,20,5,0,47,7,1023,3,2,0,1,2,1.0
1,0,0,0,0.0,20,5,0,47,7,1023,3,2,0,1,2,1.0
0,0,0,1,0.888889,20,12,0,40,4,1020,3,1,0,0,2,0.0
0,0,0,1,0.740741,20,12,0,40,4,1020,3,1,0,0,2,0.0
1,0,0,1,0.860465,20,12,0,40,4,1020,3,1,0,0,2,0.5
1,1,0,0,0.860465,23,3,0,46,9,1020,3,2,0,1,2,1.0
1,0,0,0,0.857143,23,3,0,46,9,1020,3,2,0,1,2,1.0
1,1,0,0,0.888889,23,3,0,46,9,1020,3,2,0,1,2,1.0
0,1,0,0,0.743902,23,3,0,46,9,1020,3,2,0,1,2,1.0
2,1,0,0,0.740741,23,3,0,46,9,1020,3,2,0,1,2,1.0
1,0,0,0,0.740741,23,3,0,46,9,1020,3,2,0,1,2,1.0
1,0,0,1,0.731707,24,3,6,99,34,1011,2,1,1,1,2,0.5
0,0,0,1,0.727273,24,3,6,99,34,1011,2,1,1,1,2,0.0
3,1,0,1,0.90678,24,3,6,99,34,1011,2,1,1,1,2,0.8
0,1,0,0,0.740741,24,3,6,99,34,1011,2,1,1,1,2,1.0
0,1,0,0,0.0,24,3,6,99,34,1011,2,1,1,1,2,1.0
1,0,0,0,0.743902,24,3,6,99,34,1011,2,1,1,1,2,1.0
2,2,0,0,0.90678,24,3,8,99,57,1010,1,1,1,1,2,1.0
1,0,0,0,0.792208,24,3,8,99,57,1010,1,1,1,1,2,1.0
1,0,0,0,0.918367,24,3,8,99,57,1010,1,1,1,1,2,1.0
1,0,0,0,0.777778,27,5,4,91,51,1009,2,2,0,1,2,1.0
3,1,0,0,0.90678,27,5,4,91,51,1009,2,2,0,1,2,1.0
0,1,0,0,0.792208,27,5,4,91,51,1009,2,2,0,1,2,1.0
0,1,0,0,0.888889,27,5,4,91,51,1009,2,2,0,1,2,1.0
0,1,0,0,0.740741,27,5,10,95,60,1008,1,2,0,0,2,1.0
1,1,0,0,0.918367,27,5,10,95,60,1008,1,2,0,0,2,1.0
1,0,0,0,0.792208,27,5,10,95,60,1008,1,2,0,0,2,1.0
1,0,0,1,0.90678,27,5,10,95,60,1008,1,2,0,0,2,0.5
0,0,1,0,0.0,27,5,10,95,60,1008,1,2,0,0,2,0.0
1,0,1,0,0.727273,27,5,10,95,60,1008,1,2,0,0,2,0.5
1,0,0,0,0.90678,27,8,1,74,29,1010,3,2,0,0,2,1.0
2,0,0,0,0.888889,27,8,1,74,29,1010,3,2,0,0,2,1.0
1,0,0,0,0.857143,27,8,1,74,29,1010,3,2,0,0,2,1.0
1,0,0,0,0.792208,27,8,1,74,29,1010,3,2,0,0,2,1.0
1,0,0,0,0.882353,27,8,1,74,29,1010,3,2,0,0,2,1.0
1,0,0,0,0.743902,27,8,1,74,29,1010,3,2,0,0,2,1.0
1,0,0,0,0.740741,27,8,1,74,29,1010,3,2,0,0,2,1.0
1,0,0,0,0.918367,24,4,3,95,47,1010,2,1,1,1,2,1.0
1,0,0,0,0.90678,24,4,3,95,47,1010,2,1,1,1,2,1.0
1,0,0,0,0.740741,24,4,3,95,47,1010,2,1,1,1,2,1.0
4,0,0,0,0.90678,28,3,11,89,66,1010,1,2,0,0,2,1.0
1,0,0,0,0.0,28,3,11,89,66,1010,1,2,0,0,2,1.0
1,0,0,0,0.740741,28,3,11,89,66,1010,1,2,0,0,2,1.0
0,1,0,0,0.888889,23,6,3,95,45,1008,2,1,1,1,2,1.0
2,1,0,1,0.90678,23,6,3,95,45,1008,2,1,1,1,2,0.75
1,0,0,0,0.743902,23,6,3,95,45,1008,2,1,1,1,2,1.0
1,0,0,0,0.740741,23,6,3,95,45,1008,2,1,1,1,2,1.0
1,0,0,0,0.892473,23,6,3,95,45,1008,2,1,1,1,2,1.0
1,0,0,0,0.0,13,13,0,56,44,1022,3,2,0,0,3,1.0
1,0,0,0,0.740741,13,13,0,56,44,1022,3,2,0,0,3,1.0
0,0,2,0,0.792208,13,13,0,56,44,1022,3,2,0,0,3,0.0
3,0,1,1,0.90678,13,13,0,56,44,1022,3,2,0,0,3,0.6
1,0,0,0,0.0,15,15,0,77,47,1023,3,1,1,1,3,1.0
1,0,0,0,0.0,15,15,0,77,47,1023,3,1,1,1,3,1.0
1,0,1,0,0.743902,15,15,0,77,47,1023,3,1,1,1,3,0.5
0,1,0,0,0.90678,15,15,0,77,47,1023,3,1,1,1,3,1.0
0,1,0,0,0.792208,15,15,0,77,47,1023,3,1,1,1,3,1.0
0,1,0,0,0.777778,15,15,0,77,47,1023,3,1,1,1,3,1.0
1,0,0,0,0.892473,15,15,0,77,47,1023,3,1,1,1,3,1.0
0,0,1,0,0.75,20,15,0,89,67,1019,3,1,0,1,3,0.0
1,0,0,0,0.743902,20,15,0,89,67,1019,3,1,0,1,3,1.0
1,0,0,0,0.0,20,15,0,89,67,1019,3,1,0,1,3,1.0
1,0,0,1,0.90678,32,9,0,60,19,1011,3,0,0,0,3,0.5
0,0,1,0,0.792208,32,9,0,60,19,1011,3,0,0,0,3,0.0
2,1,0,0,0.888889,32,9,0,60,19,1011,3,0,0,0,3,1.0
0,1,0,0,0.0,32,9,0,60,19,1011,3,0,0,0,3,1.0
1,0,0,0,0.857143,26,22,0,80,97,1011,0,2,0,1,3,1.0
0,1,0,0,0.882353,26,22,0,80,97,1011,0,2,0,1,3,1.0
1,1,0,1,0.792208,26,22,0,80,97,1011,0,2,0,1,3,0.6666666666666666
0,1,0,0,0.90678,26,22,0,80,97,1011,0,2,0,1,3,1.0
1,0,0,0,0.90678,27,19,1,78,39,1007,3,1,0,0,3,1.0
1,0,0,0,0.792208,27,19,1,78,39,1007,3,1,0,0,3,1.0
1,0,0,0,0.892473,27,19,1,78,39,1007,3,1,0,0,3,1.0
1,0,0,0,1.0,27,19,1,78,39,1007,3,1,0,0,3,1.0
2,0,0,0,0.857143,27,19,1,78,39,1007,3,1,0,0,3,1.0
1,0,0,0,0.743902,27,19,1,78,39,1007,3,1,0,0,3,1.0
1,0,0,0,0.740741,25,10,0,89,24,1013,3,1,1,1,3,1.0
0,0,1,0,0.888889,25,10,0,89,24,1013,3,1,1,1,3,0.0
0,0,1,0,0.0,25,10,0,89,24,1013,3,1,1,1,3,0.0
3,1,0,0,0.90678,25,10,0,89,24,1013,3,1,1,1,3,1.0
1,0,0,0,0.792208,25,10,0,89,24,1013,3,1,1,1,3,1.0
1,0,0,0,0.740741,25,10,0,89,24,1013,3,1,1,1,3,1.0
1,2,0,0,0.90678,29,9,0,59,20,1008,3,2,0,0,3,1.0
1,1,0,0,0.792208,29,9,0,59,20,1008,3,2,0,0,3,1.0
0,1,0,0,0.882353,29,9,0,59,20,1008,3,2,0,0,3,1.0
2,0,0,0,0.740741,29,9,0,59,20,1008,3,2,0,0,3,1.0
1,0,0,0,0.888889,29,9,0,59,20,1008,3,2,0,0,3,1.0
0,0,0,1,0.90678,29,21,5,65,33,1008,2,2,0,0,3,0.0
1,0,0,0,0.857143,29,21,5,65,33,1008,2,2,0,0,3,1.0
1,0,0,0,0.740741,29,21,5,65,33,1008,2,2,0,0,3,1.0
0,1,0,0,0.0,29,21,5,65,33,1008,2,2,0,0,3,1.0
2,0,0,0,0.792208,19,1,0,92,0,1011,3,1,1,0,3,1.0
1,1,0,0,0.90678,19,1,0,92,0,1011,3,1,1,0,3,1.0
1,0,0,0,0.892473,19,1,0,92,0,1011,3,1,1,0,3,1.0
1,0,0,0,0.857143,19,1,0,92,0,1011,3,1,1,0,3,1.0
0,0,1,0,0.740741,31,6,0,68,0,1007,3,1,1,1,3,0.0
2,0,0,0,0.792208,31,6,0,68,0,1007,3,1,1,1,3,1.0
1,1,0,0,0.90678,31,6,0,68,0,1007,3,1,1,1,3,1.0
1,0,0,0,0.0,31,6,0,68,0,1007,3,1,1,1,3,1.0
1,0,0,0,0.740741,31,6,0,68,0,1007,3,1,1,1,3,1.0
1,0,1,0,0.857143,29,15,0,72,10,1009,3,2,0,0,3,0.5
1,0,0,0,0.792208,29,15,0,72,10,1009,3,2,0,0,3,1.0
1,0,0,0,0.743902,29,15,0,72,10,1009,3,2,0,0,3,1.0
3,0,0,0,0.90678,30,16,1,68,14,1008,3,2,0,0,3,1.0
1,0,0,0,0.740741,30,16,1,68,14,1008,3,2,0,0,3,1.0
1,0,0,0,0.792208,30,16,1,68,14,1008,3,2,0,0,3,1.0
1,0,0,0,0.90678,27,6,1,86,14,1011,3,1,1,1,3,1.0
1,0,0,0,0.740741,27,6,1,86,14,1011,3,1,1,1,3,1.0
1,0,0,0,0.90678,22,14,0,82,97,1014,3,2,0,1,4,1.0
1,0,0,0,0.8,22,14,0,82,97,1014,3,2,0,1,4,1.0
1,0,0,0,0.740741,22,14,0,82,97,1014,3,2,0,1,4,1.0
2,0,0,0,0.0,22,14,0,82,97,1014,3,2,0,1,4,1.0
1,0,0,0,0.743902,17,10,0,66,41,1026,3,1,0,0,4,1.0
2,0,0,0,0.918367,17,10,0,66,41,1026,3,1,0,0,4,1.0
1,0,0,0,0.731707,17,10,0,66,41,1026,3,1,0,0,4,1.0
0,2,0,0,0.90678,17,10,0,66,41,1026,3,1,0,0,4,1.0
1,0,0,0,0.8,17,10,0,66,41,1026,3,1,0,0,4,1.0
1,0,0,0,0.860465,17,10,0,66,41,1026,3,1,0,0,4,1.0
0,0,1,0,0.0,21,6,1,63,67,1018,3,2,0,0,4,0.0
0,0,1,0,0.792208,21,6,1,63,67,1018,3,2,0,0,4,0.0
0,1,0,0,0.90678,21,6,1,63,67,1018,3,2,0,0,4,1.0
1,0,0,0,0.8,21,6,1,63,67,1018,3,2,0,0,4,1.0
1,0,0,0,0.740741,21,6,1,63,67,1018,3,2,0,0,4,1.0
1,0,0,0,0.777778,21,6,1,63,67,1018,3,2,0,0,4,1.0
1,0,0,0,0.918367,21,6,1,63,67,1018,3,2,0,0,4,1.0
2,2,1,0,0.90678,18,20,0,66,7,1009,3,2,0,0,4,0.8
1,1,0,0,0.918367,18,20,0,66,7,1009,3,2,0,0,4,1.0
1,0,0,0,0.743902,18,20,0,66,7,1009,3,2,0,0,4,1.0
0,1,1,0,0.740741,18,20,0,66,7,1009,3,2,0,0,4,0.5
1,0,0,0,0.792208,17,9,0,75,22,1022,3,1,0,0,4,1.0
2,0,0,0,0.860465,17,9,0,75,22,1022,3,1,0,0,4,1.0
1,0,0,0,0.75,17,9,0,75,22,1022,3,1,0,0,4,1.0
0,0,1,0,0.8,24,11,0,81,18,1009,3,1,1,1,4,0.0
1,0,0,0,0.792208,24,11,0,81,18,1009,3,1,1,1,4,1.0
1,0,1,0,0.90678,27,24,0,82,47,1010,3,1,1,1,4,0.5
2,0,0,0,0.792208,26,25,0,84,44,1010,3,1,1,0,4,1.0
1,0,1,0,0.75,26,25,0,84,44,1010,3,1,1,0,4,0.5
0,0,1,0,0.740741,26,25,0,84,44,1010,3,1,1,0,4,0.0
1,0,0,0,0.777778,26,25,0,84,44,1010,3,1,1,0,4,1.0
0,1,0,0,0.918367,26,25,0,84,44,1010,3,1,1,0,4,1.0
1,0,0,0,0.860465,26,25,0,84,44,1010,3,1,1,0,4,1.0
0,0,1,0,0.792208,27,11,2,82,27,1009,3,1,1,1,4,0.0
0,0,1,0,0.0,27,11,2,82,27,1009,3,1,1,1,4,0.0
1,0,0,0,1.0,27,11,2,82,27,1009,3,1,1,1,4,1.0
2,0,0,0,0.90678,27,11,2,82,27,1009,3,1,1,1,4,1.0
1,0,0,0,0.529412,27,11,2,82,27,1009,3,1,1,1,4,1.0
1,0,0,0,0.740741,28,18,5,72,50,1008,2,2,0,1,4,1.0
1,0,0,0,0.777778,28,18,5,72,50,1008,2,2,0,1,4,1.0
2,0,0,0,0.90678,28,18,5,72,50,1008,2,2,0,1,4,1.0
1,0,0,0,0.792208,28,18,5,72,50,1008,2,2,0,1,4,1.0
1,0,0,0,0.0,26,15,0,48,0,1016,3,1,1,1,5,1.0
2,1,0,0,0.90678,26,13,0,59,0,1015,3,1,1,1,5,1.0
1,0,0,0,0.860465,26,13,0,59,0,1015,3,1,1,1,5,1.0
0,0,1,0,0.743902,26,13,0,59,0,1015,3,1,1,1,5,0.0
0,1,0,0,0.892473,26,13,0,59,0,1015,3,1,1,1,5,1.0
0,1,0,0,0.75,26,13,0,59,0,1015,3,1,1,1,5,1.0
0,1,0,0,0.740741,26,13,0,59,0,1015,3,1,1,1,5,1.0
1,0,0,0,0.792208,28,12,0,58,0,1013,3,2,0,0,5,1.0
1,0,1,0,0.892473,28,12,0,58,0,1013,3,2,0,0,5,0.5
0,1,2,0,0.529412,28,12,0,58,0,1013,3,2,0,0,5,0.3333333333333333
0,1,0,0,0.731707,28,12,0,58,0,1013,3,2,0,0,5,1.0
1,0,0,0,0.743902,28,12,0,58,0,1013,3,2,0,0,5,1.0
1,0,0,0,0.860465,30,11,0,46,0,1013,3,2,0,0,5,1.0
2,0,0,0,0.90678,30,11,0,46,0,1013,3,2,0,0,5,1.0
1,1,0,0,0.75,30,11,0,46,0,1013,3,2,0,0,5,1.0
0,1,1,0,0.0,30,11,0,46,0,1013,3,2,0,0,5,0.5
2,0,0,0,0.90678,25,26,3,72,22,1015,2,1,1,1,5,1.0
0,0,1,0,0.75,25,26,3,72,22,1015,2,1,1,1,5,0.0
1,0,0,0,0.892473,25,26,3,72,22,1015,2,1,1,1,5,1.0
1,0,0,0,0.860465,25,26,3,72,22,1015,2,1,1,1,5,1.0
0,0,0,1,0.740741,26,14,0,40,0,1009,3,2,0,0,5,0.0
2,0,0,0,0.90678,26,14,0,40,0,1009,3,2,0,0,5,1.0
0,1,0,0,0.792208,26,14,0,40,0,1009,3,2,0,0,5,1.0
1,0,0,0,0.743902,26,14,0,40,0,1009,3,2,0,0,5,1.0
1,0,0,0,1.0,26,14,0,40,0,1009,3,2,0,0,5,1.0
1,0,0,0,0.740741,23,19,0,79,56,1019,3,1,0,0,5,1.0
0,0,0,1,0.90678,23,19,0,79,56,1019,3,1,0,0,5,0.0
1,0,0,1,0.860465,23,19,0,79,56,1019,3,1,0,0,5,0.5
0,1,0,0,0.918367,23,19,0,79,56,1019,3,1,0,0,5,1.0
1,0,1,0,0.731707,23,19,0,79,56,1019,3,1,0,0,5,0.5
0,1,0,0,0.743902,25,8,0,35,5,1010,3,1,1,1,5,1.0
0,1,0,0,0.90678,25,8,0,35,5,1010,3,1,1,1,5,1.0
0,1,0,0,0.918367,25,8,0,35,5,1010,3,1,1,1,5,1.0
1,1,0,0,0.740741,30,15,0,38,40,1006,3,2,0,0,5,1.0
1,0,0,1,0.740741,30,15,0,38,40,1006,3,2,0,0,5,0.5
2,0,0,0,0.90678,30,15,0,38,40,1006,3,2,0,0,5,1.0
1,0,0,0,0.860465,26,5,0,57,12,1009,3,2,0,1,5,1.0
0,0,0,1,0.875,26,5,0,57,12,1009,3,2,0,1,5,0.0
2,0,0,0,0.743902,26,5,0,57,12,1009,3,2,0,1,5,1.0
0,1,1,1,0.740741,26,5,0,57,12,1009,3,2,0,1,5,0.3333333333333333
0,1,0,0,0.892473,26,5,0,57,12,1009,3,2,0,1,5,1.0
1,0,0,0,0.918367,25,21,0,47,7,1012,3,1,0,1,5,1.0
1,1,0,0,0.731707,25,21,0,47,7,1012,3,1,0,1,5,1.0
1,0,0,0,0.740741,25,21,0,47,7,1012,3,1,0,1,5,1.0
1,0,0,0,0.891892,25,21,0,47,7,1012,3,1,0,1,5,1.0
1,1,0,0,0.90678,38,12,0,18,6,1010,3,2,0,1,5,1.0
1,0,0,0,0.792208,38,12,0,18,6,1010,3,2,0,1,5,1.0
2,0,0,0,0.918367,38,12,0,18,6,1010,3,2,0,1,5,1.0
2,0,0,0,0.875,38,12,0,18,6,1010,3,2,0,1,5,1.0
1,0,0,0,0.740741,38,12,0,18,6,1010,3,2,0,1,5,1.0
0,1,0,0,0.918367,26,10,0,42,30,1012,3,1,1,1,5,1.0
0,0,1,0,0.892473,26,10,0,42,30,1012,3,1,1,1,5,0.0
2,0,1,0,0.90678,26,10,0,42,30,1012,3,1,1,1,5,0.6666666666666666
1,1,0,1,0.792208,26,10,0,42,30,1012,3,1,1,1,5,0.6666666666666666
1,0,0,0,0.891892,26,10,0,42,30,1012,3,1,1,1,5,1.0
0,2,0,0,0.743902,26,10,0,42,30,1012,3,1,1,1,5,1.0
2,0,0,0,0.727273,26,16,0,59,28,1015,3,2,0,0,5,1.0
0,2,0,0,0.892473,26,16,0,59,28,1015,3,2,0,0,5,1.0
0,2,0,0,0.918367,26,16,0,59,28,1015,3,2,0,0,5,1.0
0,0,1,0,0.731707,26,16,0,59,28,1015,3,2,0,0,5,0.0
1,0,1,0,0.743902,26,16,0,59,28,1015,3,2,0,0,5,0.5
1,0,0,0,0.90678,26,16,0,59,28,1015,3,2,0,0,5,1.0
1,0,0,0,0.875,26,16,0,59,28,1015,3,2,0,0,5,1.0
2,0,0,0,0.918367,25,1,3,89,17,1008,2,1,0,1,5,1.0
0,0,1,0,0.740741,25,1,3,89,17,1008,2,1,0,1,5,0.0
0,0,2,0,0.860465,25,1,3,89,17,1008,2,1,0,1,5,0.0
2,0,0,0,0.892473,25,1,3,89,17,1008,2,1,0,1,5,1.0
1,0,0,0,0.875,25,1,3,89,17,1008,2,1,0,1,5,1.0
1,0,0,0,0.731707,25,1,3,89,17,1008,2,1,0,1,5,1.0
1,0,0,0,0.90678,25,1,3,89,17,1008,2,1,0,1,5,1.0
1,0,0,0,0.891892,25,1,3,89,17,1008,2,1,0,1,5,1.0
1,0,0,0,0.792208,22,8,0,58,0,1018,3,2,0,0,5,1.0
1,1,0,0,0.90678,22,8,0,58,0,1018,3,2,0,0,5,1.0
1,0,0,0,0.727273,22,8,0,58,0,1018,3,2,0,0,5,1.0
1,0,0,0,0.892473,22,8,0,58,0,1018,3,2,0,0,5,1.0
1,0,0,0,0.740741,12,14,0,75,19,1019,3,1,1,0,5,1.0
0,1,0,0,0.860465,12,14,0,75,19,1019,3,1,1,0,5,1.0
0,1,0,0,0.743902,12,14,0,75,19,1019,3,1,1,0,5,1.0
1,0,0,0,0.892473,15,10,1,89,100,1015,3,1,1,1,5,1.0
2,1,0,0,0.90678,15,10,1,89,100,1015,3,1,1,1,5,1.0
0,0,0,1,0.860465,15,10,1,89,100,1015,3,1,1,1,5,0.0
3,1,0,0,0.740741,15,10,1,89,100,1015,3,1,1,1,5,1.0
1,0,0,0,0.891892,15,10,1,89,100,1015,3,1,1,1,5,1.0
2,0,0,0,0.882353,25,15,1,84,57,1013,3,2,0,0,5,1.0
1,0,0,0,0.875,25,15,1,84,57,1013,3,2,0,0,5,1.0
1,0,0,0,0.90678,25,15,1,84,57,1013,3,2,0,0,5,1.0
1,0,0,1,0.792208,25,15,1,84,57,1013,3,2,0,0,5,0.5
1,0,1,0,0.740741,21,21,0,64,9,1024,3,2,0,0,5,0.5
0,1,0,0,0.727273,21,21,0,64,9,1024,3,2,0,0,5,1.0
0,0,1,0,0.731707,21,21,0,64,9,1024,3,2,0,0,5,0.0
0,1,2,0,0.882353,21,21,0,64,9,1024,3,2,0,0,5,0.3333333333333333
2,0,0,0,0.90678,23,14,0,45,0,1016,3,2,0,1,5,1.0
1,0,0,0,0.882353,23,14,0,45,0,1016,3,2,0,1,5,1.0
0,1,0,0,0.740741,23,14,0,45,0,1016,3,2,0,1,5,1.0
1,0,0,0,0.792208,23,14,0,45,0,1016,3,2,0,1,5,1.0
1,0,1,0,0.727273,23,14,0,45,0,1016,3,2,0,1,5,0.5
1,0,0,0,0.891892,23,14,0,45,0,1016,3,2,0,1,5,1.0
1,0,0,0,0.740741,35,6,0,25,5,1010,3,2,0,1,5,1.0
1,0,0,0,0.792208,35,6,0,25,5,1010,3,2,0,1,5,1.0
0,0,1,0,0.860465,35,6,0,25,5,1010,3,2,0,1,5,0.0
1,0,0,0,0.875,35,6,0,25,5,1010,3,2,0,1,5,1.0
1,0,0,0,0.860465,28,9,0,38,3,1009,3,1,1,1,5,1.0
0,0,1,0,0.875,28,9,0,38,3,1009,3,1,1,1,5,0.0
2,0,0,0,0.740741,28,9,0,38,3,1009,3,1,1,1,5,1.0
1,0,0,0,0.727273,28,9,0,38,3,1009,3,1,1,1,5,1.0
1,0,0,0,0.875,30,9,0,55,24,1006,3,1,1,0,5,1.0
1,0,0,0,0.888889,30,9,0,55,24,1006,3,1,1,0,5,1.0
0,0,1,0,0.891892,30,9,0,55,24,1006,3,1,1,0,5,0.0
1,2,0,0,0.90678,23,15,0,84,38,1008,3,1,1,1,6,1.0
0,1,0,0,0.743902,23,15,0,84,38,1008,3,1,1,1,6,1.0
0,0,0,1,0.892473,23,15,0,84,38,1008,3,1,1,1,6,0.0
1,0,0,0,0.892473,23,15,0,87,30,1008,3,1,1,1,6,1.0
4,0,1,0,0.90678,23,15,0,87,30,1008,3,1,1,1,6,0.8
1,0,0,0,0.740741,23,15,0,87,30,1008,3,1,1,1,6,1.0
1,0,0,0,0.90678,28,23,2,74,47,1007,3,0,0,0,6,1.0
2,0,0,0,0.918367,27,15,0,81,60,1010,3,1,1,1,6,1.0
3,0,0,0,0.90678,27,15,0,81,60,1010,3,1,1,1,6,1.0
1,0,0,0,0.860465,27,15,0,81,60,1010,3,1,1,1,6,1.0
1,0,0,0,0.792208,27,15,0,81,60,1010,3,1,1,1,6,1.0
0,1,0,0,0.892473,27,15,0,81,60,1010,3,1,1,1,6,1.0
1,0,0,0,0.875,27,15,0,81,60,1010,3,1,1,1,6,1.0
1,0,0,0,0.860465,28,21,0,72,45,1010,3,2,0,0,6,1.0
1,1,0,0,0.875,28,21,0,72,45,1010,3,2,0,0,6,1.0
1,0,0,0,0.892473,28,21,0,72,45,1010,3,2,0,0,6,1.0
1,0,0,0,0.792208,28,21,0,72,45,1010,3,2,0,0,6,1.0
1,0,1,0,0.740741,28,21,0,72,45,1010,3,2,0,0,6,0.5
0,1,1,0,0.892473,27,26,0,78,5,1010,3,2,0,0,6,0.5
2,0,0,0,0.891892,27,26,0,78,5,1010,3,2,0,0,6,1.0
0,0,0,1,0.731707,27,26,0,78,5,1010,3,2,0,0,6,0.0
0,0,1,1,0.740741,27,26,0,78,5,1010,3,2,0,0,6,0.0
1,0,1,0,0.875,27,26,0,78,5,1010,3,2,0,0,6,0.5
4,1,0,0,0.90678,27,27,0,79,20,1008,3,2,0,0,6,1.0
0,0,1,0,0.743902,27,27,0,79,20,1008,3,2,0,0,6,0.0
2,0,0,0,0.892473,27,27,0,79,20,1008,3,2,0,0,6,1.0
0,1,0,0,0.909091,27,27,0,79,20,1008,3,2,0,0,6,1.0
0,1,0,0,0.909091,27,12,0,83,68,1009,3,1,1,1,6,1.0
1,0,1,0,0.891892,27,12,0,83,68,1009,3,1,1,1,6,0.5
0,0,0,1,0.743902,27,12,0,83,68,1009,3,1,1,1,6,0.0
1,0,0,0,0.882353,27,12,0,83,68,1009,3,1,1,1,6,1.0
0,0,1,0,0.666667,27,12,0,83,35,1011,3,1,1,1,6,0.0
0,0,0,1,0.740741,27,12,0,83,35,1011,3,1,1,1,6,0.0
0,0,1,0,0.792208,27,12,0,83,35,1011,3,1,1,1,6,0.0
1,0,0,0,0.891892,27,12,0,83,35,1011,3,1,1,1,6,1.0
1,0,0,0,0.731707,27,19,1,62,7,1007,3,2,0,0,6,1.0
1,0,0,0,0.892473,27,19,1,62,7,1007,3,2,0,0,6,1.0
1,0,0,0,0.875,27,19,1,62,7,1007,3,2,0,0,6,1.0
1,0,0,0,0.860465,27,19,1,62,7,1007,3,2,0,0,6,1.0
1,0,0,0,0.90678,25,4,4,82,32,1008,2,2,0,0,7,1.0
0,0,1,0,0.740741,25,4,4,82,32,1008,2,2,0,0,7,0.0
0,0,0,1,0.75,25,4,4,82,32,1008,2,2,0,0,7,0.0
1,0,0,0,0.792208,25,4,4,82,32,1008,2,2,0,0,7,1.0
1,0,1,0,0.743902,25,4,4,82,32,1008,2,2,0,0,7,0.5
1,0,0,0,0.892473,25,4,4,82,32,1008,2,2,0,0,7,1.0
1,0,0,0,0.792208,24,0,22,91,55,1008,1,2,0,1,7,1.0
0,1,0,0,0.75,24,0,22,91,55,1008,1,2,0,1,7,1.0
0,0,1,0,0.731707,24,0,22,91,55,1008,1,2,0,1,7,0.0
1,0,2,0,0.743902,24,0,22,91,55,1008,1,2,0,1,7,0.3333333333333333
1,0,1,0,0.740741,27,6,4,79,37,1012,2,2,0,1,7,0.5
0,1,0,0,0.918367,27,6,4,79,37,1012,2,2,0,1,7,1.0
0,1,0,0,0.75,27,6,4,79,37,1012,2,2,0,1,7,1.0
1,0,0,0,0.860465,27,6,4,79,37,1012,2,2,0,1,7,1.0
1,0,0,0,0.90678,27,6,4,79,37,1012,2,2,0,1,7,1.0
2,1,0,0,0.860465,32,16,0,24,2,1001,3,2,0,0,7,1.0
1,1,0,0,0.75,32,16,0,24,2,1001,3,2,0,0,7,1.0
1,0,0,0,1.0,32,16,0,24,2,1001,3,2,0,0,7,1.0
1,0,1,0,0.75,19,11,2,60,5,1017,3,2,0,1,7,0.5
2,0,0,0,0.875,19,11,2,60,5,1017,3,2,0,1,7,1.0
0,1,0,0,0.740741,19,11,2,60,5,1017,3,2,0,1,7,1.0
4,0,0,0,0.949153,19,11,2,60,5,1017,3,2,0,1,7,1.0
1,0,0,0,0.75,28,24,0,62,11,1007,3,2,0,0,7,1.0
1,0,0,0,0.792208,28,24,0,62,11,1007,3,2,0,0,7,1.0
2,0,0,0,0.949153,28,24,0,62,11,1007,3,2,0,0,7,1.0
1,0,0,0,0.740741,28,24,0,62,11,1007,3,2,0,0,7,1.0
1,0,0,0,0.75,28,24,0,62,11,1007,3,2,0,0,7,1.0
1,0,0,0,0.860465,23,8,1,82,91,1015,3,2,0,0,7,1.0
1,0,0,0,0.875,23,8,1,82,91,1015,3,2,0,0,7,1.0
1,0,0,0,0.892473,23,8,1,82,91,1015,3,2,0,0,7,1.0
1,0,0,0,0.918367,23,8,1,82,91,1015,3,2,0,0,7,1.0
0,0,1,0,0.792208,16,15,0,63,64,1021,3,2,0,1,7,0.0
1,1,0,0,0.892473,16,15,0,63,64,1021,3,2,0,1,7,1.0
1,0,0,0,0.875,16,15,0,63,64,1021,3,2,0,1,7,1.0
0,1,0,0,0.860465,28,1,1,79,12,1010,3,2,0,1,7,1.0
1,1,0,0,0.90678,28,1,1,79,12,1010,3,2,0,1,7,1.0
1,0,0,0,0.949153,28,1,1,79,12,1010,3,2,0,1,7,1.0
1,0,0,0,0.740741,28,1,1,79,12,1010,3,2,0,1,7,1.0
0,0,0,1,0.740741,25,3,1,89,75,1011,3,1,1,1,7,0.0
1,0,0,0,0.860465,25,3,1,89,75,1011,3,1,1,1,7,1.0
2,0,0,0,0.90678,25,3,1,89,75,1011,3,1,1,1,7,1.0
1,1,0,0,0.892473,25,3,1,89,75,1011,3,1,1,1,7,1.0
1,0,0,0,0.792208,17,13,0,61,0,1015,3,1,0,1,8,1.0
1,0,0,0,0.90678,17,13,0,61,0,1015,3,1,0,1,8,1.0
0,1,0,0,0.892473,17,13,0,61,0,1015,3,1,0,1,8,1.0
0,0,2,0,0.740741,16,25,0,77,100,1010,3,2,0,1,8,0.0
1,0,0,0,0.949153,16,25,0,77,100,1010,3,2,0,1,8,1.0
1,0,0,0,0.792208,16,25,0,77,100,1010,3,2,0,1,8,1.0
1,0,0,0,0.90678,16,25,0,77,100,1010,3,2,0,1,8,1.0
2,0,0,0,0.90678,17,18,0,65,31,1013,3,1,0,0,8,1.0
1,1,0,0,0.918367,17,18,0,65,31,1013,3,1,0,0,8,1.0
1,0,0,0,0.75,17,18,0,65,31,1013,3,1,0,0,8,1.0
2,0,0,0,0.740741,17,18,0,65,31,1013,3,1,0,0,8,1.0
0,1,1,0,0.90678,18,10,1,89,76,1010,3,1,0,0,8,0.5
0,0,1,0,0.891892,18,10,1,89,76,1010,3,1,0,0,8,0.0
0,0,1,0,0.743902,18,10,1,89,76,1010,3,1,0,0,8,0.0
0,0,1,0,0.743902,28,15,4,80,49,1011,2,1,0,0,8,0.0
1,0,0,0,0.860465,28,15,4,80,49,1011,2,1,0,0,8,1.0
1,0,0,0,0.792208,28,15,4,80,49,1011,2,1,0,0,8,1.0
0,1,0,0,0.731707,28,15,4,80,49,1011,2,1,0,0,8,1.0
0,1,0,0,0.918367,28,15,4,80,49,1011,2,1,0,0,8,1.0
1,1,0,0,0.743902,29,20,0,71,38,1014,3,1,0,0,8,1.0
1,0,0,0,0.740741,29,20,0,71,38,1014,3,1,0,0,8,1.0
2,1,0,0,0.731707,29,20,0,71,38,1014,3,1,0,0,8,1.0
1,1,0,0,0.90678,29,20,0,71,38,1014,3,1,0,0,8,1.0
0,1,0,0,0.792208,29,20,0,71,38,1014,3,1,0,0,8,1.0
2,0,0,0,0.75,28,12,2,76,24,1011,3,1,0,0,8,1.0
0,0,1,0,0.918367,28,12,2,76,24,1011,3,1,0,0,8,0.0
1,0,0,0,0.792208,28,12,2,76,24,1011,3,1,0,0,8,1.0
1,0,0,0,0.75,28,12,2,76,24,1011,3,1,0,0,8,1.0
1,0,0,0,0.875,28,12,2,76,24,1011,3,1,0,0,8,1.0
1,0,0,1,0.90678,28,12,2,76,24,1011,3,1,0,0,8,0.5
1,0,0,0,0.731707,28,12,2,76,24,1011,3,1,0,0,8,1.0
1,0,0,0,0.792208,29,9,0,70,18,1015,3,2,0,1,8,1.0
0,0,1,0,0.75,29,9,0,70,18,1015,3,2,0,1,8,0.0
3,0,0,0,0.90678,29,16,0,70,7,1012,3,1,0,0,8,1.0
1,0,0,0,0.792208,29,16,0,70,7,1012,3,1,0,0,8,1.0
1,0,0,0,0.891892,29,16,0,70,7,1012,3,1,0,0,8,1.0
2,1,0,0,0.90678,26,10,1,88,46,1009,3,1,1,0,8,1.0
0,0,1,0,0.75,26,10,1,88,46,1009,3,1,1,0,8,0.0
1,0,0,0,0.860465,26,10,1,88,46,1009,3,1,1,0,8,1.0
1,0,0,0,0.740741,26,10,1,88,46,1009,3,1,1,0,8,1.0
1,0,0,0,0.892473,26,10,1,88,46,1009,3,1,1,0,8,1.0
1,0,0,0,0.875,26,10,1,88,46,1009,3,1,1,0,8,1.0
2,0,0,0,0.90678,26,14,1,83,33,1009,3,1,1,1,8,1.0
0,0,1,0,0.0,26,14,1,83,33,1009,3,1,1,1,8,0.0
3,1,0,0,0.90678,27,18,0,56,28,1007,3,2,0,0,8,1.0
0,0,1,0,0.740741,27,18,0,56,28,1007,3,2,0,0,8,0.0
0,1,0,0,0.860465,27,18,0,56,28,1007,3,2,0,0,8,1.0
2,1,0,0,0.90678,27,12,1,64,12,1008,3,2,0,0,8,1.0
1,0,0,0,0.875,27,12,1,64,12,1008,3,2,0,0,8,1.0
0,0,1,0,0.743902,27,12,1,64,12,1008,3,2,0,0,8,0.0
1,0,0,0,0.740741,27,12,1,64,12,1008,3,2,0,0,8,1.0
2,0,0,0,0.90678,26,13,1,87,33,1009,3,1,1,1,8,1.0
3,0,0,0,0.743902,26,13,1,87,33,1009,3,1,1,1,8,1.0
1,0,0,0,0.891892,27,7,10,79,35,1009,1,1,1,1,9,1.0
2,1,0,0,0.90678,27,7,10,79,35,1009,1,1,1,1,9,1.0
1,0,0,0,0.875,27,7,10,79,35,1009,1,1,1,1,9,1.0
1,0,0,0,0.740741,27,7,10,79,35,1009,1,1,1,1,9,1.0
1,0,0,0,0.882353,27,4,9,90,25,1007,1,1,0,0,9,1.0
0,0,1,0,0.918367,27,4,9,90,25,1007,1,1,0,0,9,0.0
0,1,0,0,0.90678,27,4,9,90,25,1007,1,1,0,0,9,1.0
1,0,0,0,0.891892,27,4,9,90,25,1007,1,1,0,0,9,1.0
1,0,0,0,0.891892,25,10,0,50,4,1016,3,2,0,0,9,1.0
1,0,0,0,0.860465,25,10,0,50,4,1016,3,2,0,0,9,1.0
0,1,1,0,0.892473,25,10,0,50,4,1016,3,2,0,0,9,0.5
0,1,0,0,0.90678,25,10,0,50,4,1016,3,2,0,0,9,1.0
0,1,0,0,1.0,24,24,0,61,7,1016,3,2,0,1,9,1.0
0,0,1,0,0.529412,24,24,0,61,7,1016,3,2,0,1,9,0.0
0,1,0,0,0.90678,24,24,0,61,7,1016,3,2,0,1,9,1.0
1,0,0,0,0.860465,24,24,0,61,7,1016,3,2,0,1,9,1.0
0,1,1,0,0.731707,22,4,3,55,45,1017,2,2,0,1,9,0.5
1,0,0,0,0.891892,22,4,3,55,45,1017,2,2,0,1,9,1.0
1,0,0,0,1.0,22,4,3,55,45,1017,2,2,0,1,9,1.0
1,0,0,0,0.891892,21,28,0,41,0,1024,3,1,1,1,9,1.0
1,0,0,0,0.731707,22,22,0,57,0,1021,3,2,0,0,9,1.0
0,0,1,0,0.743902,22,22,0,57,0,1021,3,2,0,0,9,0.0
1,0,0,0,0.888889,22,22,0,57,0,1021,3,2,0,0,9,1.0
2,0,0,0,0.740741,22,22,0,57,0,1021,3,2,0,0,9,1.0
1,0,0,0,0.90678,22,22,0,57,0,1021,3,2,0,0,9,1.0
0,1,0,0,1.0,22,22,0,57,0,1021,3,2,0,0,9,1.0
0,1,0,0,0.891892,22,22,0,57,0,1021,3,2,0,0,9,1.0
2,1,0,0,0.743902,23,11,0,48,0,1012,3,1,0,0,9,1.0
0,2,0,0,0.731707,23,11,0,48,0,1012,3,1,0,0,9,1.0
2,2,0,0,0.90678,23,11,0,48,0,1012,3,1,0,0,9,1.0
1,0,0,0,0.740741,23,11,0,48,0,1012,3,1,0,0,9,1.0
1,0,0,0,0.888889,23,11,0,48,0,1012,3,1,0,0,9,1.0
1,0,0,0,0.0,23,11,0,48,0,1012,3,1,0,0,9,1.0
0,1,0,0,0.891892,23,11,0,48,0,1012,3,1,0,0,9,1.0
0,0,1,0,0.743902,26,9,0,44,0,1011,3,1,0,1,9,0.0
3,0,0,0,0.891892,26,9,0,44,0,1011,3,1,0,1,9,1.0
2,0,0,0,0.90678,26,9,0,44,0,1011,3,1,0,1,9,1.0
1,0,0,0,0.0,26,9,0,44,0,1011,3,1,0,1,9,1.0
0,1,0,0,0.949153,26,9,0,44,0,1011,3,1,0,1,9,1.0
0,1,0,0,0.888889,26,9,0,44,0,1011,3,1,0,1,9,1.0
1,0,0,0,0.892473,26,9,0,44,0,1011,3,1,0,1,9,1.0
1,0,0,0,0.0,26,9,0,44,0,1011,3,1,0,1,9,1.0
1,0,0,0,0.860465,32,5,0,29,0,1015,3,2,0,1,9,1.0
1,0,0,0,0.0,32,5,0,29,0,1015,3,2,0,1,9,1.0
0,1,0,0,0.0,32,5,0,29,0,1015,3,2,0,1,9,1.0
1,0,0,0,0.891892,32,5,0,29,0,1015,3,2,0,1,9,1.0
1,0,0,0,0.0,32,5,0,29,0,1015,3,2,0,1,9,1.0
1,0,0,0,0.888889,32,5,0,29,0,1015,3,2,0,1,9,1.0
1,0,0,0,0.875,32,5,0,29,0,1015,3,2,0,1,9,1.0
1,0,0,0,0.743902,26,23,0,72,5,1012,3,1,1,1,9,1.0
2,0,0,0,0.0,26,23,0,72,5,1012,3,1,1,1,9,1.0
1,0,0,0,0.891892,26,23,0,72,5,1012,3,1,1,1,9,1.0
1,0,0,0,0.90678,26,23,0,72,5,1012,3,1,1,1,9,1.0
1,0,0,0,0.860465,26,23,0,72,5,1012,3,1,1,1,9,1.0
0,0,0,1,0.891892,26,28,0,71,3,1013,3,2,0,1,9,0.0
1,0,0,0,0.875,26,28,0,71,3,1013,3,2,0,1,9,1.0
1,0,0,0,0.949153,26,28,0,71,3,1013,3,2,0,1,9,1.0
1,0,0,0,0.0,26,28,0,71,3,1013,3,2,0,1,9,1.0
0,1,0,0,0.90678,26,28,0,71,3,1013,3,2,0,1,9,1.0
1,0,0,0,0.0,26,8,0,36,6,1011,3,1,1,1,9,1.0
1,0,0,0,0.90678,26,8,0,36,6,1011,3,1,1,1,9,1.0
1,0,0,0,0.875,26,8,0,36,6,1011,3,1,1,1,9,1.0
1,0,0,0,0.743902,26,8,0,36,6,1011,3,1,1,1,9,1.0
1,0,0,0,0.892473,26,8,0,36,6,1011,3,1,1,1,9,1.0
1,0,0,0,0.875,32,12,0,24,5,1011,3,2,0,0,9,1.0
0,0,0,1,0.90678,32,12,0,24,5,1011,3,2,0,0,9,0.0
1,0,0,0,0.743902,32,12,0,24,5,1011,3,2,0,0,9,1.0
1,0,0,0,0.792208,32,12,0,24,5,1011,3,2,0,0,9,1.0
1,0,0,0,0.892473,33,11,0,20,2,1013,3,2,0,0,9,1.0
2,0,0,0,0.90678,33,11,0,20,2,1013,3,2,0,0,9,1.0
1,0,0,0,0.949153,33,11,0,20,2,1013,3,2,0,0,9,1.0
1,0,0,0,0.888889,33,11,0,20,2,1013,3,2,0,0,9,1.0
1,0,0,0,0.949153,13,28,1,76,57,1000,3,1,0,0,10,1.0
1,1,0,0,0.860465,13,28,1,76,57,1000,3,1,0,0,10,1.0
1,1,0,0,0.891892,13,28,1,76,57,1000,3,1,0,0,10,1.0
0,0,1,0,0.743902,13,28,1,76,57,1000,3,1,0,0,10,0.0
1,0,0,0,0.90678,18,19,0,66,33,1002,3,2,0,1,10,1.0
1,0,0,0,0.731707,18,19,0,66,33,1002,3,2,0,1,10,1.0
0,0,1,0,0.740741,18,19,0,66,33,1002,3,2,0,1,10,0.0
1,0,0,0,0.860465,18,19,0,66,33,1002,3,2,0,1,10,1.0
2,0,0,0,0.90678,14,12,0,80,71,1016,3,1,0,0,10,1.0
1,0,0,0,0.860465,14,12,0,80,71,1016,3,1,0,0,10,1.0
1,0,0,0,0.891892,14,12,0,80,71,1016,3,1,0,0,10,1.0
1,0,0,0,0.918367,14,12,0,80,71,1016,3,1,0,0,10,1.0
1,0,0,0,0.792208,19,5,0,60,35,1024,3,1,0,0,10,1.0
1,1,0,0,0.90678,19,5,0,60,35,1024,3,1,0,0,10,1.0
1,0,0,0,1.0,19,5,0,60,35,1024,3,1,0,0,10,1.0
1,0,0,0,0.875,19,5,0,60,35,1024,3,1,0,0,10,1.0
0,1,0,0,0.731707,19,5,0,60,35,1024,3,1,0,0,10,1.0
1,0,0,0,0.740741,19,5,0,60,35,1024,3,1,0,0,10,1.0
2,0,0,0,0.90678,16,11,1,79,71,1010,3,2,0,0,10,1.0
1,1,0,0,1.0,16,11,1,79,71,1010,3,2,0,0,10,1.0
1,0,0,0,0.731707,16,11,1,79,71,1010,3,2,0,0,10,1.0
1,0,1,0,0.792208,16,11,1,79,71,1010,3,2,0,0,10,0.5
0,1,0,0,0.891892,16,11,1,79,71,1010,3,2,0,0,10,1.0
0,1,0,0,0.949153,16,11,1,79,71,1010,3,2,0,0,10,1.0
1,0,0,0,0.918367,29,18,10,71,25,1009,1,2,0,0,10,1.0
0,0,1,0,0.892473,29,18,10,71,25,1009,1,2,0,0,10,0.0
0,0,1,0,0.743902,29,18,10,71,25,1009,1,2,0,0,10,0.0
1,0,0,0,0.740741,29,18,10,71,25,1009,1,2,0,0,10,1.0
2,0,0,0,0.891892,22,14,0,86,14,1009,3,1,1,1,10,1.0
3,0,0,0,0.90678,22,14,0,86,14,1009,3,1,1,1,10,1.0
1,0,0,0,0.892473,22,14,0,86,14,1009,3,1,1,1,10,1.0
1,0,0,0,0.918367,22,14,0,86,14,1009,3,1,1,1,10,1.0
1,0,0,0,0.891892,31,36,0,59,16,1007,3,2,0,0,10,1.0
2,0,0,0,1.0,31,36,0,59,16,1007,3,2,0,0,10,1.0
1,0,1,0,0.888889,31,36,0,59,16,1007,3,2,0,0,10,0.5
1,0,0,0,0.918367,27,21,0,79,100,1009,3,1,0,0,10,1.0
1,0,0,0,0.731707,27,21,0,79,100,1009,3,1,0,0,10,1.0
1,0,0,0,0.90678,27,21,0,79,100,1009,3,1,0,0,10,1.0
1,0,0,0,0.888889,27,21,0,79,100,1009,3,1,0,0,10,1.0
2,0,0,0,0.90678,26,20,0,84,26,1011,3,1,1,1,10,1.0
2,0,0,0,0.882353,26,20,0,84,26,1011,3,1,1,1,10,1.0
2,0,0,0,0.918367,26,20,0,84,26,1011,3,1,1,1,10,1.0
1,0,0,0,0.743902,26,20,0,84,26,1011,3,1,1,1,10,1.0
2,0,0,0,0.892473,29,6,0,68,26,1013,3,2,0,0,10,1.0
2,0,0,0,0.792208,29,6,0,68,26,1013,3,2,0,0,10,1.0
0,1,0,0,0.740741,29,6,0,68,26,1013,3,2,0,0,10,1.0
1,0,0,0,0.731707,29,6,0,68,26,1013,3,2,0,0,10,1.0
2,0,0,0,0.90678,29,6,0,68,26,1013,3,2,0,0,10,1.0
1,0,0,0,0.792208,30,4,0,64,0,1011,3,2,0,1,11,1.0
0,0,1,0,0.90678,30,4,0,64,0,1011,3,2,0,1,11,0.0
0,0,1,0,0.0,30,4,0,64,0,1011,3,2,0,1,11,0.0
2,0,0,0,0.892473,30,4,0,64,0,1011,3,2,0,1,11,1.0
1,0,0,0,0.792208,29,6,0,43,0,1012,3,1,0,1,11,1.0
1,0,0,0,0.888889,29,6,0,43,0,1012,3,1,0,1,11,1.0
1,0,0,0,0.777778,29,6,0,43,0,1012,3,1,0,1,11,1.0
1,0,0,0,0.792208,23,9,0,58,27,1013,3,1,0,1,11,1.0
1,1,0,0,0.90678,23,9,0,58,27,1013,3,1,0,1,11,1.0
0,1,0,0,0.743902,23,9,0,58,27,1013,3,1,0,1,11,1.0
1,0,0,0,0.0,23,9,0,58,27,1013,3,1,0,1,11,1.0
2,0,0,0,0.792208,29,10,0,42,0,1013,3,2,0,0,11,1.0
0,0,1,0,0.892473,29,10,0,42,0,1013,3,2,0,0,11,0.0
0,0,1,0,0.875,29,10,0,42,0,1013,3,2,0,0,11,0.0
0,1,1,0,0.529412,29,10,0,42,0,1013,3,2,0,0,11,0.5
0,1,0,0,0.860465,29,10,0,42,0,1013,3,2,0,0,11,1.0
0,2,0,0,0.860465,17,10,0,43,17,1014,3,1,0,1,11,1.0
0,1,0,0,0.75,17,10,0,43,17,1014,3,1,0,1,11,1.0
1,0,0,0,0.743902,17,10,0,43,17,1014,3,1,0,1,11,1.0
1,0,1,0,0.75,26,24,3,86,26,1008,2,1,1,0,11,0.5
0,0,1,0,0.0,26,24,3,86,26,1008,2,1,1,0,11,0.0
1,0,0,0,0.792208,26,24,3,86,26,1008,2,1,1,0,11,1.0
1,2,0,0,0.90678,26,24,3,86,26,1008,2,1,1,0,11,1.0
1,0,0,0,0.949153,26,24,3,86,26,1008,2,1,1,0,11,1.0
1,0,0,0,0.949153,29,23,0,67,61,1011,3,2,0,0,11,1.0
1,0,1,0,0.892473,29,23,0,67,61,1011,3,2,0,0,11,0.5
1,0,0,0,0.875,29,23,0,67,61,1011,3,2,0,0,11,1.0
1,0,1,0,0.743902,29,23,0,67,61,1011,3,2,0,0,11,0.5
0,1,0,0,0.90678,29,23,0,67,61,1011,3,2,0,0,11,1.0
2,1,0,0,0.90678,25,15,0,86,35,1012,3,1,1,1,11,1.0
0,0,1,0,0.875,25,15,0,86,35,1012,3,1,1,1,11,0.0
0,1,0,0,0.882353,25,15,0,86,35,1012,3,1,1,1,11,1.0
1,0,0,0,1.0,25,15,0,86,35,1012,3,1,1,1,11,1.0
1,0,0,0,0.892473,25,15,0,86,35,1012,3,1,1,1,11,1.0
2,0,0,0,0.90678,30,6,0,65,40,1011,3,2,0,0,11,1.0
2,0,0,0,0.792208,30,6,0,65,40,1011,3,2,0,0,11,1.0
1,0,0,0,0.949153,30,6,0,65,40,1011,3,2,0,0,11,1.0
2,0,0,0,0.892473,30,6,0,65,40,1011,3,2,0,0,11,1.0
1,0,0,0,1.0,22,3,0,93,37,1012,3,1,1,0,11,1.0
1,0,0,0,0.875,22,3,0,93,37,1012,3,1,1,0,11,1.0
1,0,0,0,0.892473,22,3,0,93,37,1012,3,1,1,0,11,1.0
4,0,0,0,0.90678,24,6,0,86,64,1011,3,1,0,1,11,1.0
0,1,0,0,0.875,24,6,0,86,64,1011,3,1,0,1,11,1.0
2,0,0,0,0.740741,24,6,0,86,64,1011,3,1,0,1,11,1.0
1,0,1,0,0.792208,26,2,0,86,25,1012,3,1,1,1,11,0.5
1,0,0,0,0.529412,26,2,0,86,25,1012,3,1,1,1,11,1.0
1,1,0,0,0.90678,26,2,0,86,25,1012,3,1,1,1,11,1.0
1,0,0,0,0.860465,26,2,0,86,25,1012,3,1,1,1,11,1.0
1,0,0,0,0.740741,25,5,0,36,22,1010,3,1,0,1,11,1.0
0,2,0,0,0.90678,25,5,0,36,22,1010,3,1,0,1,11,1.0
1,0,0,0,0.792208,25,5,0,36,22,1010,3,1,0,1,11,1.0
1,0,0,0,0.743902,25,5,0,36,22,1010,3,1,0,1,11,1.0
1,1,0,0,0.743902,27,2,0,52,44,1009,3,2,0,0,11,1.0
1,1,0,0,0.75,27,2,0,52,44,1009,3,2,0,0,11,1.0
1,4,0,0,0.90678,27,2,0,52,44,1009,3,2,0,0,11,1.0
1,0,0,0,0.892473,27,2,0,52,44,1009,3,2,0,0,11,1.0
0,1,0,0,0.740741,27,2,0,52,44,1009,3,2,0,0,11,1.0
0,1,0,0,0.792208,27,2,0,52,44,1009,3,2,0,0,11,1.0
1,0,0,0,0.875,27,2,0,52,44,1009,3,2,0,0,11,1.0
1,0,0,0,0.918367,22,17,1,76,99,1007,3,0,0,1,11,1.0
2,0,1,0,0.90678,22,16,0,37,4,1015,3,1,0,1,11,0.6666666666666666
1,0,0,0,0.892473,22,16,0,37,4,1015,3,1,0,1,11,1.0
1,0,0,0,0.875,22,16,0,37,4,1015,3,1,0,1,11,1.0
0,1,0,0,0.740741,22,16,0,37,4,1015,3,1,0,1,11,1.0
2,0,0,0,0.90678,17,13,0,73,39,1019,3,2,0,1,11,1.0
0,0,1,0,0.740741,17,13,0,73,39,1019,3,2,0,1,11,0.0
1,0,0,0,1.0,17,13,0,73,39,1019,3,2,0,1,11,1.0
1,2,0,0,0.90678,18,15,0,80,0,1019,3,2,0,0,11,1.0
0,0,1,0,0.740741,18,15,0,80,0,1019,3,2,0,0,11,0.0
2,0,0,0,0.892473,18,15,0,80,0,1019,3,2,0,0,11,1.0
0,3,0,0,0.0,18,15,0,80,0,1019,3,2,0,0,11,1.0
1,1,0,0,1.0,18,15,0,80,0,1019,3,2,0,0,11,1.0
1,0,0,0,0.792208,20,23,0,85,4,1013,3,1,1,1,11,1.0
1,0,0,0,0.860465,20,23,0,85,4,1013,3,1,1,1,11,1.0
2,1,0,0,0.90678,20,23,0,85,4,1013,3,1,1,1,11,1.0
0,1,0,0,0.918367,20,23,0,85,4,1013,3,1,1,1,11,1.0
1,1,1,0,0.90678,14,20,0,61,79,1029,3,2,0,1,11,0.6666666666666666
1,0,1,0,0.75,14,20,0,61,79,1029,3,2,0,1,11,0.5
1,0,0,0,1.0,14,20,0,61,79,1029,3,2,0,1,11,1.0
1,0,0,0,0.875,14,20,0,61,79,1029,3,2,0,1,11,1.0
1,0,0,0,0.8,14,20,0,61,79,1029,3,2,0,1,11,1.0
2,0,0,0,0.882353,15,12,0,85,60,1025,3,2,0,1,11,1.0
0,0,1,0,0.792208,15,12,0,85,60,1025,3,2,0,1,11,0.0
1,0,0,0,0.875,15,12,0,85,60,1025,3,2,0,1,11,1.0
2,0,0,0,0.75,15,12,0,85,60,1025,3,2,0,1,11,1.0
1,0,0,0,0.743902,15,12,0,85,60,1025,3,2,0,1,11,1.0
1,0,0,0,0.892473,15,12,0,85,60,1025,3,2,0,1,11,1.0
1,0,0,0,0.8,15,12,0,85,60,1025,3,2,0,1,11,1.0
0,1,0,0,0.743902,19,11,0,76,29,1010,3,1,1,1,11,1.0
2,1,0,0,0.90678,19,11,0,76,29,1010,3,1,1,1,11,1.0
0,0,1,0,0.740741,19,11,0,76,29,1010,3,1,1,1,11,0.0
1,0,0,0,0.792208,19,11,0,76,29,1010,3,1,1,1,11,1.0
1,0,0,0,0.882353,19,11,0,76,29,1010,3,1,1,1,11,1.0
1,0,1,0,0.731707,19,11,0,76,29,1010,3,1,1,1,11,0.5
1,0,0,0,0.8,16,31,0,81,34,1030,3,2,0,0,11,1.0
3,0,0,0,0.740741,16,31,0,81,34,1030,3,2,0,0,11,1.0
0,1,1,0,0.90678,26,18,0,65,14,1008,3,2,0,0,11,0.5
1,0,1,0,0.529412,26,18,0,65,14,1008,3,2,0,0,11,0.5
0,0,1,0,0.792208,26,18,0,65,14,1008,3,2,0,0,11,0.0
2,2,0,0,0.892473,26,18,0,65,14,1008,3,2,0,0,11,1.0
1,0,0,0,0.731707,26,18,0,65,14,1008,3,2,0,0,11,1.0
1,0,0,0,0.860465,26,18,0,65,14,1008,3,2,0,0,11,1.0
0,2,0,0,0.743902,26,18,0,65,14,1008,3,2,0,0,11,1.0
1,0,0,0,0.731707,15,9,0,87,74,1019,2,1,1,1,11,1.0
2,0,0,0,0.875,15,9,0,87,74,1019,2,1,1,1,11,1.0
0,0,1,0,0.949153,15,9,0,87,74,1019,2,1,1,1,11,0.0
2,0,0,0,0.892473,15,9,0,87,74,1019,2,1,1,1,11,1.0
1,0,0,0,0.918367,15,9,0,87,74,1019,2,1,1,1,11,1.0
2,0,0,0,0.90678,15,9,0,87,74,1019,2,1,1,1,11,1.0
1,0,0,0,0.918367,22,18,0,71,73,1017,3,1,1,1,11,1.0
2,0,0,0,0.860465,28,3,10,82,65,1010,1,1,0,0,12,1.0
1,0,0,0,0.892473,28,3,10,82,65,1010,1,1,0,0,12,1.0
2,0,0,0,0.857143,25,21,1,76,27,1005,3,2,0,0,12,1.0
0,0,1,0,0.860465,25,21,1,76,27,1005,3,2,0,0,12,0.0
1,0,0,0,0.743902,25,21,1,76,27,1005,3,2,0,0,12,1.0
0,0,1,0,0.666667,25,21,1,76,27,1005,3,2,0,0,12,0.0
1,0,0,0,0.0,27,20,4,85,92,1008,2,2,0,0,12,1.0
0,0,1,0,0.666667,27,20,4,85,92,1008,2,2,0,0,12,0.0
0,1,0,0,0.740741,27,20,4,85,92,1008,2,2,0,0,12,1.0
0,2,0,0,0.892473,27,20,4,85,92,1008,2,2,0,0,12,1.0
1,0,0,0,0.949153,27,20,4,85,92,1008,2,2,0,0,12,1.0
1,0,0,0,0.891892,26,12,9,91,36,1010,1,1,1,1,12,1.0
0,0,1,0,0.875,26,12,9,91,36,1010,1,1,1,1,12,0.0
1,0,1,0,0.949153,26,12,9,91,36,1010,1,1,1,1,12,0.5
1,0,0,0,0.860465,26,12,9,91,36,1010,1,1,1,1,12,1.0
0,1,0,0,0.743902,27,19,0,78,12,1012,3,1,1,1,12,1.0
1,1,0,0,0.860465,27,19,0,78,12,1012,3,1,1,1,12,1.0
0,1,0,0,0.8,27,19,0,78,12,1012,3,1,1,1,12,1.0
1,0,0,0,0.875,27,19,0,78,12,1012,3,1,1,1,12,1.0
2,0,0,0,0.891892,27,19,0,78,12,1012,3,1,1,1,12,1.0
2,0,0,0,0.892473,27,19,0,78,12,1012,3,1,1,1,12,1.0
1,0,0,0,0.740741,28,12,0,79,32,1010,3,2,0,1,13,1.0
1,0,0,0,0.727273,28,12,0,79,32,1010,3,2,0,1,13,1.0
0,1,0,0,0.949153,28,12,0,79,32,1010,3,2,0,1,13,1.0
1,2,0,0,0.949153,28,6,9,85,25,1010,1,2,0,0,13,1.0
0,0,1,0,0.0,28,6,9,85,25,1010,1,2,0,0,13,0.0
1,0,0,0,0.857143,28,6,9,85,25,1010,1,2,0,0,13,1.0
1,0,0,0,0.740741,28,6,9,85,25,1010,1,2,0,0,13,1.0
0,1,0,0,0.875,28,6,9,85,25,1010,1,2,0,0,13,1.0
0,1,0,0,1.0,28,6,9,85,25,1010,1,2,0,0,13,1.0
1,0,0,0,0.860465,28,6,9,85,25,1010,1,2,0,0,13,1.0
0,2,0,0,0.731707,28,6,9,85,25,1010,1,2,0,0,13,1.0
0,1,0,0,0.743902,28,6,9,85,25,1010,1,2,0,0,13,1.0
2,0,0,0,0.740741,25,3,18,91,65,1009,1,2,0,1,13,1.0
3,0,0,0,0.949153,25,3,18,91,65,1009,1,2,0,1,13,1.0
1,0,0,0,0.860465,25,3,18,91,65,1009,1,2,0,1,13,1.0
1,0,0,0,0.918367,21,19,0,56,4,1022,3,1,0,1,13,1.0
1,0,0,0,0.8,21,19,0,56,4,1022,3,1,0,1,13,1.0
1,0,0,0,0.740741,19,12,0,58,41,1021,3,2,0,0,13,1.0
0,0,1,0,0.727273,19,12,0,58,41,1021,3,2,0,0,13,0.0
1,0,0,0,0.666667,19,12,0,58,41,1021,3,2,0,0,13,1.0
1,1,0,0,0.0,19,12,0,58,41,1021,3,2,0,0,13,1.0
1,0,0,0,0.743902,19,12,0,58,41,1021,3,2,0,0,13,1.0
1,0,0,0,0.888889,19,12,0,58,41,1021,3,2,0,0,13,1.0
1,0,0,0,0.891892,19,12,0,58,41,1021,3,2,0,0,13,1.0
1,0,0,0,0.860465,17,5,27,97,100,1012,2,0,0,1,13,1.0
1,0,0,0,0.0,17,5,27,97,100,1012,2,0,0,1,13,1.0
1,0,0,0,0.892473,19,14,0,59,81,1011,3,2,0,1,13,1.0
2,0,0,0,0.860465,19,14,0,59,81,1011,3,2,0,1,13,1.0
1,0,0,0,0.857143,19,14,0,59,81,1011,3,2,0,1,13,1.0
1,0,0,0,0.740741,19,14,0,59,81,1011,3,2,0,1,13,1.0
1,0,0,0,0.949153,16,18,0,79,52,1016,3,1,0,0,14,1.0
0,0,1,0,0.743902,16,18,0,79,52,1016,3,1,0,0,14,0.0
3,1,0,0,0.860465,16,18,0,79,52,1016,3,1,0,0,14,1.0
2,0,0,0,0.743902,14,11,0,80,95,1022,3,1,0,0,14,1.0
0,0,1,0,0.740741,14,11,0,80,95,1022,3,1,0,0,14,0.0
1,0,0,0,0.860465,14,11,0,80,95,1022,3,1,0,0,14,1.0
2,0,0,0,0.727273,14,11,0,80,95,1022,3,1,0,0,14,1.0
2,0,0,0,0.857143,14,11,0,80,95,1022,3,1,0,0,14,1.0
1,0,0,0,0.727273,14,11,0,80,95,1022,3,1,0,0,14,1.0
1,0,0,0,0.949153,18,13,0,82,36,1016,3,1,1,0,14,1.0
1,0,0,0,0.860465,18,13,0,82,36,1016,3,1,1,0,14,1.0
0,0,1,0,0.529412,18,13,0,82,36,1016,3,1,1,0,14,0.0
1,0,0,0,0.727273,18,13,0,82,36,1016,3,1,1,0,14,1.0
1,0,0,0,0.0,18,13,0,82,36,1016,3,1,1,0,14,1.0
1,0,1,0,0.857143,18,13,0,82,36,1016,3,1,1,0,14,0.5
1,0,0,0,0.860465,15,20,1,89,100,1018,0,1,0,0,14,1.0
1,0,0,0,0.860465,15,24,0,90,100,1008,3,1,0,0,14,1.0
0,0,1,0,0.8,15,24,0,90,100,1008,3,1,0,0,14,0.0
1,0,0,0,0.666667,15,24,0,90,100,1008,3,1,0,0,14,1.0
1,0,0,0,0.727273,15,24,0,90,100,1008,3,1,0,0,14,1.0
1,0,0,0,0.949153,15,31,0,74,23,1014,3,2,0,1,14,1.0
0,1,0,0,0.860465,15,31,0,74,23,1014,3,2,0,1,14,1.0
0,0,1,0,0.8,15,31,0,74,23,1014,3,2,0,1,14,0.0
0,0,1,0,0.743902,15,31,0,74,23,1014,3,2,0,1,14,0.0
1,0,0,0,0.857143,15,31,0,74,23,1014,3,2,0,1,14,1.0
1,0,0,0,0.0,15,31,0,74,23,1014,3,2,0,1,14,1.0
0,1,0,0,0.666667,15,31,0,74,23,1014,3,2,0,1,14,1.0
1,1,0,0,0.949153,27,10,0,90,89,1008,3,1,1,0,14,1.0
1,0,1,0,0.743902,27,10,0,90,89,1008,3,1,1,0,14,0.5
2,0,0,0,0.727273,27,10,0,90,89,1008,3,1,1,0,14,1.0
1,0,0,0,0.740741,27,10,0,90,89,1008,3,1,1,0,14,1.0
1,0,0,0,0.75,27,10,0,90,89,1008,3,1,1,0,14,1.0
1,1,0,0,0.860465,26,13,3,90,63,1009,2,1,1,1,14,1.0
1,0,0,0,0.0,26,13,3,90,63,1009,2,1,1,1,14,1.0
1,0,0,0,0.727273,26,13,3,90,63,1009,2,1,1,1,14,1.0
2,0,0,0,0.740741,26,13,3,90,63,1009,2,1,1,1,14,1.0
1,0,0,0,0.743902,26,13,3,90,63,1009,2,1,1,1,14,1.0
1,0,0,0,0.740741,24,4,9,97,31,1010,1,1,1,1,14,1.0
1,0,0,0,0.860465,24,4,9,97,31,1010,1,1,1,1,14,1.0
0,1,0,0,0.949153,24,4,9,97,31,1010,1,1,1,1,14,1.0
1,0,0,0,0.0,24,4,9,97,31,1010,1,1,1,1,14,1.0
1,0,0,0,0.529412,24,4,9,97,31,1010,1,1,1,1,14,1.0
1,0,0,0,0.892857,23,11,0,84,27,1012,3,1,1,1,14,1.0
1,0,0,0,0.949153,23,11,0,84,27,1012,3,1,1,1,14,1.0
1,0,0,0,0.727273,23,11,0,84,27,1012,3,1,1,1,14,1.0
1,0,0,0,0.8,23,11,0,84,27,1012,3,1,1,1,14,1.0
2,0,0,0,0.857143,30,14,0,28,26,1013,3,2,0,1,15,1.0
1,0,0,0,0.0,30,14,0,28,26,1013,3,2,0,1,15,1.0
1,1,0,0,0.928571,30,14,0,28,26,1013,3,2,0,1,15,1.0
1,0,0,0,0.918367,30,14,0,28,26,1013,3,2,0,1,15,1.0
1,0,0,0,0.0,30,14,0,28,26,1013,3,2,0,1,15,1.0
1,0,0,0,0.949153,25,15,1,43,40,1015,3,2,0,1,15,1.0
0,0,1,0,0.0,25,15,1,43,40,1015,3,2,0,1,15,0.0
0,2,0,0,0.918367,25,15,1,43,40,1015,3,2,0,1,15,1.0
2,0,0,0,0.928571,25,15,1,43,40,1015,3,2,0,1,15,1.0
1,0,0,0,0.892857,25,15,1,43,40,1015,3,2,0,1,15,1.0
1,0,0,0,0.8,25,15,1,43,40,1015,3,2,0,1,15,1.0
0,1,0,0,0.857143,28,9,1,40,20,1014,3,0,0,0,15,1.0
0,1,0,0,0.928571,28,9,1,40,20,1014,3,0,0,0,15,1.0
1,1,1,0,0.740741,30,21,0,22,6,1011,3,1,0,0,15,0.6666666666666666
0,1,1,0,0.857143,30,21,0,22,6,1011,3,1,0,0,15,0.5
1,1,0,0,0.928571,30,21,0,22,6,1011,3,1,0,0,15,1.0
0,1,0,0,0.666667,30,21,0,22,6,1011,3,1,0,0,15,1.0
1,0,0,0,0.892857,30,21,0,22,6,1011,3,1,0,0,15,1.0
2,0,0,0,0.0,21,26,0,62,46,1016,3,2,0,0,15,1.0
2,0,0,0,0.892857,21,26,0,62,46,1016,3,2,0,0,15,1.0
1,0,0,0,0.0,21,26,0,62,46,1016,3,2,0,0,15,1.0
1,0,0,0,0.857143,21,26,0,62,46,1016,3,2,0,0,15,1.0
1,0,0,0,0.928571,21,26,0,62,46,1016,3,2,0,0,15,1.0
1,0,0,0,0.0,22,55,0,64,18,1010,3,1,0,0,15,1.0
0,0,0,1,0.860465,22,55,0,64,18,1010,3,1,0,0,15,0.0
1,0,0,0,1.0,22,55,0,64,18,1010,3,1,0,0,15,1.0
1,0,1,0,0.8,28,19,0,63,1,1011,3,2,0,1,15,0.5
2,0,0,0,0.857143,28,19,0,63,1,1011,3,2,0,1,15,1.0
1,0,1,0,0.860465,28,19,0,63,1,1011,3,2,0,1,15,0.5
1,0,1,0,0.892857,28,19,0,63,1,1011,3,2,0,1,15,0.5
0,1,0,0,0.0,19,5,0,81,12,1012,3,1,0,0,15,1.0
0,0,1,0,0.860465,19,5,0,81,12,1012,3,1,0,0,15,0.0
0,1,0,0,0.0,19,5,0,81,12,1012,3,1,0,0,15,1.0
1,0,0,0,0.892857,19,5,0,81,12,1012,3,1,0,0,15,1.0
2,0,0,0,1.0,23,24,0,60,0,1014,3,2,0,0,15,1.0
1,0,0,0,0.740741,23,24,0,60,0,1014,3,2,0,0,15,1.0
1,0,0,0,0.857143,23,24,0,60,0,1014,3,2,0,0,15,1.0
1,0,0,0,0.0,28,6,0,46,47,1013,3,2,0,1,15,1.0
0,0,1,0,0.0,28,6,0,46,47,1013,3,2,0,1,15,0.0
0,0,1,0,0.740741,28,6,0,46,47,1013,3,2,0,1,15,0.0
1,0,0,0,0.857143,28,6,0,46,47,1013,3,2,0,1,15,1.0
1,0,0,0,0.8,28,6,0,46,47,1013,3,2,0,1,15,1.0
1,0,0,0,0.0,28,6,0,46,47,1013,3,2,0,1,15,1.0
1,0,0,0,0.928571,28,6,0,46,47,1013,3,2,0,1,15,1.0
1,0,0,0,1.0,28,6,0,46,47,1013,3,2,0,1,15,1.0
1,0,0,0,0.727273,31,5,0,46,45,1010,3,2,0,1,15,1.0
0,0,1,0,0.857143,31,5,0,46,45,1010,3,2,0,1,15,0.0
1,0,0,0,0.860465,31,5,0,46,45,1010,3,2,0,1,15,1.0
1,0,0,0,0.740741,31,5,0,46,45,1010,3,2,0,1,15,1.0
2,0,0,0,0.75,31,5,0,46,45,1010,3,2,0,1,15,1.0
1,0,0,0,0.918367,29,10,3,73,32,1010,2,1,0,0,15,1.0
2,1,0,0,0.860465,29,10,3,73,32,1010,2,1,0,0,15,1.0
1,0,0,0,0.727273,29,10,3,73,32,1010,2,1,0,0,15,1.0
1,0,0,0,0.740741,29,10,3,73,32,1010,2,1,0,0,15,1.0
1,0,0,0,0.529412,29,10,3,73,32,1010,2,1,0,0,15,1.0
1,0,0,0,1.0,29,10,3,73,32,1010,2,1,0,0,15,1.0
0,1,0,0,0.857143,18,15,0,63,13,1015,3,2,0,1,16,1.0
0,0,1,0,0.731707,18,15,0,63,13,1015,3,2,0,1,16,0.0
1,1,0,0,0.928571,18,15,0,63,13,1015,3,2,0,1,16,1.0
1,0,0,0,0.860465,18,15,0,63,13,1015,3,2,0,1,16,1.0
1,0,0,0,0.888889,18,15,0,63,13,1015,3,2,0,1,16,1.0
1,0,0,0,0.529412,18,15,0,63,13,1015,3,2,0,1,16,1.0
0,1,0,0,0.740741,18,15,0,63,13,1015,3,2,0,1,16,1.0
1,0,0,0,0.892473,17,30,0,77,100,1010,3,2,0,1,16,1.0
0,0,1,0,0.727273,17,30,0,77,100,1010,3,2,0,1,16,0.0
0,0,0,1,0.666667,17,30,0,77,100,1010,3,2,0,1,16,0.0
1,0,0,0,0.857143,17,30,0,77,100,1010,3,2,0,1,16,1.0
1,0,0,0,0.928571,17,30,0,77,100,1010,3,2,0,1,16,1.0
1,0,0,0,0.860465,17,30,0,77,100,1010,3,2,0,1,16,1.0
1,0,0,0,0.949153,17,30,0,77,100,1010,3,2,0,1,16,1.0
1,0,0,0,0.857143,15,31,0,78,43,1019,3,1,0,0,16,1.0
0,0,1,0,0.529412,15,31,0,78,43,1019,3,1,0,0,16,0.0
1,0,0,0,1.0,15,31,0,78,43,1019,3,1,0,0,16,1.0
0,0,1,0,0.727273,15,31,0,78,43,1019,3,1,0,0,16,0.0
1,0,0,0,0.892857,15,31,0,78,43,1019,3,1,0,0,16,1.0
1,0,0,0,0.666667,15,31,0,78,43,1019,3,1,0,0,16,1.0
2,0,0,0,0.928571,15,31,0,78,43,1019,3,1,0,0,16,1.0
0,1,1,0,0.892473,15,31,0,78,43,1019,3,1,0,0,16,0.5
1,0,1,0,0.928571,28,21,0,79,47,1007,3,1,0,1,16,0.5
0,0,1,0,0.731707,28,21,0,79,47,1007,3,1,0,1,16,0.0
0,0,1,0,0.727273,28,21,0,79,47,1007,3,1,0,1,16,0.0
1,0,0,0,1.0,28,21,0,79,47,1007,3,1,0,1,16,1.0
1,0,0,0,0.740741,28,21,0,79,47,1007,3,1,0,1,16,1.0
1,0,0,0,1.0,29,21,0,75,47,1010,3,2,0,1,16,1.0
2,0,1,0,0.928571,29,21,0,75,47,1010,3,2,0,1,16,0.6666666666666666
0,0,1,0,0.727273,29,21,0,75,47,1010,3,2,0,1,16,0.0
0,0,1,0,0.857143,29,21,0,75,47,1010,3,2,0,1,16,0.0
2,0,0,0,0.666667,29,21,0,75,47,1010,3,2,0,1,16,1.0
1,0,0,0,0.666667,31,34,0,62,4,1008,3,2,0,1,16,1.0
1,0,0,0,0.740741,31,34,0,62,4,1008,3,2,0,1,16,1.0
1,0,0,0,0.857143,31,34,0,62,4,1008,3,2,0,1,16,1.0
0,1,0,0,0.75,31,34,0,62,4,1008,3,2,0,1,16,1.0
1,0,0,0,0.743902,28,26,0,75,34,1010,3,1,0,1,16,1.0
1,1,0,0,0.928571,28,26,0,75,34,1010,3,1,0,1,16,1.0
1,0,0,0,0.0,28,26,0,75,34,1010,3,1,0,1,16,1.0
1,0,0,0,0.727273,28,26,0,75,34,1010,3,1,0,1,16,1.0
1,0,0,0,0.918367,28,28,0,75,5,1010,3,1,0,0,16,1.0
1,0,0,0,0.0,28,28,0,75,5,1010,3,1,0,0,16,1.0
2,0,0,0,0.857143,28,28,0,75,5,1010,3,1,0,0,16,1.0
1,0,1,0,0.731707,28,28,0,75,5,1010,3,1,0,0,16,0.5
0,1,0,0,0.888889,24,6,2,93,44,1010,3,1,1,0,16,1.0
0,0,1,0,0.928571,24,6,2,93,44,1010,3,1,1,0,16,0.0
0,0,1,0,0.740741,24,6,2,93,44,1010,3,1,1,0,16,0.0
1,0,0,0,0.743902,24,4,0,86,34,1008,3,1,1,0,16,1.0
0,1,0,0,0.928571,24,4,0,86,34,1008,3,1,1,0,16,1.0
1,0,0,0,0.0,23,9,0,83,15,1007,3,1,1,1,16,1.0
1,0,0,0,0.875,23,9,0,83,15,1007,3,1,1,1,16,1.0
1,0,0,0,0.928571,29,9,0,82,62,1007,3,2,0,0,16,1.0
1,0,0,0,0.0,29,9,0,82,62,1007,3,2,0,0,16,1.0
0,0,1,0,0.882353,29,9,0,82,62,1007,3,2,0,0,16,0.0
1,0,1,0,0.0,29,9,0,82,62,1007,3,2,0,0,16,0.5
2,0,0,0,0.0,29,9,0,82,62,1007,3,2,0,0,16,1.0
1,0,0,0,0.0,27,7,1,91,57,1010,3,1,1,1,16,1.0
1,0,0,0,0.0,27,7,1,91,57,1010,3,1,1,1,16,1.0
1,0,0,0,0.740741,27,7,1,91,57,1010,3,1,1,1,16,1.0
1,0,0,0,0.928571,27,7,1,91,57,1010,3,1,1,1,16,1.0
2,0,0,0,0.882353,34,14,0,49,0,1005,3,2,0,1,17,1.0
0,0,1,0,0.860465,34,14,0,49,0,1005,3,2,0,1,17,0.0
1,0,0,0,0.857143,34,14,0,49,0,1005,3,2,0,1,17,1.0
1,0,0,0,0.892473,34,14,0,49,0,1005,3,2,0,1,17,1.0
1,0,0,0,0.740741,34,14,0,49,0,1005,3,2,0,1,17,1.0
2,0,0,0,0.857143,34,16,0,43,0,1007,3,2,0,0,17,1.0
0,0,2,0,0.740741,34,16,0,43,0,1007,3,2,0,0,17,0.0
1,0,0,0,0.857143,34,16,0,43,0,1007,3,2,0,0,17,1.0
2,0,0,0,0.928571,34,16,0,43,0,1007,3,2,0,0,17,1.0
1,1,0,0,0.882353,34,16,0,43,0,1007,3,2,0,0,17,1.0
1,1,1,0,0.928571,30,12,0,71,0,1010,3,1,1,1,17,0.6666666666666666
0,1,0,0,0.928571,30,10,0,55,0,1010,3,1,0,1,17,1.0
0,0,1,0,0.529412,30,10,0,55,0,1010,3,1,0,1,17,0.0
0,0,1,0,0.740741,30,10,0,55,0,1010,3,1,0,1,17,0.0
1,0,0,0,0.0,30,10,0,55,0,1010,3,1,0,1,17,1.0
1,0,0,0,0.928571,32,14,0,54,0,1009,3,1,0,1,17,1.0
2,1,0,0,0.928571,25,5,0,12,97,1017,3,2,0,1,17,1.0
2,0,0,0,0.743902,25,5,0,12,97,1017,3,2,0,1,17,1.0
1,0,0,0,0.727273,25,5,0,12,97,1017,3,2,0,1,17,1.0
2,0,0,0,0.875,19,5,0,57,15,1019,3,2,0,1,17,1.0
1,0,0,0,0.0,19,5,0,57,15,1019,3,2,0,1,17,1.0
1,0,0,0,0.8,25,11,0,65,0,1018,3,1,0,0,17,1.0
0,0,1,0,0.743902,25,11,0,65,0,1018,3,1,0,0,17,0.0
1,0,0,0,0.727273,27,4,0,40,0,1015,3,2,0,1,17,1.0
0,0,0,1,0.892473,27,4,0,40,0,1015,3,2,0,1,17,0.0
1,0,0,0,0.857143,27,4,0,40,0,1015,3,2,0,1,17,1.0
1,0,0,0,0.743902,27,4,0,40,0,1015,3,2,0,1,17,1.0
1,0,0,0,0.740741,27,4,0,40,0,1015,3,2,0,1,17,1.0
1,0,0,0,0.882353,27,4,0,40,0,1015,3,2,0,1,17,1.0
2,0,0,0,0.928571,28,8,0,38,0,1015,3,2,0,0,17,1.0
0,0,1,0,0.857143,28,8,0,38,0,1015,3,2,0,0,17,0.0
1,0,0,0,1.0,28,8,0,38,0,1015,3,2,0,0,17,1.0
1,0,0,0,0.892473,28,8,0,38,0,1015,3,2,0,0,17,1.0
1,0,0,0,0.882353,28,8,0,38,0,1015,3,2,0,0,17,1.0
3,0,1,0,0.740741,27,9,0,39,0,1014,3,2,0,0,17,0.75
2,1,0,0,0.928571,27,9,0,39,0,1014,3,2,0,0,17,1.0
1,1,0,0,0.857143,27,9,0,39,0,1014,3,2,0,0,17,1.0
1,1,0,0,0.727273,27,9,0,36,2,1011,3,2,0,0,17,1.0
1,0,0,0,0.857143,27,9,0,36,2,1011,3,2,0,0,17,1.0
1,0,0,0,0.0,27,9,0,36,2,1011,3,2,0,0,17,1.0
1,0,0,0,0.0,27,9,0,36,2,1011,3,2,0,0,17,1.0
2,0,0,0,0.928571,27,9,0,36,2,1011,3,2,0,0,17,1.0
1,0,0,0,0.740741,27,9,0,36,2,1011,3,2,0,0,17,1.0
2,0,0,0,0.882353,25,15,0,30,3,1011,3,1,0,1,17,1.0
0,0,1,0,0.0,25,15,0,30,3,1011,3,1,0,1,17,0.0
0,1,0,0,0.892473,25,15,0,30,3,1011,3,1,0,1,17,1.0
1,1,0,0,1.0,25,15,0,30,3,1011,3,1,0,1,17,1.0
2,0,0,0,0.740741,25,15,0,30,3,1011,3,1,0,1,17,1.0
1,0,0,0,0.857143,25,15,0,30,3,1011,3,1,0,1,17,1.0
1,0,0,0,0.8,27,9,10,86,83,1011,1,1,0,1,18,1.0
1,0,0,0,0.743902,27,9,10,86,83,1011,1,1,0,1,18,1.0
1,0,0,0,0.8,25,3,3,88,59,1010,2,1,1,1,18,1.0
0,0,1,0,0.0,25,3,3,88,59,1010,2,1,1,1,18,0.0
2,0,0,0,0.882353,25,3,3,88,59,1010,2,1,1,1,18,1.0
1,0,1,0,0.949153,25,3,3,88,59,1010,2,1,1,1,18,0.5
2,0,0,0,0.857143,25,3,3,88,59,1010,2,1,1,1,18,1.0
1,0,0,0,0.949153,27,10,1,68,14,1011,3,2,0,1,18,1.0
1,0,0,0,0.8,27,10,1,68,14,1011,3,2,0,1,18,1.0
2,0,0,0,0.892857,27,10,1,68,14,1011,3,2,0,1,18,1.0
1,0,0,0,0.0,22,7,0,87,35,1011,3,1,1,0,18,1.0
0,0,1,0,0.8,22,7,0,87,35,1011,3,1,1,0,18,0.0
2,0,0,0,0.892857,22,7,0,87,35,1011,3,1,1,0,18,1.0
0,1,0,0,0.0,22,7,0,87,35,1011,3,1,1,0,18,1.0
1,0,0,0,0.743902,22,7,0,87,35,1011,3,1,1,0,18,1.0
1,0,0,0,0.882353,26,16,0,88,74,1010,3,1,1,1,18,1.0
2,0,0,0,0.892857,26,16,0,88,74,1010,3,1,1,1,18,1.0
1,0,0,0,0.928571,26,16,0,88,74,1010,3,1,1,1,18,1.0
1,0,0,0,0.8,26,16,0,88,74,1010,3,1,1,1,18,1.0
2,1,0,0,0.857143,38,14,0,41,0,1004,3,2,0,0,18,1.0
0,0,1,0,0.0,38,14,0,41,0,1004,3,2,0,0,18,0.0
0,0,1,0,0.743902,38,14,0,41,0,1004,3,2,0,0,18,0.0
2,1,0,0,0.949153,38,14,0,41,0,1004,3,2,0,0,18,1.0
1,0,1,0,0.892857,38,14,0,41,0,1004,3,2,0,0,18,0.5
1,0,0,0,0.8,38,14,0,41,0,1004,3,2,0,0,18,1.0
1,0,0,0,0.740741,38,14,0,41,0,1004,3,2,0,0,18,1.0
2,0,0,0,0.892473,39,6,0,38,0,1002,3,2,0,0,18,1.0
0,0,1,0,0.0,39,6,0,38,0,1002,3,2,0,0,18,0.0
1,0,0,0,0.882353,39,6,0,38,0,1002,3,2,0,0,18,1.0
1,0,0,0,0.0,28,15,9,72,27,1011,1,0,0,1,19,1.0
1,0,0,0,0.928571,28,15,9,72,27,1011,1,0,0,1,19,1.0
2,0,0,0,0.882353,24,14,1,89,93,1014,3,2,0,1,19,1.0
1,0,0,0,0.731707,24,14,1,89,93,1014,3,2,0,1,19,1.0
1,0,1,0,0.892857,24,14,1,89,93,1014,3,2,0,1,19,0.5
1,0,0,0,0.892473,22,3,6,91,40,1013,2,1,1,0,19,1.0
0,1,0,0,0.928571,24,3,13,92,46,1011,1,1,0,0,19,1.0
1,0,0,0,0.857143,27,9,1,87,40,1012,3,1,1,1,19,1.0
1,0,0,0,0.0,27,9,1,87,40,1012,3,1,1,1,19,1.0
1,0,0,0,0.928571,27,9,1,87,40,1012,3,1,1,1,19,1.0
1,0,0,0,0.892473,27,9,1,87,40,1012,3,1,1,1,19,1.0
1,0,0,0,0.860465,27,9,1,87,40,1012,3,1,1,1,19,1.0
1,0,0,0,0.75,27,9,1,87,40,1012,3,1,1,1,19,1.0
2,0,1,0,0.75,25,17,0,53,6,1010,3,2,0,0,19,0.6666666666666666
1,0,0,0,0.529412,25,17,0,53,6,1010,3,2,0,0,19,1.0
1,1,0,0,0.892473,25,17,0,53,6,1010,3,2,0,0,19,1.0
1,0,0,0,0.949153,25,17,0,53,6,1010,3,2,0,0,19,1.0
2,1,0,0,0.928571,19,19,0,45,25,1009,3,2,0,0,19,1.0
0,0,1,0,0.860465,19,19,0,45,25,1009,3,2,0,0,19,0.0
0,2,0,0,0.892473,19,19,0,45,25,1009,3,2,0,0,19,1.0
1,1,0,0,0.75,19,19,0,45,25,1009,3,2,0,0,19,1.0
0,1,0,0,0.949153,19,19,0,45,25,1009,3,2,0,0,19,1.0
0,1,0,0,0.666667,19,19,0,45,25,1009,3,2,0,0,19,1.0
1,0,0,0,0.857143,26,7,0,38,0,1017,3,2,0,1,19,1.0
0,0,1,0,0.666667,26,7,0,38,0,1017,3,2,0,1,19,0.0
0,0,1,0,0.75,26,7,0,38,0,1017,3,2,0,1,19,0.0
2,0,0,0,0.892857,26,7,0,38,0,1017,3,2,0,1,19,1.0
1,0,0,0,0.928571,33,16,0,19,0,1008,3,1,0,0,19,1.0
0,0,1,0,0.75,33,16,0,19,0,1008,3,1,0,0,19,0.0
2,2,0,0,0.928571,31,7,0,31,22,1015,3,2,0,1,19,1.0
1,0,0,0,0.882353,31,7,0,31,22,1015,3,2,0,1,19,1.0
1,0,0,0,0.0,31,7,0,31,22,1015,3,2,0,1,19,1.0
1,0,0,0,0.0,31,7,0,31,22,1015,3,2,0,1,19,1.0
2,0,0,0,0.928571,25,12,0,77,63,1019,3,2,0,1,19,1.0
1,0,0,0,0.731707,25,12,0,77,63,1019,3,2,0,1,19,1.0
0,0,1,0,0.0,25,12,0,77,63,1019,3,2,0,1,19,0.0
1,0,0,0,0.740741,22,21,0,71,6,1014,3,1,0,0,19,1.0
1,0,0,0,0.892473,22,21,0,71,6,1014,3,1,0,0,19,1.0
1,0,0,0,0.892857,22,21,0,71,6,1014,3,1,0,0,19,1.0
1,0,0,0,0.0,22,21,0,71,6,1014,3,1,0,0,19,1.0
1,0,0,0,0.0,23,8,0,74,6,1011,3,1,0,1,19,1.0
0,0,1,0,0.0,23,8,0,74,6,1011,3,1,0,1,19,0.0
1,0,0,0,0.857143,23,8,0,74,6,1011,3,1,0,1,19,1.0
2,0,0,0,0.0,15,2,1,67,13,1018,3,1,0,0,20,1.0
1,0,0,0,0.875,15,2,1,67,13,1018,3,1,0,0,20,1.0
1,0,0,0,0.857143,15,2,1,67,13,1018,3,1,0,0,20,1.0
1,1,0,0,1.0,15,2,1,67,13,1018,3,1,0,0,20,1.0
0,1,0,0,0.892473,15,2,1,67,13,1018,3,1,0,0,20,1.0
0,2,0,0,0.892857,15,2,1,67,13,1018,3,1,0,0,20,1.0
1,1,0,0,1.0,15,19,1,83,51,1001,3,1,0,0,20,1.0
0,0,1,0,0.857143,15,19,1,83,51,1001,3,1,0,0,20,0.0
1,0,0,0,0.892473,15,19,1,83,51,1001,3,1,0,0,20,1.0
1,0,0,0,0.743902,15,19,1,83,51,1001,3,1,0,0,20,1.0
1,0,0,0,0.949153,15,19,1,83,51,1001,3,1,0,0,20,1.0
1,0,0,0,1.0,20,22,0,48,27,1013,3,2,0,1,20,1.0
1,2,0,0,0.909091,20,22,0,48,27,1013,3,2,0,1,20,1.0
1,0,0,0,0.857143,20,22,0,48,27,1013,3,2,0,1,20,1.0
1,0,0,0,0.857143,16,16,0,57,4,1019,3,1,0,1,20,1.0
4,0,0,0,0.949153,16,16,0,57,4,1019,3,1,0,1,20,1.0
2,0,0,0,0.909091,16,16,0,57,4,1019,3,1,0,1,20,1.0
1,0,0,0,0.892473,16,16,0,57,4,1019,3,1,0,1,20,1.0
1,0,0,0,0.0,19,26,1,60,28,1018,3,1,0,0,20,1.0
2,0,0,0,0.949153,19,26,1,60,28,1018,3,1,0,0,20,1.0
0,1,0,0,0.892857,19,26,1,60,28,1018,3,1,0,0,20,1.0
1,0,0,0,0.75,19,26,1,60,28,1018,3,1,0,0,20,1.0
0,0,1,0,0.857143,19,26,1,60,28,1018,3,1,0,0,20,0.0
0,2,0,0,0.909091,19,26,1,60,28,1018,3,1,0,0,20,1.0
0,1,0,0,0.0,19,26,1,60,28,1018,3,1,0,0,20,1.0
1,0,0,0,0.949153,19,6,0,55,13,1014,3,1,0,1,20,1.0
1,0,0,0,0.743902,19,6,0,55,13,1014,3,1,0,1,20,1.0
2,1,0,0,0.857143,26,13,0,88,49,1010,3,1,1,1,20,1.0
1,0,0,0,0.0,26,13,0,88,49,1010,3,1,1,1,20,1.0
1,0,0,0,0.0,26,13,0,88,49,1010,3,1,1,1,20,1.0
1,0,0,0,0.892473,26,13,0,88,49,1010,3,1,1,1,20,1.0
1,0,1,0,0.857143,28,15,0,77,44,1008,3,2,0,0,20,0.5
0,0,1,0,0.882353,28,15,0,77,44,1008,3,2,0,0,20,0.0
0,1,0,0,0.892857,28,15,0,77,44,1008,3,2,0,0,20,1.0
1,2,0,0,0.949153,28,15,0,77,44,1008,3,2,0,0,20,1.0
1,0,0,0,1.0,28,15,0,77,44,1008,3,2,0,0,20,1.0
0,1,0,0,0.666667,28,15,0,77,44,1008,3,2,0,0,20,1.0
1,0,0,0,0.0,27,13,0,87,43,1011,3,1,1,1,20,1.0
2,2,0,0,0.949153,27,13,0,87,43,1011,3,1,1,1,20,1.0
1,0,0,0,0.857143,27,13,0,87,43,1011,3,1,1,1,20,1.0
1,0,0,0,0.0,27,13,0,87,43,1011,3,1,1,1,20,1.0
2,0,0,0,0.892857,27,13,0,87,43,1011,3,1,1,1,20,1.0
0,1,0,0,1.0,27,13,0,87,43,1011,3,1,1,1,20,1.0
1,0,1,0,0.909091,31,31,0,65,9,1006,3,2,0,0,21,0.5
1,1,0,0,0.0,31,31,0,65,9,1006,3,2,0,0,21,1.0
0,1,0,0,0.0,31,31,0,65,9,1006,3,2,0,0,21,1.0
0,2,1,0,0.666667,31,31,0,65,9,1006,3,2,0,0,21,0.6666666666666666
0,1,0,0,0.875,31,31,0,65,9,1006,3,2,0,0,21,1.0
1,0,0,0,0.0,31,31,0,65,9,1006,3,2,0,0,21,1.0
1,0,0,0,0.0,28,29,0,78,56,1010,3,1,1,1,21,1.0
0,0,1,0,0.727273,28,29,0,78,56,1010,3,1,1,1,21,0.0
0,0,1,0,0.0,28,29,0,78,56,1010,3,1,1,1,21,0.0
