batting_temp,batting_wind,batting_rain,batting_humidity,batting_cloud,batting_pressure,batting_viscosity
20,11,0,50,6,1009,3
20,11,0,50,6,1009,3
20,11,0,50,6,1009,3
20,11,0,50,6,1009,3
20,11,0,50,6,1009,3
22,11,0,51,0,1010,3
22,11,0,51,0,1010,3
22,11,0,51,0,1010,3
22,11,0,51,0,1010,3
22,11,0,51,0,1010,3
22,11,0,51,0,1010,3
22,11,0,51,0,1010,3
24,5,0,50,0,1012,3
24,5,0,50,0,1012,3
24,5,0,50,0,1012,3
30,5,0,35,0,1012,3
30,5,0,35,0,1012,3
30,5,0,35,0,1012,3
30,5,0,35,0,1012,3
30,5,0,35,0,1012,3
30,5,0,35,0,1012,3
30,5,0,35,0,1012,3
30,5,0,35,0,1012,3
30,5,0,35,0,1012,3
30,5,0,35,0,1012,3
30,5,0,35,0,1012,3
20,9,0,42,52,1015,3
20,9,0,42,52,1015,3
20,9,0,42,52,1015,3
20,9,0,42,52,1015,3
20,9,0,42,52,1015,3
20,9,0,42,52,1015,3
20,9,0,42,52,1015,3
20,9,0,42,52,1015,3
14,21,1,90,63,1025,3
14,21,1,90,63,1025,3
14,21,1,90,63,1025,3
14,21,1,90,63,1025,3
14,21,1,90,63,1025,3
14,21,1,90,63,1025,3
14,21,1,90,63,1025,3
14,21,1,90,63,1025,3
14,21,1,90,63,1025,3
14,21,1,90,63,1025,3
14,21,1,90,63,1025,3
14,15,0,75,74,1024,3
14,15,0,75,74,1024,3
14,15,0,75,74,1024,3
22,8,0,38,3,1021,3
22,8,0,38,3,1021,3
22,8,0,38,3,1021,3
22,8,0,38,3,1021,3
22,8,0,38,3,1021,3
22,8,0,38,3,1021,3
18,12,0,45,5,1023,3
18,12,0,45,5,1023,3
18,12,0,45,5,1023,3
18,12,0,45,5,1023,3
18,12,0,45,5,1023,3
18,12,0,45,5,1023,3
18,12,0,45,5,1023,3
18,12,0,45,5,1023,3
18,12,0,45,5,1023,3
18,12,0,45,5,1023,3
18,12,0,45,5,1023,3
24,4,0,39,4,1018,3
24,4,0,39,4,1018,3
24,4,0,39,4,1018,3
27,3,5,88,48,1010,2
27,3,5,88,48,1010,2
27,3,5,88,48,1010,2
27,3,5,88,48,1010,2
27,3,5,88,48,1010,2
27,3,5,88,48,1010,2
27,3,5,88,48,1010,2
27,3,5,88,48,1010,2
27,3,5,88,48,1010,2
27,3,5,88,48,1010,2
27,3,5,88,48,1010,2
27,2,7,91,56,1009,2
27,2,7,91,56,1009,2
27,2,7,91,56,1009,2
27,2,7,91,56,1009,2
27,2,7,91,56,1009,2
27,2,7,91,56,1009,2
25,4,6,99,54,1010,2
25,4,6,99,54,1010,2
25,4,6,99,54,1010,2
25,4,6,99,54,1010,2
25,4,6,99,54,1010,2
25,4,11,100,57,1008,1
25,4,11,100,57,1008,1
25,4,11,100,57,1008,1
25,4,11,100,57,1008,1
25,4,11,100,57,1008,1
25,4,11,100,57,1008,1
25,4,11,100,57,1008,1
25,4,11,100,57,1008,1
25,4,11,100,57,1008,1
25,4,11,100,57,1008,1
25,4,11,100,57,1008,1
23,5,1,92,21,1010,3
23,5,1,92,21,1010,3
23,5,1,92,21,1010,3
23,5,1,92,21,1010,3
23,5,1,92,21,1010,3
23,5,1,92,21,1010,3
23,5,1,92,21,1010,3
23,5,1,92,21,1010,3
23,5,1,92,21,1010,3
27,2,3,82,37,1010,2
27,2,3,82,37,1010,2
27,2,3,82,37,1010,2
27,2,3,82,37,1010,2
27,2,3,82,37,1010,2
27,2,3,82,37,1010,2
27,2,3,82,37,1010,2
27,2,3,82,37,1010,2
27,2,3,82,37,1010,2
27,2,3,82,37,1010,2
27,2,3,82,37,1010,2
26,4,4,91,37,1010,2
26,4,4,91,37,1010,2
26,4,4,91,37,1010,2
26,4,4,91,37,1010,2
26,4,4,91,37,1010,2
24,2,14,98,41,1010,1
24,2,14,98,41,1010,1
24,2,14,98,41,1010,1
24,2,14,98,41,1010,1
27,9,2,77,55,1008,3
27,9,2,77,55,1008,3
27,9,2,77,55,1008,3
27,9,2,77,55,1008,3
27,9,2,77,55,1008,3
27,9,2,77,55,1008,3
27,9,2,77,55,1008,3
27,9,2,77,55,1008,3
27,9,2,77,55,1008,3
27,9,2,77,55,1008,3
9,7,0,80,23,1023,3
9,7,0,80,23,1023,3
9,7,0,80,23,1023,3
9,7,0,80,23,1023,3
9,7,0,80,23,1023,3
9,7,0,80,23,1023,3
9,7,0,80,23,1023,3
9,7,0,80,23,1023,3
9,7,0,80,23,1023,3
9,7,0,80,23,1023,3
9,7,0,80,23,1023,3
17,21,0,66,31,1022,3
17,21,0,66,31,1022,3
17,21,0,66,31,1022,3
17,21,0,66,31,1022,3
17,21,0,66,31,1022,3
23,17,0,74,27,1018,3
23,17,0,74,27,1018,3
23,17,0,74,27,1018,3
23,17,0,74,27,1018,3
23,17,0,74,27,1018,3
23,17,0,74,27,1018,3
23,17,0,74,27,1018,3
23,17,0,74,27,1018,3
23,17,0,74,27,1018,3
23,17,0,74,27,1018,3
23,17,0,74,27,1018,3
26,24,1,83,68,1009,2
26,24,1,83,68,1009,2
26,24,1,83,68,1009,2
26,24,1,83,68,1009,2
30,16,0,63,25,1009,3
30,16,0,63,25,1009,3
30,16,0,63,25,1009,3
30,16,0,63,25,1009,3
30,16,0,63,25,1009,3
30,16,0,63,25,1009,3
30,16,0,63,25,1009,3
30,16,0,63,25,1009,3
30,16,0,63,25,1009,3
30,16,0,63,25,1009,3
26,9,1,88,26,1012,3
26,9,1,88,26,1012,3
26,9,1,88,26,1012,3
26,9,1,88,26,1012,3
26,9,1,88,26,1012,3
26,9,1,88,26,1012,3
26,9,1,88,26,1012,3
26,9,1,88,26,1012,3
26,9,1,88,26,1012,3
26,3,0,82,12,1011,3
26,3,0,82,12,1011,3
26,3,0,82,12,1011,3
26,3,0,82,12,1011,3
26,3,0,82,12,1011,3
26,3,0,82,12,1011,3
26,3,0,82,12,1011,3
26,3,0,82,12,1011,3
26,3,0,82,12,1011,3
26,3,0,82,12,1011,3
26,3,0,82,12,1011,3
26,18,1,75,22,1010,3
26,18,1,75,22,1010,3
26,18,1,75,22,1010,3
28,12,0,72,20,1009,3
28,12,0,72,20,1009,3
28,12,0,72,20,1009,3
28,12,0,72,20,1009,3
28,12,0,72,20,1009,3
30,5,0,45,0,1008,3
30,5,0,45,0,1008,3
30,5,0,45,0,1008,3
30,5,0,45,0,1008,3
30,5,0,45,0,1008,3
30,5,0,45,0,1008,3
30,5,0,45,0,1008,3
30,5,0,45,0,1008,3
32,15,0,47,0,1006,3
32,15,0,47,0,1006,3
32,15,0,47,0,1006,3
32,15,0,47,0,1006,3
32,15,0,47,0,1006,3
32,15,0,47,0,1006,3
32,15,0,47,0,1006,3
32,15,0,47,0,1006,3
32,15,0,47,0,1006,3
32,15,0,47,0,1006,3
32,15,0,47,0,1006,3
27,10,0,85,35,1011,3
27,10,0,85,35,1011,3
27,6,1,86,14,1011,3
27,6,1,86,14,1011,3
27,6,1,86,14,1011,3
27,6,1,86,14,1011,3
27,6,1,86,14,1011,3
27,6,1,86,14,1011,3
27,6,1,86,14,1011,3
30,15,0,61,0,1008,3
30,15,0,61,0,1008,3
30,15,0,61,0,1008,3
30,15,0,61,0,1008,3
30,15,0,61,0,1008,3
30,15,0,61,0,1008,3
30,15,0,61,0,1008,3
30,15,0,61,0,1008,3
17,17,2,92,98,1015,3
17,17,2,92,98,1015,3
17,17,2,92,98,1015,3
17,17,2,92,98,1015,3
17,17,2,92,98,1015,3
17,17,2,92,98,1015,3
17,17,2,92,98,1015,3
17,17,2,92,98,1015,3
17,17,2,92,98,1015,3
17,17,2,92,98,1015,3
17,17,2,92,98,1015,3
17,5,0,64,75,1026,3
17,5,0,64,75,1026,3
17,5,0,64,75,1026,3
17,5,0,64,75,1026,3
17,5,0,64,75,1026,3
17,5,0,64,75,1026,3
17,5,0,64,75,1026,3
21,6,0,66,39,1017,3
21,6,0,66,39,1017,3
21,6,0,66,39,1017,3
21,6,0,66,39,1017,3
21,6,0,66,39,1017,3
21,6,0,66,39,1017,3
17,20,1,66,78,1002,3
17,20,1,66,78,1002,3
17,20,1,66,78,1002,3
17,20,1,66,78,1002,3
17,20,1,66,78,1002,3
17,20,1,66,78,1002,3
17,20,1,66,78,1002,3
17,20,1,66,78,1002,3
17,20,1,66,78,1002,3
17,20,1,66,78,1002,3
17,20,1,66,78,1002,3
17,22,0,68,10,1011,3
17,22,0,68,10,1011,3
17,22,0,68,10,1011,3
17,22,0,68,10,1011,3
17,22,0,68,10,1011,3
17,22,0,68,10,1011,3
17,22,0,68,10,1011,3
17,22,0,68,10,1011,3
17,22,0,68,10,1011,3
17,22,0,68,10,1011,3
17,22,0,68,10,1011,3
16,6,0,74,42,1022,3
16,6,0,74,42,1022,3
16,6,0,74,42,1022,3
16,6,0,74,42,1022,3
16,6,0,74,42,1022,3
16,6,0,74,42,1022,3
16,6,0,74,42,1022,3
16,6,0,74,42,1022,3
16,6,0,74,42,1022,3
27,15,5,67,19,1007,2
27,15,5,67,19,1007,2
27,15,5,67,19,1007,2
27,15,5,67,19,1007,2
27,15,5,67,19,1007,2
27,15,5,67,19,1007,2
27,15,5,67,19,1007,2
27,15,5,67,19,1007,2
27,15,5,67,19,1007,2
27,15,5,67,19,1007,2
27,15,5,67,19,1007,2
28,26,0,79,26,1010,3
28,26,0,79,26,1010,3
28,26,0,79,26,1010,3
28,26,0,79,26,1010,3
28,26,0,79,26,1010,3
28,26,0,79,26,1010,3
28,26,0,79,26,1010,3
28,26,0,79,26,1010,3
28,26,0,79,26,1010,3
28,26,0,79,26,1010,3
28,26,0,79,26,1010,3
27,23,0,80,47,1010,3
27,23,0,80,47,1010,3
27,23,0,80,47,1010,3
27,23,0,80,47,1010,3
27,23,0,80,47,1010,3
27,23,0,80,47,1010,3
27,23,0,80,47,1010,3
27,23,0,80,47,1010,3
27,23,0,80,47,1010,3
27,23,0,80,47,1010,3
29,17,3,72,25,1007,2
29,17,3,72,25,1007,2
29,17,3,72,25,1007,2
29,17,3,72,25,1007,2
29,17,3,72,25,1007,2
29,17,3,72,25,1007,2
29,17,3,72,25,1007,2
29,17,3,72,25,1007,2
29,17,3,72,25,1007,2
29,17,3,72,25,1007,2
29,17,3,72,25,1007,2
27,15,2,79,22,1009,3
27,15,2,79,22,1009,3
27,15,2,79,22,1009,3
27,15,2,79,22,1009,3
27,15,2,79,22,1009,3
27,15,2,79,22,1009,3
27,15,2,79,22,1009,3
27,15,2,79,22,1009,3
27,12,0,42,0,1015,3
27,12,0,42,0,1015,3
27,12,0,42,0,1015,3
27,12,0,42,0,1015,3
27,12,0,42,0,1015,3
27,12,0,42,0,1015,3
27,12,0,42,0,1015,3
27,12,0,42,0,1015,3
27,12,0,42,0,1015,3
27,12,0,42,0,1015,3
27,12,0,42,0,1015,3
28,12,0,48,0,1014,3
28,12,0,48,0,1014,3
28,12,0,48,0,1014,3
28,12,0,48,0,1014,3
28,12,0,48,0,1014,3
28,12,0,48,0,1014,3
28,12,0,48,0,1014,3
28,12,0,48,0,1014,3
28,12,0,48,0,1014,3
27,13,0,70,0,1014,3
27,13,0,70,0,1014,3
27,13,0,70,0,1014,3
27,13,0,70,0,1014,3
27,13,0,70,0,1014,3
27,13,0,70,0,1014,3
27,13,0,70,0,1014,3
27,13,0,70,0,1014,3
27,13,0,70,0,1014,3
27,13,0,70,0,1014,3
27,13,0,70,0,1014,3
29,17,0,54,3,1015,3
29,17,0,54,3,1015,3
29,17,0,54,3,1015,3
29,17,0,54,3,1015,3
29,17,0,54,3,1015,3
29,17,0,54,3,1015,3
29,17,0,54,3,1015,3
29,17,0,54,3,1015,3
29,17,0,54,3,1015,3
29,17,0,54,3,1015,3
29,17,0,54,3,1015,3
27,22,0,61,15,1013,3
27,22,0,61,15,1013,3
27,22,0,61,15,1013,3
27,22,0,61,15,1013,3
27,22,0,61,15,1013,3
27,22,0,61,15,1013,3
27,22,0,61,15,1013,3
27,22,0,61,15,1013,3
27,22,0,61,15,1013,3
27,22,0,61,15,1013,3
18,10,0,68,0,1010,3
18,10,0,68,0,1010,3
18,10,0,68,0,1010,3
18,10,0,68,0,1010,3
18,10,0,68,0,1010,3
18,10,0,68,0,1010,3
18,10,0,68,0,1010,3
18,10,0,68,0,1010,3
18,10,0,68,0,1010,3
18,10,0,68,0,1010,3
18,10,0,68,0,1010,3
23,13,0,76,88,1019,3
23,13,0,76,88,1019,3
23,13,0,76,88,1019,3
23,13,0,76,88,1019,3
23,13,0,76,88,1019,3
23,13,0,76,88,1019,3
23,13,0,76,88,1019,3
29,11,0,28,6,1009,3
29,11,0,28,6,1009,3
29,11,0,28,6,1009,3
29,11,0,28,6,1009,3
29,11,0,28,6,1009,3
29,11,0,28,6,1009,3
29,11,0,28,6,1009,3
29,11,0,28,6,1009,3
29,11,0,28,6,1009,3
29,11,0,28,6,1009,3
25,20,6,56,25,1007,2
25,20,6,56,25,1007,2
25,20,6,56,25,1007,2
25,20,6,56,25,1007,2
25,20,6,56,25,1007,2
25,20,6,56,25,1007,2
25,20,6,56,25,1007,2
25,7,6,66,19,1005,2
25,7,6,66,19,1005,2
25,7,6,66,19,1005,2
25,7,6,66,19,1005,2
25,7,6,66,19,1005,2
25,7,6,66,19,1005,2
25,7,6,66,19,1005,2
25,7,6,66,19,1005,2
25,7,6,66,19,1005,2
25,7,6,66,19,1005,2
33,15,0,25,8,1012,3
33,15,0,25,8,1012,3
33,15,0,25,8,1012,3
33,15,0,25,8,1012,3
33,15,0,25,8,1012,3
33,15,0,25,8,1012,3
33,15,0,25,8,1012,3
33,15,0,25,8,1012,3
33,15,0,25,8,1012,3
33,15,0,25,8,1012,3
24,2,0,78,0,1011,3
24,2,0,78,0,1011,3
24,2,0,78,0,1011,3
24,2,0,78,0,1011,3
24,2,0,78,0,1011,3
24,2,0,78,0,1011,3
24,2,0,78,0,1011,3
24,2,0,78,0,1011,3
24,2,0,78,0,1011,3
24,2,0,78,0,1011,3
24,2,0,78,0,1011,3
29,13,0,36,47,1013,3
29,13,0,36,47,1013,3
29,13,0,36,47,1013,3
29,13,0,36,47,1013,3
29,13,0,36,47,1013,3
29,13,0,36,47,1013,3
29,13,0,36,47,1013,3
29,13,0,36,47,1013,3
29,13,0,36,47,1013,3
29,13,0,36,47,1013,3
29,13,0,36,47,1013,3
22,17,0,80,31,1016,3
22,17,0,80,31,1016,3
22,17,0,80,31,1016,3
22,17,0,80,31,1016,3
29,9,2,76,19,1007,3
29,9,2,76,19,1007,3
29,9,2,76,19,1007,3
29,9,2,76,19,1007,3
29,9,2,76,19,1007,3
29,9,2,76,19,1007,3
29,9,2,76,19,1007,3
29,9,2,76,19,1007,3
15,8,0,90,0,1017,3
15,8,0,90,0,1017,3
15,8,0,90,0,1017,3
15,8,0,90,0,1017,3
15,8,0,90,0,1017,3
15,8,0,90,0,1017,3
15,8,0,90,0,1017,3
15,8,0,90,0,1017,3
15,8,0,90,0,1017,3
16,27,0,59,37,1017,3
16,27,0,59,37,1017,3
16,27,0,59,37,1017,3
16,27,0,59,37,1017,3
16,27,0,59,37,1017,3
16,27,0,59,37,1017,3
17,11,0,76,87,1015,0
17,11,0,76,87,1015,0
17,11,0,76,87,1015,0
17,11,0,76,87,1015,0
17,11,0,76,87,1015,0
17,11,0,76,87,1015,0
17,11,0,76,87,1015,0
17,11,0,76,87,1015,0
17,11,0,76,87,1015,0
17,11,0,76,87,1015,0
17,11,0,76,87,1015,0
24,18,1,90,73,1013,3
24,18,1,90,73,1013,3
24,18,1,90,73,1013,3
24,18,1,90,73,1013,3
24,18,1,90,73,1013,3
24,18,1,90,73,1013,3
24,18,1,90,73,1013,3
24,18,1,90,73,1013,3
24,18,1,90,73,1013,3
24,18,1,90,73,1013,3
24,18,1,90,73,1013,3
18,23,0,71,11,1024,3
18,23,0,71,11,1024,3
18,23,0,71,11,1024,3
18,23,0,71,11,1024,3
21,9,0,53,33,1015,3
21,9,0,53,33,1015,3
21,9,0,53,33,1015,3
21,9,0,53,33,1015,3
21,9,0,53,33,1015,3
21,9,0,53,33,1015,3
21,9,0,53,33,1015,3
21,9,0,53,33,1015,3
21,9,0,53,33,1015,3
21,9,0,53,33,1015,3
21,9,0,53,33,1015,3
29,11,0,40,6,1009,3
29,11,0,40,6,1009,3
29,11,0,40,6,1009,3
29,11,0,40,6,1009,3
29,11,0,40,6,1009,3
29,11,0,40,6,1009,3
29,11,0,40,6,1009,3
29,11,0,40,6,1009,3
29,11,0,40,6,1009,3
29,11,0,40,6,1009,3
29,11,0,40,6,1009,3
33,12,0,25,4,1010,3
33,12,0,25,4,1010,3
33,12,0,25,4,1010,3
33,12,0,25,4,1010,3
33,12,0,25,4,1010,3
33,12,0,25,4,1010,3
33,12,0,25,4,1010,3
33,12,0,25,4,1010,3
33,12,0,25,4,1010,3
33,12,0,25,4,1010,3
33,12,0,25,4,1010,3
33,4,0,44,49,1007,3
33,4,0,44,49,1007,3
33,4,0,44,49,1007,3
33,4,0,44,49,1007,3
33,4,0,44,49,1007,3
33,4,0,44,49,1007,3
33,4,0,44,49,1007,3
33,4,0,44,49,1007,3
33,4,0,44,49,1007,3
33,4,0,44,49,1007,3
33,4,0,44,49,1007,3
26,22,1,70,33,1006,3
26,22,1,70,33,1006,3
26,22,1,70,33,1006,3
26,22,1,70,33,1006,3
26,22,1,70,33,1006,3
26,22,1,70,33,1006,3
26,22,1,70,33,1006,3
26,22,1,70,33,1006,3
26,22,1,70,33,1006,3
26,22,1,70,33,1006,3
26,19,0,75,28,1006,3
26,19,0,75,28,1006,3
26,19,0,75,28,1006,3
26,19,0,75,28,1006,3
26,19,0,75,28,1006,3
26,19,0,75,28,1006,3
28,21,0,73,49,1007,3
28,21,0,73,49,1007,3
28,21,0,73,49,1007,3
28,21,0,73,49,1007,3
28,21,0,73,49,1007,3
28,21,0,73,49,1007,3
28,21,0,73,49,1007,3
28,21,0,73,49,1007,3
28,21,0,73,49,1007,3
28,21,0,73,49,1007,3
27,16,0,79,80,1012,3
27,16,0,79,80,1012,3
27,16,0,79,80,1012,3
27,16,0,79,80,1012,3
27,16,0,79,80,1012,3
27,16,0,79,80,1012,3
27,16,0,79,80,1012,3
27,16,0,79,80,1012,3
27,16,0,79,80,1012,3
27,16,0,79,80,1012,3
26,24,0,81,14,1010,3
26,24,0,81,14,1010,3
26,24,0,81,14,1010,3
26,24,0,81,14,1010,3
26,24,0,81,14,1010,3
26,24,0,81,14,1010,3
26,24,0,81,14,1010,3
26,24,0,81,14,1010,3
26,24,0,81,14,1010,3
26,24,0,81,14,1010,3
26,24,0,81,14,1010,3
27,25,0,81,19,1009,3
27,25,0,81,19,1009,3
27,25,0,81,19,1009,3
29,17,0,73,31,1007,3
29,17,0,73,31,1007,3
29,17,0,73,31,1007,3
29,17,0,73,31,1007,3
29,17,0,73,31,1007,3
29,17,0,73,31,1007,3
29,17,0,73,31,1007,3
28,18,0,73,33,1009,3
28,18,0,73,33,1009,3
28,18,0,73,33,1009,3
28,18,0,73,33,1009,3
28,18,0,73,33,1009,3
28,18,0,73,33,1009,3
28,18,0,73,33,1009,3
28,18,0,73,33,1009,3
28,18,0,73,33,1009,3
28,18,0,73,33,1009,3
22,12,0,84,8,1009,3
22,12,0,84,8,1009,3
22,12,0,84,8,1009,3
22,12,0,84,8,1009,3
22,12,0,84,8,1009,3
22,12,0,84,8,1009,3
22,12,0,84,8,1009,3
22,12,0,84,8,1009,3
22,12,0,84,8,1009,3
22,12,0,84,8,1009,3
22,12,0,84,8,1009,3
23,2,3,93,58,1010,2
23,2,3,93,58,1010,2
23,2,3,93,58,1010,2
23,2,3,93,58,1010,2
23,2,3,93,58,1010,2
23,0,3,94,58,1011,2
23,0,3,94,58,1011,2
23,0,3,94,58,1011,2
23,0,3,94,58,1011,2
23,0,3,94,58,1011,2
26,8,3,83,15,1011,2
26,8,3,83,15,1011,2
26,8,3,83,15,1011,2
26,8,3,83,15,1011,2
26,8,3,83,15,1011,2
26,2,5,82,37,1012,2
26,2,5,82,37,1012,2
26,2,5,82,37,1012,2
26,2,5,82,37,1012,2
26,2,5,82,37,1012,2
26,2,5,82,37,1012,2
26,2,5,82,37,1012,2
26,2,5,82,37,1012,2
26,2,5,82,37,1012,2
20,16,0,61,2,1003,3
20,16,0,61,2,1003,3
20,16,0,61,2,1003,3
20,16,0,61,2,1003,3
20,16,0,61,2,1003,3
20,16,0,61,2,1003,3
20,16,0,61,2,1003,3
20,16,0,61,2,1003,3
20,16,0,61,2,1003,3
20,16,0,61,2,1003,3
20,16,0,61,2,1003,3
19,20,0,63,8,1018,3
19,20,0,63,8,1018,3
19,20,0,63,8,1018,3
19,20,0,63,8,1018,3
24,20,0,76,42,1008,3
24,20,0,76,42,1008,3
24,20,0,76,42,1008,3
24,20,0,76,42,1008,3
24,20,0,76,42,1008,3
24,20,0,76,42,1008,3
24,20,0,76,42,1008,3
24,20,0,76,42,1008,3
22,8,0,84,73,1016,3
22,8,0,84,73,1016,3
12,13,0,73,51,1022,3
12,13,0,73,51,1022,3
12,13,0,73,51,1022,3
12,13,0,73,51,1022,3
12,13,0,73,51,1022,3
12,13,0,73,51,1022,3
12,13,0,73,51,1022,3
12,13,0,73,51,1022,3
12,13,0,73,51,1022,3
12,13,0,73,51,1022,3
12,13,0,73,51,1022,3
27,3,1,80,16,1010,3
27,3,1,80,16,1010,3
27,3,1,80,16,1010,3
27,3,1,80,16,1010,3
27,9,7,82,29,1010,2
27,9,7,82,29,1010,2
28,8,6,74,50,1008,2
28,8,6,74,50,1008,2
28,8,6,74,50,1008,2
28,8,6,74,50,1008,2
28,8,6,74,50,1008,2
28,8,6,74,50,1008,2
28,8,6,74,50,1008,2
28,8,6,74,50,1008,2
28,8,6,74,50,1008,2
28,8,6,74,50,1008,2
28,8,6,74,50,1008,2
14,14,0,70,10,1017,3
14,14,0,70,10,1017,3
14,14,0,70,10,1017,3
14,14,0,70,10,1017,3
14,14,0,70,10,1017,3
14,14,0,70,10,1017,3
14,14,0,70,10,1017,3
14,14,0,70,10,1017,3
14,14,0,70,10,1017,3
14,14,0,70,10,1017,3
14,14,0,70,10,1017,3
15,18,0,65,78,1013,3
15,18,0,65,78,1013,3
15,18,0,65,78,1013,3
15,18,0,65,78,1013,3
15,18,0,65,78,1013,3
19,18,0,61,47,1014,3
19,18,0,61,47,1014,3
19,18,0,61,47,1014,3
19,18,0,61,47,1014,3
19,18,0,61,47,1014,3
19,18,0,61,47,1014,3
19,18,0,61,47,1014,3
19,18,0,61,47,1014,3
19,18,0,61,47,1014,3
19,18,0,61,47,1014,3
18,9,0,90,87,1012,3
18,9,0,90,87,1012,3
18,9,0,90,87,1012,3
18,9,0,90,87,1012,3
18,9,0,90,87,1012,3
18,9,0,90,87,1012,3
18,9,0,90,87,1012,3
18,9,0,90,87,1012,3
18,9,0,90,87,1012,3
18,9,0,90,87,1012,3
29,15,3,78,47,1013,2
29,15,3,78,47,1013,2
29,15,3,78,47,1013,2
29,15,3,78,47,1013,2
29,15,3,78,47,1013,2
29,15,3,78,47,1013,2
29,15,3,78,47,1013,2
29,15,3,78,47,1013,2
29,15,3,78,47,1013,2
29,15,3,78,47,1013,2
29,15,3,78,47,1013,2
27,18,2,85,67,1016,3
27,18,2,85,67,1016,3
27,18,2,85,67,1016,3
28,9,1,77,30,1014,3
28,9,1,77,30,1014,3
28,9,1,77,30,1014,3
28,9,1,77,30,1014,3
28,9,1,77,30,1014,3
28,9,1,77,30,1014,3
28,9,1,77,30,1014,3
28,9,1,77,30,1014,3
28,9,1,77,30,1014,3
28,22,0,71,15,1013,3
28,22,0,71,15,1013,3
28,22,0,71,15,1013,3
28,22,0,71,15,1013,3
28,22,0,71,15,1013,3
28,22,0,71,15,1013,3
28,22,0,71,15,1013,3
28,22,0,71,15,1013,3
28,22,0,71,15,1013,3
28,22,0,71,15,1013,3
28,22,0,71,15,1013,3
28,15,0,70,51,1015,3
28,15,0,70,51,1015,3
28,15,0,70,51,1015,3
28,15,0,70,51,1015,3
28,15,0,70,51,1015,3
28,15,0,70,51,1015,3
28,15,0,70,51,1015,3
28,15,0,70,51,1015,3
28,15,0,70,51,1015,3
28,15,0,70,51,1015,3
28,15,0,70,51,1015,3
27,16,0,81,36,1007,3
27,16,0,81,36,1007,3
27,16,0,81,36,1007,3
27,16,0,81,36,1007,3
27,16,0,81,36,1007,3
27,16,0,81,36,1007,3
27,16,0,81,36,1007,3
28,17,2,74,28,1007,3
28,17,2,74,28,1007,3
28,17,2,74,28,1007,3
28,17,2,74,28,1007,3
28,17,2,74,28,1007,3
28,17,2,74,28,1007,3
28,17,2,74,28,1007,3
28,17,2,74,28,1007,3
28,17,2,74,28,1007,3
28,17,2,74,28,1007,3
28,17,2,74,28,1007,3
22,12,0,77,19,1009,3
22,12,0,77,19,1009,3
22,12,0,77,19,1009,3
22,12,0,77,19,1009,3
22,12,0,77,19,1009,3
22,12,0,77,19,1009,3
22,12,0,77,19,1009,3
22,12,0,77,19,1009,3
22,12,0,77,19,1009,3
22,12,0,77,19,1009,3
22,12,0,77,19,1009,3
23,9,1,86,21,1012,3
23,9,1,86,21,1012,3
23,9,1,86,21,1012,3
23,9,1,86,21,1012,3
27,18,1,78,29,1006,3
27,18,1,78,29,1006,3
27,18,1,78,29,1006,3
27,18,1,78,29,1006,3
27,18,1,78,29,1006,3
27,18,1,78,29,1006,3
26,3,3,84,40,1010,2
26,3,3,84,40,1010,2
26,3,3,84,40,1010,2
26,3,3,84,40,1010,2
26,3,3,84,40,1010,2
26,3,3,84,40,1010,2
26,3,3,84,40,1010,2
26,3,3,84,40,1010,2
26,3,3,84,40,1010,2
26,3,3,84,40,1010,2
26,3,3,84,40,1010,2
27,6,8,79,63,1009,1
27,6,8,79,63,1009,1
27,6,8,79,63,1009,1
29,6,0,71,19,1010,3
29,6,0,71,19,1010,3
29,6,0,71,19,1010,3
29,6,0,71,19,1010,3
29,6,0,71,19,1010,3
29,6,0,71,19,1010,3
29,6,0,71,19,1010,3
29,6,0,71,19,1010,3
29,6,0,71,19,1010,3
29,6,0,71,19,1010,3
24,11,0,46,9,1018,3
24,11,0,46,9,1018,3
24,11,0,46,9,1018,3
24,11,0,46,9,1018,3
24,11,0,46,9,1018,3
24,11,0,46,9,1018,3
24,11,0,46,9,1018,3
24,11,0,46,9,1018,3
24,11,0,46,9,1018,3
24,11,0,46,9,1018,3
24,11,0,46,9,1018,3
23,35,0,59,0,1016,3
23,35,0,59,0,1016,3
23,35,0,59,0,1016,3
23,35,0,59,0,1016,3
23,35,0,59,0,1016,3
23,35,0,59,0,1016,3
23,35,0,59,0,1016,3
23,35,0,59,0,1016,3
23,35,0,59,0,1016,3
23,35,0,59,0,1016,3
22,9,1,60,11,1018,3
22,9,1,60,11,1018,3
22,9,1,60,11,1018,3
22,9,1,60,11,1018,3
22,9,1,60,11,1018,3
22,9,1,60,11,1018,3
22,9,1,60,11,1018,3
22,9,1,60,11,1018,3
22,9,1,60,11,1018,3
22,9,1,60,11,1018,3
22,9,1,60,11,1018,3
22,26,0,33,0,1023,3
22,26,0,33,0,1023,3
22,26,0,33,0,1023,3
22,26,0,33,0,1023,3
22,26,0,33,0,1023,3
22,26,0,33,0,1023,3
22,26,0,33,0,1023,3
22,26,0,33,0,1023,3
22,26,0,33,0,1023,3
22,26,0,33,0,1023,3
22,26,0,33,0,1023,3
20,21,0,68,2,1022,3
20,21,0,68,2,1022,3
20,21,0,68,2,1022,3
20,21,0,68,2,1022,3
20,21,0,68,2,1022,3
20,21,0,68,2,1022,3
20,21,0,68,2,1022,3
20,21,0,68,2,1022,3
20,21,0,68,2,1022,3
20,21,0,68,2,1022,3
23,10,0,64,24,1013,3
23,10,0,64,24,1013,3
23,10,0,64,24,1013,3
23,10,0,64,24,1013,3
23,10,0,64,24,1013,3
23,10,0,64,24,1013,3
23,10,0,64,24,1013,3
23,10,0,64,24,1013,3
23,10,0,64,24,1013,3
23,10,0,64,24,1013,3
23,10,0,64,24,1013,3
29,6,0,39,0,1013,3
29,6,0,39,0,1013,3
29,6,0,39,0,1013,3
29,6,0,39,0,1013,3
29,6,0,39,0,1013,3
29,6,0,39,0,1013,3
29,6,0,39,0,1013,3
29,6,0,39,0,1013,3
24,6,0,44,4,1012,3
24,6,0,44,4,1012,3
24,6,0,44,4,1012,3
24,6,0,44,4,1012,3
24,6,0,44,4,1012,3
24,6,0,44,4,1012,3
28,18,0,60,8,1012,3
28,18,0,60,8,1012,3
28,18,0,60,8,1012,3
28,18,0,60,8,1012,3
28,18,0,60,8,1012,3
28,18,0,60,8,1012,3
28,18,0,60,8,1012,3
28,18,0,60,8,1012,3
24,27,0,79,2,1014,3
24,27,0,79,2,1014,3
24,27,0,79,2,1014,3
24,27,0,79,2,1014,3
24,27,0,79,2,1014,3
24,27,0,79,2,1014,3
24,27,0,79,2,1014,3
24,27,0,79,2,1014,3
24,27,0,79,2,1014,3
24,27,0,79,2,1014,3
31,15,0,28,9,1012,3
31,15,0,28,9,1012,3
31,15,0,28,9,1012,3
31,15,0,28,9,1012,3
31,15,0,28,9,1012,3
31,15,0,28,9,1012,3
31,15,0,28,9,1012,3
31,15,0,28,9,1012,3
26,6,0,37,6,1011,3
26,6,0,37,6,1011,3
26,6,0,37,6,1011,3
26,6,0,37,6,1011,3
26,6,0,37,6,1011,3
26,6,0,37,6,1011,3
26,6,0,37,6,1011,3
26,6,0,37,6,1011,3
26,6,0,37,6,1011,3
28,5,0,32,2,1012,3
28,5,0,32,2,1012,3
28,5,0,32,2,1012,3
28,5,0,32,2,1012,3
28,5,0,32,2,1012,3
28,5,0,32,2,1012,3
28,5,0,32,2,1012,3
13,23,0,75,54,1002,3
13,23,0,75,54,1002,3
13,23,0,75,54,1002,3
13,23,0,75,54,1002,3
13,23,0,75,54,1002,3
13,23,0,75,54,1002,3
13,23,0,75,54,1002,3
13,23,0,75,54,1002,3
13,23,0,75,54,1002,3
13,23,0,75,54,1002,3
16,11,0,70,16,1002,3
16,11,0,70,16,1002,3
16,11,0,70,16,1002,3
16,11,0,70,16,1002,3
16,11,0,70,16,1002,3
16,11,0,70,16,1002,3
16,11,0,70,16,1002,3
16,11,0,70,16,1002,3
16,11,0,70,16,1002,3
16,11,0,70,16,1002,3
16,11,0,70,16,1002,3
14,11,1,74,78,1015,3
14,11,1,74,78,1015,3
14,11,1,74,78,1015,3
14,11,1,74,78,1015,3
14,11,1,74,78,1015,3
14,11,1,74,78,1015,3
14,11,1,74,78,1015,3
14,11,1,74,78,1015,3
14,11,1,74,78,1015,3
14,11,1,74,78,1015,3
11,14,1,97,100,1015,3
11,14,1,97,100,1015,3
11,14,1,97,100,1015,3
11,14,1,97,100,1015,3
11,14,1,97,100,1015,3
11,14,1,97,100,1015,3
11,14,1,97,100,1015,3
11,14,1,97,100,1015,3
11,14,1,97,100,1015,3
11,14,1,97,100,1015,3
11,14,1,97,100,1015,3
17,7,0,63,74,1025,3
17,7,0,63,74,1025,3
17,7,0,63,74,1025,3
17,7,0,63,74,1025,3
17,7,0,63,74,1025,3
17,7,0,63,74,1025,3
17,7,0,63,74,1025,3
17,7,0,63,74,1025,3
17,7,0,63,74,1025,3
17,7,0,63,74,1025,3
17,7,0,63,74,1025,3
15,4,1,87,39,1009,3
15,4,1,87,39,1009,3
15,4,1,87,39,1009,3
15,4,1,87,39,1009,3
15,4,1,87,39,1009,3
15,4,1,87,39,1009,3
28,19,3,79,22,1008,2
28,19,3,79,22,1008,2
28,19,3,79,22,1008,2
28,19,3,79,22,1008,2
28,19,3,79,22,1008,2
28,19,3,79,22,1008,2
28,19,3,79,22,1008,2
28,19,3,79,22,1008,2
28,19,3,79,22,1008,2
28,19,3,79,22,1008,2
28,19,3,79,22,1008,2
26,18,0,67,11,1007,3
26,18,0,67,11,1007,3
26,18,0,67,11,1007,3
26,18,0,67,11,1007,3
26,18,0,67,11,1007,3
26,18,0,67,11,1007,3
26,18,0,67,11,1007,3
26,18,0,67,11,1007,3
26,18,0,67,11,1007,3
26,18,0,67,11,1007,3
26,18,0,67,11,1007,3
27,28,0,80,39,1009,3
27,28,0,80,39,1009,3
27,28,0,80,39,1009,3
27,28,0,80,39,1009,3
27,28,0,80,39,1009,3
27,28,0,80,39,1009,3
27,28,0,80,39,1009,3
27,28,0,80,39,1009,3
27,28,0,80,39,1009,3
27,28,0,80,39,1009,3
27,28,0,80,39,1009,3
28,25,2,73,68,1009,3
28,25,2,73,68,1009,3
28,25,2,73,68,1009,3
28,25,2,73,68,1009,3
28,25,2,73,68,1009,3
28,25,2,73,68,1009,3
28,25,2,73,68,1009,3
28,25,2,73,68,1009,3
28,25,2,73,68,1009,3
26,25,0,82,10,1011,3
26,25,0,82,10,1011,3
26,25,0,82,10,1011,3
26,25,0,82,10,1011,3
26,25,0,82,10,1011,3
26,25,0,82,10,1011,3
26,25,0,82,10,1011,3
26,25,0,82,10,1011,3
26,25,0,82,10,1011,3
26,25,0,82,10,1011,3
29,2,5,74,24,1009,2
29,2,5,74,24,1009,2
29,2,5,74,24,1009,2
29,2,5,74,24,1009,2
29,2,5,74,24,1009,2
26,6,0,74,2,1013,3
26,6,0,74,2,1013,3
26,6,0,74,2,1013,3
26,6,0,74,2,1013,3
26,6,0,74,2,1013,3
26,6,0,74,2,1013,3
26,6,0,74,2,1013,3
26,6,0,74,2,1013,3
26,6,0,74,2,1013,3
26,6,0,74,2,1013,3
26,6,0,74,2,1013,3
32,6,0,39,5,1011,3
32,6,0,39,5,1011,3
32,6,0,39,5,1011,3
32,6,0,39,5,1011,3
32,6,0,39,5,1011,3
32,6,0,39,5,1011,3
32,6,0,39,5,1011,3
32,6,0,39,5,1011,3
32,6,0,39,5,1011,3
32,6,0,39,5,1011,3
25,13,0,49,27,1011,3
25,13,0,49,27,1011,3
25,13,0,49,27,1011,3
25,13,0,49,27,1011,3
25,13,0,49,27,1011,3
25,13,0,49,27,1011,3
25,13,0,49,27,1011,3
25,13,0,49,27,1011,3
25,13,0,49,27,1011,3
25,13,0,49,27,1011,3
25,13,0,49,27,1011,3
26,9,0,46,2,1014,3
26,9,0,46,2,1014,3
26,9,0,46,2,1014,3
26,9,0,46,2,1014,3
26,9,0,46,2,1014,3
26,9,0,46,2,1014,3
26,9,0,46,2,1014,3
26,9,0,46,2,1014,3
26,9,0,46,2,1014,3
26,9,0,46,2,1014,3
26,9,0,46,2,1014,3
18,10,0,40,7,1012,3
18,10,0,40,7,1012,3
18,10,0,40,7,1012,3
18,10,0,40,7,1012,3
18,10,0,40,7,1012,3
18,10,0,40,7,1012,3
18,10,0,40,7,1012,3
18,10,0,40,7,1012,3
18,10,0,40,7,1012,3
26,22,0,84,30,1006,3
26,22,0,84,30,1006,3
26,22,0,84,30,1006,3
26,22,0,84,30,1006,3
26,22,0,84,30,1006,3
26,22,0,84,30,1006,3
26,22,0,84,30,1006,3
26,22,0,84,30,1006,3
27,26,0,76,35,1009,3
27,26,0,76,35,1009,3
27,26,0,76,35,1009,3
27,26,0,76,35,1009,3
26,18,3,86,27,1011,2
26,18,3,86,27,1011,2
26,18,3,86,27,1011,2
26,18,3,86,27,1011,2
26,18,3,86,27,1011,2
26,18,3,86,27,1011,2
26,18,3,86,27,1011,2
26,18,3,86,27,1011,2
26,18,3,86,27,1011,2
26,18,3,86,27,1011,2
27,15,0,86,30,1009,3
27,15,0,86,30,1009,3
27,15,0,86,30,1009,3
27,15,0,86,30,1009,3
27,15,0,86,30,1009,3
27,15,0,86,30,1009,3
24,1,0,89,53,1010,3
24,1,0,89,53,1010,3
24,1,0,89,53,1010,3
24,1,0,89,53,1010,3
24,1,0,89,53,1010,3
24,1,0,89,53,1010,3
24,1,0,89,53,1010,3
24,1,0,89,53,1010,3
24,1,0,89,53,1010,3
24,1,0,89,53,1010,3
24,1,0,89,53,1010,3
28,7,0,66,45,1012,3
28,7,0,66,45,1012,3
28,7,0,66,45,1012,3
28,7,0,66,45,1012,3
28,7,0,66,45,1012,3
28,7,0,66,45,1012,3
28,7,0,66,45,1012,3
28,7,0,66,45,1012,3
27,7,0,79,36,1009,3
27,7,0,79,36,1009,3
27,7,0,79,36,1009,3
27,7,0,79,36,1009,3
27,7,0,79,36,1009,3
27,7,0,79,36,1009,3
27,7,0,79,36,1009,3
27,7,0,79,36,1009,3
25,6,0,37,34,1010,3
25,6,0,37,34,1010,3
25,6,0,37,34,1010,3
25,6,0,37,34,1010,3
25,6,0,37,34,1010,3
25,6,0,37,34,1010,3
25,6,0,37,34,1010,3
25,6,0,37,34,1010,3
25,6,0,37,34,1010,3
25,6,0,37,34,1010,3
25,6,0,37,34,1010,3
23,6,1,74,55,1009,3
23,6,1,74,55,1009,3
23,6,1,74,55,1009,3
23,6,1,74,55,1009,3
23,6,1,74,55,1009,3
23,6,1,74,55,1009,3
21,10,0,40,9,1014,3
21,10,0,40,9,1014,3
21,10,0,40,9,1014,3
21,10,0,40,9,1014,3
21,10,0,40,9,1014,3
21,10,0,40,9,1014,3
21,10,0,40,9,1014,3
21,10,0,40,9,1014,3
21,10,0,40,9,1014,3
21,10,0,40,9,1014,3
21,10,0,40,9,1014,3
17,18,0,74,88,1018,3
17,18,0,74,88,1018,3
17,18,0,74,88,1018,3
17,18,0,74,88,1018,3
17,18,0,74,88,1018,3
17,18,0,74,88,1018,3
17,18,0,74,88,1018,3
17,18,0,74,88,1018,3
17,18,0,74,88,1018,3
17,18,0,74,88,1018,3
17,18,0,74,88,1018,3
18,27,0,82,2,1018,3
18,27,0,82,2,1018,3
18,27,0,82,2,1018,3
18,27,0,82,2,1018,3
18,27,0,82,2,1018,3
18,27,0,82,2,1018,3
18,27,0,82,2,1018,3
18,27,0,82,2,1018,3
18,27,0,82,2,1018,3
18,27,0,82,2,1018,3
18,27,0,82,2,1018,3
20,25,0,85,4,1013,3
20,25,0,85,4,1013,3
20,25,0,85,4,1013,3
20,25,0,85,4,1013,3
20,25,0,85,4,1013,3
20,25,0,85,4,1013,3
20,25,0,85,4,1013,3
20,25,0,85,4,1013,3
13,19,0,60,82,1028,3
13,19,0,60,82,1028,3
13,19,0,60,82,1028,3
13,19,0,60,82,1028,3
13,19,0,60,82,1028,3
13,19,0,60,82,1028,3
13,19,0,60,82,1028,3
13,19,0,60,82,1028,3
13,19,0,60,82,1028,3
13,19,0,60,82,1028,3
13,19,0,60,82,1028,3
15,16,0,82,44,1024,3
15,16,0,82,44,1024,3
15,16,0,82,44,1024,3
15,16,0,82,44,1024,3
15,16,0,82,44,1024,3
15,16,0,82,44,1024,3
15,16,0,82,44,1024,3
15,16,0,82,44,1024,3
23,14,0,57,68,1008,3
23,14,0,57,68,1008,3
23,14,0,57,68,1008,3
19,19,0,55,12,1014,3
19,19,0,55,12,1014,3
19,19,0,55,12,1014,3
23,7,0,88,7,1010,3
23,7,0,88,7,1010,3
23,7,0,88,7,1010,3
23,7,0,88,7,1010,3
23,7,0,88,7,1010,3
23,7,0,88,7,1010,3
23,7,0,88,7,1010,3
23,7,0,88,7,1010,3
23,7,0,88,7,1010,3
23,7,0,88,7,1010,3
23,7,0,88,7,1010,3
19,14,0,67,23,1019,3
19,14,0,67,23,1019,3
19,14,0,67,23,1019,3
19,14,0,67,23,1019,3
19,14,0,67,23,1019,3
19,14,0,67,23,1019,3
19,14,0,67,23,1019,3
19,14,0,67,23,1019,3
19,14,0,67,23,1019,3
19,14,0,67,23,1019,3
19,14,0,67,23,1019,3
25,20,0,61,25,1016,3
25,20,0,61,25,1016,3
25,20,0,61,25,1016,3
25,20,0,61,25,1016,3
25,20,0,61,25,1016,3
25,20,0,61,25,1016,3
25,20,0,61,25,1016,3
25,20,0,61,25,1016,3
25,20,0,61,25,1016,3
25,20,0,61,25,1016,3
25,20,0,61,25,1016,3
30,6,0,68,27,1010,3
30,6,0,68,27,1010,3
30,6,0,68,27,1010,3
30,6,0,68,27,1010,3
30,6,0,68,27,1010,3
30,6,0,68,27,1010,3
30,6,0,68,27,1010,3
30,6,0,68,27,1010,3
30,6,0,68,27,1010,3
30,6,0,68,27,1010,3
24,15,0,81,34,1006,3
24,15,0,81,34,1006,3
24,15,0,81,34,1006,3
24,15,0,81,34,1006,3
24,15,0,81,34,1006,3
24,15,0,81,34,1006,3
24,15,0,81,34,1006,3
24,15,0,81,34,1006,3
24,15,0,81,34,1006,3
24,15,0,81,34,1006,3
26,20,1,87,87,1010,3
26,20,1,87,87,1010,3
26,20,1,87,87,1010,3
26,20,1,87,87,1010,3
26,20,1,87,87,1010,3
26,20,1,87,87,1010,3
26,20,1,87,87,1010,3
26,20,1,87,87,1010,3
26,20,1,87,87,1010,3
26,20,1,87,87,1010,3
26,20,1,87,87,1010,3
27,14,8,88,20,1008,1
27,14,8,88,20,1008,1
27,14,8,88,20,1008,1
27,14,8,88,20,1008,1
27,14,8,88,20,1008,1
27,14,8,88,20,1008,1
27,14,8,88,20,1008,1
27,14,8,88,20,1008,1
27,14,8,88,20,1008,1
27,14,8,88,20,1008,1
27,14,8,88,20,1008,1
28,25,0,75,8,1012,3
28,25,0,75,8,1012,3
28,25,0,75,8,1012,3
28,25,0,75,8,1012,3
28,25,0,75,8,1012,3
28,25,0,75,8,1012,3
27,10,0,86,34,1012,3
27,10,0,86,34,1012,3
27,10,0,86,34,1012,3
27,10,0,86,34,1012,3
27,10,0,86,34,1012,3
27,10,0,86,34,1012,3
27,10,0,86,34,1012,3
27,10,0,86,34,1012,3
27,10,0,86,34,1012,3
27,10,0,86,34,1012,3
27,10,0,86,34,1012,3
27,2,4,87,26,1011,2
27,2,4,87,26,1011,2
27,2,4,87,26,1011,2
27,2,4,87,26,1011,2
24,3,11,94,70,1010,2
24,3,11,94,70,1010,2
24,3,11,94,70,1010,2
24,3,11,94,70,1010,2
24,3,11,94,70,1010,2
24,3,11,94,70,1010,2
24,3,11,94,70,1010,2
22,14,0,48,10,1023,3
22,14,0,48,10,1023,3
22,14,0,48,10,1023,3
22,14,0,48,10,1023,3
22,14,0,48,10,1023,3
22,14,0,48,10,1023,3
22,14,0,48,10,1023,3
22,14,0,48,10,1023,3
22,14,0,48,10,1023,3
22,14,0,48,10,1023,3
22,14,0,48,10,1023,3
21,29,0,62,3,1014,3
21,29,0,62,3,1014,3
21,29,0,62,3,1014,3
21,29,0,62,3,1014,3
21,29,0,62,3,1014,3
21,29,0,62,3,1014,3
21,29,0,62,3,1014,3
21,29,0,62,3,1014,3
21,29,0,62,3,1014,3
21,29,0,62,3,1014,3
21,29,0,62,3,1014,3
22,10,0,51,6,1020,3
22,10,0,51,6,1020,3
22,10,0,51,6,1020,3
22,10,0,51,6,1020,3
18,16,0,65,40,1010,3
18,16,0,65,40,1010,3
18,16,0,65,40,1010,3
18,16,0,65,40,1010,3
18,16,0,65,40,1010,3
18,16,0,65,40,1010,3
18,16,0,65,40,1010,3
18,16,0,65,40,1010,3
18,16,0,65,40,1010,3
18,16,0,65,40,1010,3
18,16,0,65,40,1010,3
15,15,0,78,52,1016,3
15,15,0,78,52,1016,3
15,15,0,78,52,1016,3
15,15,0,78,52,1016,3
15,15,0,78,52,1016,3
15,15,0,78,52,1016,3
15,15,0,78,52,1016,3
15,15,0,78,52,1016,3
15,15,0,78,52,1016,3
14,12,0,79,92,1022,3
14,12,0,79,92,1022,3
14,12,0,79,92,1022,3
14,12,0,79,92,1022,3
14,12,0,79,92,1022,3
14,12,0,79,92,1022,3
14,12,0,79,92,1022,3
14,12,0,79,92,1022,3
14,12,0,79,92,1022,3
14,12,0,79,92,1022,3
20,16,0,71,34,1016,3
20,16,0,71,34,1016,3
20,16,0,71,34,1016,3
20,16,0,71,34,1016,3
20,16,0,71,34,1016,3
20,16,0,71,34,1016,3
20,16,0,71,34,1016,3
20,16,0,71,34,1016,3
20,16,0,71,34,1016,3
20,16,0,71,34,1016,3
17,22,2,75,33,1015,3
17,22,2,75,33,1015,3
17,22,2,75,33,1015,3
17,22,2,75,33,1015,3
17,22,2,75,33,1015,3
17,22,2,75,33,1015,3
17,22,2,75,33,1015,3
17,22,2,75,33,1015,3
17,22,2,75,33,1015,3
17,23,0,77,99,1019,3
17,23,0,77,99,1019,3
17,23,0,77,99,1019,3
17,23,0,77,99,1019,3
17,23,0,77,99,1019,3
17,23,0,77,99,1019,3
17,23,0,77,99,1019,3
17,23,0,77,99,1019,3
17,23,0,77,99,1019,3
17,23,0,77,99,1019,3
17,23,0,77,99,1019,3
16,33,0,81,100,1009,3
16,33,0,81,100,1009,3
16,33,0,81,100,1009,3
16,33,0,81,100,1009,3
16,33,0,81,100,1009,3
16,33,0,81,100,1009,3
16,33,0,81,100,1009,3
15,34,0,73,4,1015,3
15,34,0,73,4,1015,3
15,34,0,73,4,1015,3
15,34,0,73,4,1015,3
15,34,0,73,4,1015,3
15,34,0,73,4,1015,3
15,34,0,73,4,1015,3
15,34,0,73,4,1015,3
15,34,0,73,4,1015,3
15,34,0,73,4,1015,3
15,34,0,73,4,1015,3
27,12,2,84,78,1007,3
27,12,2,84,78,1007,3
27,12,2,84,78,1007,3
27,12,2,84,78,1007,3
27,12,2,84,78,1007,3
27,12,2,84,78,1007,3
27,12,2,84,78,1007,3
27,12,2,84,78,1007,3
27,12,2,84,78,1007,3
27,12,2,84,78,1007,3
27,17,9,87,67,1007,1
27,17,9,87,67,1007,1
27,17,9,87,67,1007,1
27,17,9,87,67,1007,1
27,17,9,87,67,1007,1
27,17,9,87,67,1007,1
27,17,9,87,67,1007,1
27,17,9,87,67,1007,1
27,17,9,87,67,1007,1
27,17,9,87,67,1007,1
27,17,9,87,67,1007,1
27,3,7,90,84,1010,2
27,3,7,90,84,1010,2
27,3,7,90,84,1010,2
27,3,7,90,84,1010,2
27,3,7,90,84,1010,2
27,3,7,90,84,1010,2
27,3,7,90,84,1010,2
27,3,7,90,84,1010,2
27,3,7,90,84,1010,2
27,3,7,90,84,1010,2
27,3,7,90,84,1010,2
23,5,0,94,51,1011,3
23,5,0,94,51,1011,3
23,5,0,94,51,1011,3
23,5,0,94,51,1011,3
23,5,0,94,51,1011,3
23,5,0,94,51,1011,3
23,5,0,94,51,1011,3
23,5,0,94,51,1011,3
23,5,0,94,51,1011,3
23,5,0,94,51,1011,3
23,5,0,94,51,1011,3
26,16,2,72,17,1010,3
26,16,2,72,17,1010,3
26,16,2,72,17,1010,3
26,16,2,72,17,1010,3
26,16,2,72,17,1010,3
26,16,2,72,17,1010,3
26,16,2,72,17,1010,3
26,16,2,72,17,1010,3
26,16,2,72,17,1010,3
26,16,2,72,17,1010,3
26,16,2,72,17,1010,3
27,8,0,34,21,1012,3
27,8,0,34,21,1012,3
27,8,0,34,21,1012,3
27,8,0,34,21,1012,3
23,7,0,48,22,1012,3
23,7,0,48,22,1012,3
23,7,0,48,22,1012,3
23,7,0,48,22,1012,3
23,7,0,48,22,1012,3
23,7,0,48,22,1012,3
23,7,0,48,22,1012,3
23,7,0,48,22,1012,3
23,7,0,48,22,1012,3
23,7,0,48,22,1012,3
23,7,0,48,22,1012,3
30,24,0,27,4,1015,3
30,24,0,27,4,1015,3
30,24,0,27,4,1015,3
30,24,0,27,4,1015,3
30,24,0,27,4,1015,3
30,24,0,27,4,1015,3
30,24,0,27,4,1015,3
30,24,0,27,4,1015,3
23,22,0,55,21,1014,3
23,22,0,55,21,1014,3
23,22,0,55,21,1014,3
23,22,0,55,21,1014,3
23,22,0,55,21,1014,3
23,22,0,55,21,1014,3
23,60,0,60,55,1008,3
23,60,0,60,55,1008,3
23,60,0,60,55,1008,3
23,60,0,60,55,1008,3
23,60,0,60,55,1008,3
23,60,0,60,55,1008,3
23,60,0,60,55,1008,3
23,60,0,60,55,1008,3
23,60,0,60,55,1008,3
23,60,0,60,55,1008,3
23,60,0,60,55,1008,3
23,15,0,80,2,1011,3
23,15,0,80,2,1011,3
23,15,0,80,2,1011,3
23,15,0,80,2,1011,3
23,15,0,80,2,1011,3
23,15,0,80,2,1011,3
23,15,0,80,2,1011,3
23,15,0,80,2,1011,3
23,15,0,80,2,1011,3
23,15,0,80,2,1011,3
23,15,0,80,2,1011,3
25,13,0,55,13,1010,3
25,13,0,55,13,1010,3
25,13,0,55,13,1010,3
25,13,0,55,13,1010,3
25,13,0,55,13,1010,3
25,13,0,55,13,1010,3
25,13,0,55,13,1010,3
25,13,0,55,13,1010,3
25,13,0,55,13,1010,3
25,13,0,55,13,1010,3
25,13,0,55,13,1010,3
18,22,0,83,4,1014,3
18,22,0,83,4,1014,3
18,22,0,83,4,1014,3
18,22,0,83,4,1014,3
18,22,0,83,4,1014,3
18,22,0,83,4,1014,3
18,22,0,83,4,1014,3
18,22,0,83,4,1014,3
18,22,0,83,4,1014,3
18,22,0,83,4,1014,3
18,22,0,83,4,1014,3
21,2,0,67,46,1015,3
21,2,0,67,46,1015,3
21,2,0,67,46,1015,3
21,2,0,67,46,1015,3
21,2,0,67,46,1015,3
21,2,0,67,46,1015,3
21,2,0,67,46,1015,3
21,2,0,67,46,1015,3
21,2,0,67,46,1015,3
21,2,0,67,46,1015,3
27,3,0,63,56,1010,3
27,3,0,63,56,1010,3
27,3,0,63,56,1010,3
27,3,0,63,56,1010,3
27,3,0,63,56,1010,3
27,3,0,63,56,1010,3
27,3,0,63,56,1010,3
27,3,0,63,56,1010,3
27,3,0,63,56,1010,3
27,3,0,63,56,1010,3
27,3,0,63,56,1010,3
34,4,0,36,20,1009,3
34,4,0,36,20,1009,3
34,4,0,36,20,1009,3
34,4,0,36,20,1009,3
34,4,0,36,20,1009,3
34,4,0,36,20,1009,3
34,4,0,36,20,1009,3
34,4,0,36,20,1009,3
34,4,0,36,20,1009,3
34,4,0,36,20,1009,3
34,4,0,36,20,1009,3
33,9,1,57,21,1012,3
33,9,1,57,21,1012,3
33,9,1,57,21,1012,3
33,9,1,57,21,1012,3
33,9,1,57,21,1012,3
33,9,1,57,21,1012,3
33,9,1,57,21,1012,3
33,9,1,57,21,1012,3
33,9,1,57,21,1012,3
33,9,1,57,21,1012,3
33,9,1,57,21,1012,3
19,17,0,59,19,1015,3
19,17,0,59,19,1015,3
19,17,0,59,19,1015,3
19,17,0,59,19,1015,3
19,17,0,59,19,1015,3
19,17,0,59,19,1015,3
19,17,0,59,19,1015,3
19,17,0,59,19,1015,3
19,17,0,59,19,1015,3
19,17,0,59,19,1015,3
19,17,0,59,19,1015,3
16,29,0,82,96,1009,3
16,29,0,82,96,1009,3
16,29,0,82,96,1009,3
16,29,0,82,96,1009,3
16,29,0,82,96,1009,3
16,29,0,82,96,1009,3
16,28,0,75,63,1019,3
16,28,0,75,63,1019,3
16,28,0,75,63,1019,3
16,28,0,75,63,1019,3
16,28,0,75,63,1019,3
16,28,0,75,63,1019,3
16,28,0,75,63,1019,3
16,28,0,75,63,1019,3
16,28,0,75,63,1019,3
16,28,0,75,63,1019,3
16,28,0,75,63,1019,3
29,23,2,74,27,1009,3
29,23,2,74,27,1009,3
29,23,2,74,27,1009,3
29,23,2,74,27,1009,3
29,23,2,74,27,1009,3
29,23,2,74,27,1009,3
29,23,2,74,27,1009,3
28,21,0,80,67,1008,3
28,21,0,80,67,1008,3
28,21,0,80,67,1008,3
28,21,0,80,67,1008,3
28,21,0,80,67,1008,3
28,33,0,74,12,1010,3
28,33,0,74,12,1010,3
28,33,0,74,12,1010,3
28,33,0,74,12,1010,3
30,31,0,67,24,1008,3
30,31,0,67,24,1008,3
30,31,0,67,24,1008,3
30,31,0,67,24,1008,3
30,31,0,67,24,1008,3
30,31,0,67,24,1008,3
30,31,0,67,24,1008,3
31,36,0,64,14,1009,3
31,36,0,64,14,1009,3
31,36,0,64,14,1009,3
31,36,0,64,14,1009,3
31,36,0,64,14,1009,3
31,36,0,64,14,1009,3
31,36,0,64,14,1009,3
31,36,0,64,14,1009,3
31,36,0,64,14,1009,3
31,36,0,64,14,1009,3
26,9,1,85,69,1009,3
26,9,1,85,69,1009,3
26,9,1,85,69,1009,3
26,9,1,85,69,1009,3
26,9,1,85,69,1009,3
26,9,1,85,69,1009,3
26,9,1,85,69,1009,3
26,9,1,85,69,1009,3
26,9,1,85,69,1009,3
26,9,1,85,69,1009,3
26,9,1,85,69,1009,3
25,4,6,82,51,1006,2
25,4,6,82,51,1006,2
25,4,6,82,51,1006,2
25,4,6,82,51,1006,2
25,4,6,82,51,1006,2
25,4,6,82,51,1006,2
25,4,6,82,51,1006,2
25,4,6,82,51,1006,2
25,4,6,82,51,1006,2
25,4,6,82,51,1006,2
26,12,1,71,18,1005,3
26,12,1,71,18,1005,3
26,12,1,71,18,1005,3
26,12,1,71,18,1005,3
26,12,1,71,18,1005,3
26,12,1,71,18,1005,3
26,12,1,71,18,1005,3
26,12,1,71,18,1005,3
26,12,1,71,18,1005,3
26,12,1,71,18,1005,3
26,12,1,71,18,1005,3
27,12,0,89,65,1009,3
27,12,0,89,65,1009,3
27,12,0,89,65,1009,3
27,12,0,89,65,1009,3
27,12,0,89,65,1009,3
27,12,0,89,65,1009,3
27,12,0,89,65,1009,3
27,12,0,89,65,1009,3
27,12,0,89,65,1009,3
27,12,0,89,65,1009,3
27,12,0,89,65,1009,3
27,6,4,89,70,1009,2
27,6,4,89,70,1009,2
27,6,4,89,70,1009,2
27,6,4,89,70,1009,2
27,6,4,89,70,1009,2
27,6,4,89,70,1009,2
27,6,4,89,70,1009,2
27,6,4,89,70,1009,2
27,6,4,89,70,1009,2
27,6,4,89,70,1009,2
27,6,4,89,70,1009,2
31,10,0,62,0,1006,3
31,10,0,62,0,1006,3
31,10,0,62,0,1006,3
31,10,0,62,0,1006,3
31,10,0,62,0,1006,3
31,10,0,62,0,1006,3
31,10,0,62,0,1006,3
31,10,0,62,0,1006,3
31,10,0,62,0,1006,3
31,10,0,62,0,1006,3
30,9,0,60,0,1008,3
30,9,0,60,0,1008,3
30,9,0,60,0,1008,3
30,9,0,60,0,1008,3
30,9,0,60,0,1008,3
30,9,0,60,0,1008,3
30,9,0,60,0,1008,3
30,9,0,60,0,1008,3
30,9,0,60,0,1008,3
30,9,0,60,0,1008,3
30,9,0,60,0,1008,3
34,18,0,51,0,1008,3
34,18,0,51,0,1008,3
34,18,0,51,0,1008,3
34,18,0,51,0,1008,3
34,18,0,51,0,1008,3
34,18,0,51,0,1008,3
34,18,0,51,0,1008,3
34,18,0,51,0,1008,3
34,18,0,51,0,1008,3
34,18,0,51,0,1008,3
34,18,0,51,0,1008,3
34,15,0,39,0,1009,3
34,15,0,39,0,1009,3
34,15,0,39,0,1009,3
34,15,0,39,0,1009,3
34,15,0,39,0,1009,3
34,15,0,39,0,1009,3
34,15,0,39,0,1009,3
34,15,0,39,0,1009,3
34,15,0,39,0,1009,3
34,15,0,39,0,1009,3
34,15,0,39,0,1009,3
33,18,0,51,0,1010,3
33,18,0,51,0,1010,3
33,18,0,51,0,1010,3
33,18,0,51,0,1010,3
33,18,0,51,0,1010,3
33,18,0,51,0,1010,3
33,18,0,51,0,1010,3
33,18,0,51,0,1010,3
33,18,0,51,0,1010,3
33,18,0,51,0,1010,3
33,18,0,51,0,1010,3
19,4,0,17,94,1018,3
19,4,0,17,94,1018,3
19,4,0,17,94,1018,3
19,4,0,17,94,1018,3
19,4,0,17,94,1018,3
16,9,0,67,7,1020,3
16,9,0,67,7,1020,3
16,9,0,67,7,1020,3
16,9,0,67,7,1020,3
16,9,0,67,7,1020,3
16,9,0,67,7,1020,3
16,9,0,67,7,1020,3
16,9,0,67,7,1020,3
16,9,0,67,7,1020,3
16,9,0,67,7,1020,3
25,15,0,59,0,1016,3
25,15,0,59,0,1016,3
25,15,0,59,0,1016,3
25,15,0,59,0,1016,3
25,15,0,59,0,1016,3
25,15,0,59,0,1016,3
25,15,0,59,0,1016,3
25,15,0,59,0,1016,3
25,15,0,59,0,1016,3
25,15,0,59,0,1016,3
25,15,0,59,0,1016,3
29,11,0,36,0,1012,3
29,11,0,36,0,1012,3
29,11,0,36,0,1012,3
29,11,0,36,0,1012,3
29,11,0,36,0,1012,3
29,11,0,36,0,1012,3
29,11,0,36,0,1012,3
29,11,0,36,0,1012,3
29,11,0,36,0,1012,3
29,11,0,36,0,1012,3
29,11,0,36,0,1012,3
30,10,0,32,0,1012,3
30,10,0,32,0,1012,3
30,10,0,32,0,1012,3
30,10,0,32,0,1012,3
30,10,0,32,0,1012,3
30,10,0,32,0,1012,3
30,10,0,32,0,1012,3
30,10,0,32,0,1012,3
30,10,0,32,0,1012,3
30,10,0,32,0,1012,3
30,10,0,32,0,1012,3
29,13,0,27,0,1011,3
29,13,0,27,0,1011,3
29,13,0,27,0,1011,3
29,13,0,27,0,1011,3
29,13,0,27,0,1011,3
29,13,0,27,0,1011,3
29,13,0,27,0,1011,3
27,10,0,33,12,1009,3
27,10,0,33,12,1009,3
25,13,0,38,0,1014,3
25,13,0,38,0,1014,3
25,13,0,38,0,1014,3
25,13,0,38,0,1014,3
25,13,0,38,0,1014,3
25,13,0,38,0,1014,3
25,13,0,38,0,1014,3
25,13,0,38,0,1014,3
25,13,0,38,0,1014,3
25,13,0,38,0,1014,3
25,13,0,38,0,1014,3
28,1,3,76,78,1012,2
28,1,3,76,78,1012,2
28,1,3,76,78,1012,2
28,1,3,76,78,1012,2
28,1,3,76,78,1012,2
28,1,3,76,78,1012,2
28,1,3,76,78,1012,2
28,1,3,76,78,1012,2
28,1,3,76,78,1012,2
28,1,3,76,78,1012,2
28,1,3,76,78,1012,2
27,3,2,79,69,1010,3
27,3,2,79,69,1010,3
27,3,2,79,69,1010,3
27,3,2,79,69,1010,3
27,3,2,79,69,1010,3
27,3,2,79,69,1010,3
27,3,2,79,69,1010,3
27,3,2,79,69,1010,3
27,3,2,79,69,1010,3
27,3,2,79,69,1010,3
26,12,0,70,6,1009,3
26,12,0,70,6,1009,3
26,12,0,70,6,1009,3
26,12,0,70,6,1009,3
26,12,0,70,6,1009,3
26,12,0,70,6,1009,3
26,12,0,70,6,1009,3
26,12,0,70,6,1009,3
26,12,0,70,6,1009,3
26,12,0,70,6,1009,3
26,12,0,70,6,1009,3
22,9,0,85,28,1009,3
22,9,0,85,28,1009,3
22,9,0,85,28,1009,3
22,9,0,85,28,1009,3
22,9,0,85,28,1009,3
22,9,0,85,28,1009,3
22,9,0,85,28,1009,3
22,9,0,85,28,1009,3
22,9,0,85,28,1009,3
27,20,2,83,80,1008,3
27,20,2,83,80,1008,3
27,20,2,83,80,1008,3
27,20,2,83,80,1008,3
27,20,2,83,80,1008,3
27,20,2,83,80,1008,3
27,20,2,83,80,1008,3
27,20,2,83,80,1008,3
27,20,2,83,80,1008,3
33,12,0,55,0,1005,3
33,12,0,55,0,1005,3
33,12,0,55,0,1005,3
33,12,0,55,0,1005,3
33,12,0,55,0,1005,3
33,12,0,55,0,1005,3
33,12,0,55,0,1005,3
33,12,0,55,0,1005,3
33,12,0,55,0,1005,3
33,12,0,55,0,1005,3
33,12,0,55,0,1005,3
35,9,0,44,0,1003,3
35,9,0,44,0,1003,3
35,9,0,44,0,1003,3
35,9,0,44,0,1003,3
35,9,0,44,0,1003,3
35,9,0,44,0,1003,3
35,9,0,44,0,1003,3
35,9,0,44,0,1003,3
35,9,0,44,0,1003,3
35,9,0,44,0,1003,3
35,9,0,44,0,1003,3
23,12,1,92,100,1011,3
23,12,1,92,100,1011,3
23,12,1,92,100,1011,3
23,12,1,92,100,1011,3
23,12,1,92,100,1011,3
23,12,1,92,100,1011,3
23,12,1,92,100,1011,3
22,3,6,91,40,1013,2
22,3,6,91,40,1013,2
22,3,6,91,40,1013,2
22,3,6,91,40,1013,2
22,3,6,91,40,1013,2
22,3,6,91,40,1013,2
22,3,6,91,40,1013,2
22,3,6,91,40,1013,2
22,3,6,91,40,1013,2
22,3,6,91,40,1013,2
28,5,2,70,33,1012,3
28,5,2,70,33,1012,3
28,5,2,70,33,1012,3
28,5,2,70,33,1012,3
28,5,2,70,33,1012,3
28,5,2,70,33,1012,3
28,5,2,70,33,1012,3
28,5,2,70,33,1012,3
28,5,2,70,33,1012,3
29,8,1,79,23,1011,3
29,8,1,79,23,1011,3
29,8,1,79,23,1011,3
29,8,1,79,23,1011,3
29,8,1,79,23,1011,3
29,8,1,79,23,1011,3
29,8,1,79,23,1011,3
29,8,1,79,23,1011,3
22,15,0,68,7,1010,3
22,15,0,68,7,1010,3
22,15,0,68,7,1010,3
22,15,0,68,7,1010,3
22,15,0,68,7,1010,3
22,15,0,68,7,1010,3
22,15,0,68,7,1010,3
22,15,0,68,7,1010,3
22,15,0,68,7,1010,3
22,15,0,68,7,1010,3
22,15,0,68,7,1010,3
18,16,0,52,14,1010,3
18,16,0,52,14,1010,3
18,16,0,52,14,1010,3
18,16,0,52,14,1010,3
18,16,0,52,14,1010,3
18,16,0,52,14,1010,3
18,16,0,52,14,1010,3
18,16,0,52,14,1010,3
18,16,0,52,14,1010,3
18,16,0,52,14,1010,3
18,16,0,52,14,1010,3
26,12,0,40,2,1017,3
26,12,0,40,2,1017,3
26,12,0,40,2,1017,3
26,12,0,40,2,1017,3
26,12,0,40,2,1017,3
26,12,0,40,2,1017,3
26,12,0,40,2,1017,3
26,12,0,40,2,1017,3
26,12,0,40,2,1017,3
26,12,0,40,2,1017,3
26,12,0,40,2,1017,3
30,13,0,29,5,1012,3
30,13,0,29,5,1012,3
30,13,0,29,5,1012,3
30,13,0,29,5,1012,3
30,13,0,29,5,1012,3
30,13,0,29,5,1012,3
30,13,0,29,5,1012,3
30,13,0,29,5,1012,3
30,13,0,29,5,1012,3
30,13,0,29,5,1012,3
30,13,0,29,5,1012,3
27,6,0,41,17,1016,3
27,6,0,41,17,1016,3
27,6,0,41,17,1016,3
27,6,0,41,17,1016,3
27,6,0,41,17,1016,3
27,6,0,41,17,1016,3
27,6,0,41,17,1016,3
27,6,0,41,17,1016,3
27,6,0,41,17,1016,3
27,6,0,41,17,1016,3
27,6,0,41,17,1016,3
22,13,1,86,64,1019,3
22,13,1,86,64,1019,3
22,13,1,86,64,1019,3
22,13,1,86,64,1019,3
22,13,1,86,64,1019,3
22,13,1,86,64,1019,3
22,13,1,86,64,1019,3
24,17,0,61,11,1013,3
24,17,0,61,11,1013,3
24,17,0,61,11,1013,3
24,17,0,61,11,1013,3
24,17,0,61,11,1013,3
24,17,0,61,11,1013,3
24,17,0,61,11,1013,3
24,17,0,61,11,1013,3
24,17,0,61,11,1013,3
24,17,0,61,11,1013,3
24,17,0,61,11,1013,3
27,9,0,52,3,1012,3
27,9,0,52,3,1012,3
27,9,0,52,3,1012,3
27,9,0,52,3,1012,3
27,9,0,52,3,1012,3
27,9,0,52,3,1012,3
27,9,0,52,3,1012,3
27,9,0,52,3,1012,3
27,9,0,52,3,1012,3
27,9,0,52,3,1012,3
27,9,0,52,3,1012,3
15,5,1,65,34,1018,3
15,5,1,65,34,1018,3
15,5,1,65,34,1018,3
15,5,1,65,34,1018,3
15,5,1,65,34,1018,3
15,5,1,65,34,1018,3
15,5,1,65,34,1018,3
15,5,1,65,34,1018,3
15,5,1,65,34,1018,3
15,5,1,65,34,1018,3
19,17,0,73,36,1019,3
19,17,0,73,36,1019,3
19,17,0,73,36,1019,3
19,17,0,73,36,1019,3
19,17,0,73,36,1019,3
19,17,0,73,36,1019,3
19,17,0,73,36,1019,3
19,17,0,73,36,1019,3
19,17,0,73,36,1019,3
19,17,0,73,36,1019,3
19,17,0,73,36,1019,3
15,14,0,83,100,1003,3
15,14,0,83,100,1003,3
15,14,0,83,100,1003,3
15,14,0,83,100,1003,3
15,14,0,83,100,1003,3
15,14,0,83,100,1003,3
15,14,0,83,100,1003,3
15,14,0,83,100,1003,3
15,14,0,83,100,1003,3
15,14,0,83,100,1003,3
15,14,0,83,100,1003,3
18,23,0,61,90,1013,3
18,23,0,61,90,1013,3
18,23,0,61,90,1013,3
18,23,0,61,90,1013,3
18,23,0,61,90,1013,3
18,23,0,61,90,1013,3
18,23,0,61,90,1013,3
18,23,0,61,90,1013,3
18,23,0,61,90,1013,3
18,23,0,61,90,1013,3
18,23,0,61,90,1013,3
16,18,0,57,24,1018,3
16,18,0,57,24,1018,3
16,18,0,57,24,1018,3
16,18,0,57,24,1018,3
16,18,0,57,24,1018,3
16,18,0,57,24,1018,3
16,18,0,57,24,1018,3
16,18,0,57,24,1018,3
16,18,0,57,24,1018,3
16,18,0,57,24,1018,3
16,18,0,57,24,1018,3
19,14,0,67,2,1026,3
19,14,0,67,2,1026,3
19,14,0,67,2,1026,3
19,14,0,67,2,1026,3
19,14,0,67,2,1026,3
19,14,0,67,2,1026,3
19,14,0,67,2,1026,3
19,14,0,67,2,1026,3
19,14,0,67,2,1026,3
19,14,0,67,2,1026,3
19,14,0,67,2,1026,3
18,32,0,62,55,1015,3
18,32,0,62,55,1015,3
18,32,0,62,55,1015,3
18,32,0,62,55,1015,3
18,32,0,62,55,1015,3
18,32,0,62,55,1015,3
18,32,0,62,55,1015,3
18,32,0,62,55,1015,3
19,9,0,56,9,1013,3
19,9,0,56,9,1013,3
19,9,0,56,9,1013,3
19,9,0,56,9,1013,3
19,9,0,56,9,1013,3
19,9,0,56,9,1013,3
19,9,0,56,9,1013,3
19,9,0,56,9,1013,3
19,9,0,56,9,1013,3
28,17,0,78,56,1008,3
28,17,0,78,56,1008,3
28,17,0,78,56,1008,3
28,17,0,78,56,1008,3
28,17,0,78,56,1008,3
28,17,0,78,56,1008,3
28,17,0,78,56,1008,3
28,17,0,78,56,1008,3
28,17,0,78,56,1008,3
28,17,0,78,56,1008,3
27,13,0,86,23,1010,3
27,13,0,86,23,1010,3
27,13,0,86,23,1010,3
27,13,0,86,23,1010,3
27,13,0,86,23,1010,3
29,16,0,77,22,1009,3
29,16,0,77,22,1009,3
29,16,0,77,22,1009,3
29,16,0,77,22,1009,3
29,16,0,77,22,1009,3
29,16,0,77,22,1009,3
29,16,0,77,22,1009,3
29,16,0,77,22,1009,3
29,16,0,77,22,1009,3
29,16,0,77,22,1009,3
29,30,0,77,6,1009,3
29,30,0,77,6,1009,3
29,30,0,77,6,1009,3
29,30,0,77,6,1009,3
29,30,0,77,6,1009,3
29,30,0,77,6,1009,3
29,30,0,77,6,1009,3
29,30,0,77,6,1009,3
29,30,0,77,6,1009,3
29,30,0,77,6,1009,3
29,30,0,77,6,1009,3
30,31,0,67,9,1008,3
30,31,0,67,9,1008,3
30,31,0,67,9,1008,3
30,31,0,67,9,1008,3
30,31,0,67,9,1008,3
30,31,0,67,9,1008,3
30,31,0,67,9,1008,3
30,31,0,67,9,1008,3
30,31,0,67,9,1008,3
30,31,0,67,9,1008,3
