,runs,strike_rate,performance,batting_performance,
0,14,93.33,1306.62,0,poor
1,104,85.25,8866,2,best
2,74,101.37,7501.38,2,best
3,41,75.93,3113.13,1,good
4,4,57.14,228.56,0,poor
5,30,62.5,1875,0,poor
6,22,91.67,2016.74,0,poor
7,60,75,4500,1,good
8,105,99.06,10401.3,2,best
9,8,72.73,581.84,0,poor
10,4,44.44,177.76,0,poor
11,36,240,8640,2,best
12,118,93.65,11050.7,2,best
13,108,92.31,9969.48,2,best
14,17,121.43,2064.31,0,poor
15,0,0,0,0,poor
16,33,194.12,6405.96,1,good
17,68,87.18,5928.24,1,good
18,5,38.46,192.3,0,poor
19,0,0,0,0,poor
20,1,9.09,9.09,0,poor
21,11,64.71,711.81,0,poor
22,56,73.68,4126.08,1,good
23,28,63.64,1781.92,0,poor
24,1,25,25,0,poor
25,0,0,0,0,poor
26,0,0,0,0,poor
27,49,90.74,4446.26,1,good
28,55,107.84,5931.2,1,good
29,71,87.65,6223.15,1,good
30,27,65.85,1777.95,0,poor
31,18,69.23,1246.14,0,poor
32,17,56.67,963.39,0,poor
33,6,100,600,0,poor
34,1,50,50,0,poor
35,61,72.62,4429.82,1,good
36,19,79.17,1504.23,0,poor
37,75,78.95,5921.25,1,good
38,20,41.67,833.4,0,poor
39,5,100,500,0,poor
40,32,139.13,4452.16,1,good
41,19,135.71,2578.49,1,good
42,1,50,50,0,poor
43,0,0,0,0,poor
44,2,100,200,0,poor
45,40,108.11,4324.4,1,good
46,60,133.33,7999.8,2,best
47,10,100,1000,0,poor
48,27,71.05,1918.35,0,poor
49,21,110.53,2321.13,0,poor
50,111,94.07,10441.77,2,best
51,42,70,2940,1,good
52,35,100,3500,1,good
53,28,133.33,3733.24,1,good
54,69,71.13,4907.97,1,good
55,78,118.18,9218.04,2,best
56,6,46.15,276.9,0,poor
57,12,75,900,0,poor
58,16,51.61,825.76,0,poor
59,7,87.5,612.5,0,poor
60,15,71.43,1071.45,0,poor
61,8,50,400,0,poor
62,9,100,900,0,poor
63,7,87.5,612.5,0,poor
64,0,0,0,0,poor
65,72,91.14,6562.08,1,good
66,108,105.88,11435.04,2,best
67,16,59.26,948.16,0,poor
68,11,68.75,756.25,0,poor
69,18,72,1296,0,poor
70,42,66.67,2800.14,1,good
71,54,84.38,4556.52,1,good
72,17,77.27,1313.59,0,poor
73,55,90.16,4958.8,1,good
74,2,33.33,66.66,0,poor
75,1,33.33,33.33,0,poor
76,14,51.85,725.9,0,poor
77,16,133.33,2133.28,0,poor
78,1,100,100,0,poor
79,54,73.97,3994.38,1,good
80,71,139.22,9884.62,2,best
81,52,75.36,3918.72,1,good
82,43,122.86,5282.98,1,good
83,42,102.44,4302.48,1,good
84,37,123.33,4563.21,1,good
85,38,82.61,3139.18,1,good
86,24,150,3600,1,good
87,73,89.02,6498.46,1,good
88,53,79.1,4192.3,1,good
89,7,50,350,0,poor
90,16,53.33,853.28,0,poor
91,0,0,0,0,poor
92,17,44.74,760.58,0,poor
93,11,57.89,636.79,0,poor
94,0,0,0,0,poor
95,31,68.89,2135.59,0,poor
96,55,62.5,3437.5,1,good
97,10,71.43,714.3,0,poor
98,20,125,2500,0,poor
99,7,63.64,445.48,0,poor
100,2,40,80,0,poor
101,70,64.22,4495.4,1,good
102,5,55.56,277.8,0,poor
103,48,77.42,3716.16,1,good
104,5,45.45,227.25,0,poor
105,36,94.74,3410.64,1,good
106,0,0,0,0,poor
107,7,233.33,1633.31,0,poor
108,2,66.67,133.34,0,poor
109,9,100,900,0,poor
110,0,0,0,0,poor
111,45,72.58,3266.1,1,good
112,2,16.67,33.34,0,poor
113,4,36.36,145.44,0,poor
114,7,30.43,213.01,0,poor
115,15,57.69,865.35,0,poor
116,10,35.71,357.1,0,poor
117,43,70.49,3031.07,1,good
118,22,73.33,1613.26,0,poor
119,5,41.67,208.35,0,poor
120,6,54.55,327.3,0,poor
121,12,52.17,626.04,0,poor
122,44,84.62,3723.28,1,good
123,40,67.8,2712,1,good
124,59,81.94,4834.46,1,good
125,41,71.93,2949.13,1,good
126,33,94.29,3111.57,1,good
127,35,152.17,5325.95,1,good
128,12,63.16,757.92,0,poor
129,13,86.67,1126.71,0,poor
130,39,58.21,2270.19,0,poor
131,110,95.65,10521.5,2,best
132,6,66.67,400.02,0,poor
133,71,114.52,8130.92,2,best
134,12,120,1440,0,poor
135,1,25,25,0,poor
136,26,123.81,3219.06,1,good
137,6,75,450,0,poor
138,4,100,400,0,poor
139,0,0,0,0,poor
140,3,16.67,50.01,0,poor
141,7,116.67,816.69,0,poor
142,49,106.52,5219.48,1,good
143,19,70.37,1337.03,0,poor
144,4,50,200,0,poor
145,77,91.67,7058.59,1,good
146,0,0,0,0,poor
147,10,47.62,476.2,0,poor
148,0,0,0,0,poor
149,56,116.67,6533.52,1,good
150,4,200,800,0,poor
151,86,76.79,6603.94,1,good
152,47,82.46,3875.62,1,good
153,5,33.33,166.65,0,poor
154,45,86.54,3894.3,1,good
155,17,154.55,2627.35,1,good
156,28,52.83,1479.24,0,poor
157,1,25,25,0,poor
158,0,0,0,0,poor
159,0,0,0,0,poor
160,33,45.83,1512.39,0,poor
161,9,56.25,506.25,0,poor
162,5,45.45,227.25,0,poor
163,7,77.78,544.46,0,poor
164,3,42.86,128.58,0,poor
165,2,22.22,44.44,0,poor
166,2,40,80,0,poor
167,101,70.63,7133.63,1,good
168,11,47.83,526.13,0,poor
169,20,46.51,930.2,0,poor
170,48,104.35,5008.8,1,good
171,39,75,2925,1,good
172,30,107.14,3214.2,1,good
173,75,71.43,5357.25,1,good
174,44,86.27,3795.88,1,good
175,17,100,1700,0,poor
176,4,57.14,228.56,0,poor
177,6,75,450,0,poor
178,36,163.64,5891.04,1,good
179,2,50,100,0,poor
180,8,133.33,1066.64,0,poor
181,19,61.29,1164.51,0,poor
182,50,84.75,4237.5,1,good
183,92,105.75,9729,2,best
184,100,123.46,12346,2,best
185,11,100,1100,0,poor
186,21,131.25,2756.25,1,good
187,2,66.67,133.34,0,poor
188,18,180,3240,1,good
189,7,233.33,1633.31,0,poor
190,33,76.74,2532.42,1,good
191,41,74.55,3056.55,1,good
192,49,80.33,3936.17,1,good
193,2,20,40,0,poor
194,1,25,25,0,poor
195,57,73.08,4165.56,1,good
196,18,90,1620,0,poor
197,8,133.33,1066.64,0,poor
198,24,171.43,4114.32,1,good
199,4,40,160,0,poor
200,0,0,0,0,poor
201,67,113.56,7608.52,2,best
202,44,146.67,6453.48,1,good
203,27,112.5,3037.5,1,good
204,6,33.33,199.98,0,poor
205,4,100,400,0,poor
206,73,71.57,5224.61,1,good
207,23,92,2116,0,poor
208,34,70.83,2408.22,0,poor
209,133,94.33,12545.89,2,best
210,144,109.92,15828.48,2,best
211,3,60,180,0,poor
212,9,128.57,1157.13,0,poor
213,11,157.14,1728.54,0,poor
214,0,0,0,0,poor
215,4,200,800,0,poor
216,8,114.29,914.32,0,poor
217,3,42.86,128.58,0,poor
218,3,20,60,0,poor
219,111,86.72,9625.92,2,best
220,66,73.33,4839.78,1,good
221,41,117.14,4802.74,1,good
222,5,62.5,312.5,0,poor
223,3,60,180,0,poor
224,1,16.67,16.67,0,poor
225,6,150,900,0,poor
226,7,233.33,1633.31,0,poor
227,0,0,0,0,poor
228,102,83.61,8528.22,2,best
229,108,93.91,10142.28,2,best
230,30,96.77,2903.1,1,good
231,73,78.49,5729.77,1,good
232,54,68.35,3690.9,1,good
233,1,33.33,33.33,0,poor
234,23,60.53,1392.19,0,poor
235,13,52,676,0,poor
236,14,77.78,1088.92,0,poor
237,2,10,20,0,poor
238,33,67.35,2222.55,0,poor
239,48,71.64,3438.72,1,good
240,103,117.05,12056.15,2,best
241,21,61.76,1296.96,0,poor
242,1,20,20,0,poor
243,32,106.67,3413.44,1,good
244,22,244.44,5377.68,1,good
245,1,50,50,0,poor
246,2,50,100,0,poor
247,5,45.45,227.25,0,poor
248,4,40,160,0,poor
249,19,39.58,752.02,0,poor
250,16,100,1600,0,poor
251,9,60,540,0,poor
252,5,35.71,178.55,0,poor
253,24,88.89,2133.36,0,poor
254,26,173.33,4506.58,1,good
255,0,0,0,0,poor
256,144,96,13824,2,best
257,9,100,900,0,poor
258,5,71.43,357.15,0,poor
259,69,81.18,5601.42,1,good
260,46,153.33,7053.18,1,good
261,13,86.67,1126.71,0,poor
262,7,175,1225,0,poor
263,79,102.6,8105.4,2,best
264,3,50,150,0,poor
265,105,83.33,8749.65,2,best
266,25,53.19,1329.75,0,poor
267,11,84.62,930.82,0,poor
268,1,4.76,4.76,0,poor
269,9,75,675,0,poor
270,0,0,0,0,poor
271,0,0,0,0,poor
272,75,70.09,5256.75,1,good
273,6,40,240,0,poor
274,18,66.67,1200.06,0,poor
275,39,79.59,3104.01,1,good
276,11,37.93,417.23,0,poor
277,5,71.43,357.15,0,poor
278,0,0,0,0,poor
279,1,33.33,33.33,0,poor
280,4,57.14,228.56,0,poor
281,4,66.67,266.68,0,poor
282,48,64,3072,1,good
283,9,60,540,0,poor
284,54,84.38,4556.52,1,good
285,62,96.88,6006.56,1,good
286,48,90.57,4347.36,1,good
287,4,100,400,0,poor
288,0,0,0,0,poor
289,6,300,1800,0,poor
290,0,0,0,0,poor
291,64,100,6400,1,good
292,60,73.17,4390.2,1,good
293,6,66.67,400.02,0,poor
294,20,66.67,1333.4,0,poor
295,24,80,1920,0,poor
296,23,85.19,1959.37,0,poor
297,34,130.77,4446.18,1,good
298,9,52.94,476.46,0,poor
299,32,213.33,6826.56,1,good
300,34,121.43,4128.62,1,good
301,29,70.73,2051.17,0,poor
302,16,84.21,1347.36,0,poor
303,3,37.5,112.5,0,poor
304,12,92.31,1107.72,0,poor
305,15,83.33,1249.95,0,poor
306,2,33.33,66.66,0,poor
307,41,82,3362,1,good
308,34,59.65,2028.1,0,poor
309,0,0,0,0,poor
310,0,0,0,0,poor
311,13,43.33,563.29,0,poor
312,24,104.35,2504.4,0,poor
313,52,61.18,3181.36,1,good
314,17,56.67,963.39,0,poor
315,1,25,25,0,poor
316,35,56.45,1975.75,0,poor
317,5,55.56,277.8,0,poor
318,34,109.68,3729.12,1,good
319,0,0,0,0,poor
320,9,69.23,623.07,0,poor
321,7,77.78,544.46,0,poor
322,111,79.86,8864.46,2,best
323,55,93.22,5127.1,1,good
324,49,132.43,6489.07,1,good
325,4,200,800,0,poor
326,36,109.09,3927.24,1,good
327,9,52.94,476.46,0,poor
328,1,33.33,33.33,0,poor
329,4,66.67,266.68,0,poor
330,2,66.67,133.34,0,poor
331,1,100,100,0,poor
332,8,36.36,290.88,0,poor
333,12,80,960,0,poor
334,31,55.36,1716.16,0,poor
335,53,51.96,2753.88,1,good
336,0,0,0,0,poor
337,6,100,600,0,poor
338,7,36.84,257.88,0,poor
339,1,16.67,16.67,0,poor
340,0,0,0,0,poor
341,0,0,0,0,poor
342,0,0,0,0,poor
343,0,0,0,0,poor
344,17,106.25,1806.25,0,poor
345,7,100,700,0,poor
346,71,59.66,4235.86,1,good
347,63,88.73,5589.99,1,good
348,26,53.06,1379.56,0,poor
349,7,50,350,0,poor
350,0,0,0,0,poor
351,25,44.64,1116,0,poor
352,4,50,200,0,poor
353,5,20.83,104.15,0,poor
354,28,90.32,2528.96,1,good
355,24,42.11,1010.64,0,poor
356,10,32.26,322.6,0,poor
357,0,0,0,0,poor
358,5,35.71,178.55,0,poor
359,11,78.57,864.27,0,poor
360,0,0,0,0,poor
361,0,0,0,0,poor
362,77,64.17,4941.09,1,good
363,28,70,1960,0,poor
364,5,38.46,192.3,0,poor
365,15,40.54,608.1,0,poor
366,50,87.72,4386,1,good
367,3,75,225,0,poor
368,17,100,1700,0,poor
369,13,108.33,1408.29,0,poor
370,2,200,400,0,poor
371,4,200,800,0,poor
372,64,82.05,5251.2,1,good
373,45,68.18,3068.1,1,good
374,31,65.96,2044.76,0,poor
375,17,65.38,1111.46,0,poor
376,32,80,2560,1,good
377,0,0,0,0,poor
378,19,126.67,2406.73,0,poor
379,4,80,320,0,poor
380,5,50,250,0,poor
381,0,0,0,0,poor
382,16,123.08,1969.28,0,poor
383,11,52.38,576.18,0,poor
384,58,56.31,3265.98,1,good
385,11,57.89,636.79,0,poor
386,55,63.22,3477.1,1,good
387,0,0,0,0,poor
388,2,28.57,57.14,0,poor
389,7,63.64,445.48,0,poor
390,0,0,0,0,poor
391,4,66.67,266.68,0,poor
392,0,0,0,0,poor
393,3,30,90,0,poor
394,12,85.71,1028.52,0,poor
395,7,50,350,0,poor
396,78,78,6084,1,good
397,1,16.67,16.67,0,poor
398,61,60.4,3684.4,1,good
399,2,16.67,33.34,0,poor
400,25,138.89,3472.25,1,good
401,8,34.78,278.24,0,poor
402,4,200,800,0,poor
403,0,0,0,0,poor
404,0,0,0,0,poor
405,4,28.57,114.28,0,poor
406,4,57.14,228.56,0,poor
407,2,12.5,25,0,poor
408,0,0,0,0,poor
409,19,41.3,784.7,0,poor
410,6,54.55,327.3,0,poor
411,1,11.11,11.11,0,poor
412,3,23.08,69.24,0,poor
413,0,0,0,0,poor
414,66,77.65,5124.9,1,good
415,0,0,0,0,poor
416,3,10.71,32.13,0,poor
417,92,80,7360,1,good
418,19,73.08,1388.52,0,poor
419,22,169.23,3723.06,1,good
420,28,96.55,2703.4,1,good
421,58,89.23,5175.34,1,good
422,33,67.35,2222.55,0,poor
423,38,102.7,3902.6,1,good
424,36,66.67,2400.12,0,poor
425,15,78.95,1184.25,0,poor
426,40,105.26,4210.4,1,good
427,15,107.14,1607.1,0,poor
428,19,95,1805,0,poor
429,2,50,100,0,poor
430,1,100,100,0,poor
431,6,60,360,0,poor
432,87,100,8700,2,best
433,32,103.23,3303.36,1,good
434,59,72.84,4297.56,1,good
435,13,86.67,1126.71,0,poor
436,69,156.82,10820.58,2,best
437,21,84,1764,0,poor
438,46,117.95,5425.7,1,good
439,41,83.67,3430.47,1,good
440,102,105.15,10725.3,2,best
441,20,57.14,1142.8,0,poor
442,69,109.52,7556.88,2,best
443,6,120,720,0,poor
444,2,25,50,0,poor
445,0,0,0,0,poor
446,1,100,100,0,poor
447,6,300,1800,0,poor
448,4,36.36,145.44,0,poor
449,48,60.76,2916.48,1,good
450,26,76.47,1988.22,0,poor
451,64,79.01,5056.64,1,good
452,23,67.65,1555.95,0,poor
453,7,58.33,408.31,0,poor
454,33,117.86,3889.38,1,good
455,7,63.64,445.48,0,poor
456,7,77.78,544.46,0,poor
457,1,100,100,0,poor
458,5,38.46,192.3,0,poor
459,40,70.18,2807.2,1,good
460,22,68.75,1512.5,0,poor
461,37,74,2738,1,good
462,13,100,1300,0,poor
463,3,50,150,0,poor
464,64,84.21,5389.44,1,good
465,8,72.73,581.84,0,poor
466,9,37.5,337.5,0,poor
467,1,16.67,16.67,0,poor
468,15,136.36,2045.4,0,poor
469,0,0,0,0,poor
470,16,69.57,1113.12,0,poor
471,31,55.36,1716.16,0,poor
472,81,89.01,7209.81,1,good
473,43,87.76,3773.68,1,good
474,17,56.67,963.39,0,poor
475,5,55.56,277.8,0,poor
476,12,48,576,0,poor
477,22,157.14,3457.08,1,good
478,0,0,0,0,poor
479,1,100,100,0,poor
480,61,91.04,5553.44,1,good
481,45,109.76,4939.2,1,good
482,30,103.45,3103.5,1,good
483,6,75,450,0,poor
484,45,81.82,3681.9,1,good
485,51,70.83,3612.33,1,good
486,8,53.33,426.64,0,poor
487,38,77.55,2946.9,1,good
488,62,100,6200,1,good
489,49,132.43,6489.07,1,good
490,10,142.86,1428.6,0,poor
491,4,100,400,0,poor
492,85,104.94,8919.9,2,best
493,3,33.33,99.99,0,poor
494,22,100,2200,0,poor
495,80,80,6400,1,good
496,24,70.59,1694.16,0,poor
497,24,77.42,1858.08,0,poor
498,5,71.43,357.15,0,poor
499,21,190.91,4009.11,1,good
500,4,400,1600,0,poor
501,22,66.67,1466.74,0,poor
502,160,96.97,15515.2,2,best
503,105,120.69,12672.45,2,best
504,3,100,300,0,poor
505,14,140,1960,0,poor
506,2,100,200,0,poor
507,5,83.33,416.65,0,poor
508,9,56.25,506.25,0,poor
509,64,68.82,4404.48,1,good
510,75,89.29,6696.75,1,good
511,51,86.44,4408.44,1,good
512,5,62.5,312.5,0,poor
513,5,71.43,357.15,0,poor
514,0,0,0,0,poor
515,0,0,0,0,poor
516,14,66.67,933.38,0,poor
517,2,50,100,0,poor
518,14,100,1400,0,poor
519,27,122.73,3313.71,1,good
520,42,85.71,3599.82,1,good
521,14,51.85,725.9,0,poor
522,14,46.67,653.38,0,poor
523,60,89.55,5373,1,good
524,8,57.14,457.12,0,poor
525,73,169.77,12393.21,2,best
526,31,147.62,4576.22,1,good
527,5,100,500,0,poor
528,1,16.67,16.67,0,poor
529,80,105.26,8420.8,2,best
530,106,89.08,9442.48,2,best
531,51,89.47,4562.97,1,good
532,17,100,1700,0,poor
533,15,55.56,833.4,0,poor
534,8,100,800,0,poor
535,19,211.11,4011.09,1,good
536,5,71.43,357.15,0,poor
537,30,52.63,1578.9,0,poor
538,71,58.2,4132.2,1,good
539,7,38.89,272.23,0,poor
540,15,150,2250,0,poor
541,18,75,1350,0,poor
542,0,0,0,0,poor
543,6,66.67,400.02,0,poor
544,78,132.2,10311.6,2,best
545,7,77.78,544.46,0,poor
546,65,74.71,4856.15,1,good
547,13,59.09,768.17,0,poor
548,29,78.38,2273.02,0,poor
549,11,122.22,1344.42,0,poor
550,17,106.25,1806.25,0,poor
551,0,0,0,0,poor
552,18,94.74,1705.32,0,poor
553,8,66.67,533.36,0,poor
554,0,0,0,0,poor
555,12,80,960,0,poor
556,20,100,2000,0,poor
557,71,77.17,5479.07,1,good
558,0,0,0,0,poor
559,7,38.89,272.23,0,poor
560,57,77.03,4390.71,1,good
561,2,25,50,0,poor
562,4,25,100,0,poor
563,5,29.41,147.05,0,poor
564,1,16.67,16.67,0,poor
565,0,0,0,0,poor
566,5,41.67,208.35,0,poor
567,19,86.36,1640.84,0,poor
568,6,42.86,257.16,0,poor
569,62,67.39,4178.18,1,good
570,48,65.75,3156,1,good
571,48,109.09,5236.32,1,good
572,3,100,300,0,poor
573,1,25,25,0,poor
574,19,90.48,1719.12,0,poor
575,10,76.92,769.2,0,poor
576,0,0,0,0,poor
577,3,15,45,0,poor
578,5,55.56,277.8,0,poor
579,9,29.03,261.27,0,poor
580,0,0,0,0,poor
581,10,37.04,370.4,0,poor
582,0,0,0,0,poor
583,42,57.53,2416.26,0,poor
584,17,51.52,875.84,0,poor
585,18,39.13,704.34,0,poor
586,0,0,0,0,poor
587,18,72,1296,0,poor
588,119,85.61,10187.59,2,best
589,18,66.67,1200.06,0,poor
590,32,62.75,2008,0,poor
591,53,117.78,6242.34,1,good
592,24,171.43,4114.32,1,good
593,4,50,200,0,poor
594,24,51.06,1225.44,0,poor
595,97,74.62,7238.14,1,good
596,18,60,1080,0,poor
597,40,80,3200,1,good
598,8,88.89,711.12,0,poor
599,10,90.91,909.1,0,poor
600,13,144.44,1877.72,0,poor
601,3,60,180,0,poor
602,0,0,0,0,poor
603,2,12.5,25,0,poor
604,10,66.67,666.7,0,poor
605,40,58.82,2352.8,0,poor
606,54,72.97,3940.38,1,good
607,0,0,0,0,poor
608,80,105.26,8420.8,2,best
609,0,0,0,0,poor
610,11,68.75,756.25,0,poor
611,19,95,1805,0,poor
612,10,142.86,1428.6,0,poor
613,28,59.57,1667.96,0,poor
614,6,100,600,0,poor
615,133,88.08,11714.64,2,best
616,13,68.42,889.46,0,poor
617,12,150,1800,0,poor
618,7,41.18,288.26,0,poor
619,7,70,490,0,poor
620,44,157.14,6914.16,1,good
621,0,0,0,0,poor
622,19,190,3610,1,good
623,1,33.33,33.33,0,poor
624,59,98.33,5801.47,1,good
625,50,102.04,5102,1,good
626,6,60,360,0,poor
627,8,40,320,0,poor
628,4,57.14,228.56,0,poor
629,73,76.84,5609.32,1,good
630,0,0,0,0,poor
631,65,82.28,5348.2,1,good
632,71,124.56,8843.76,2,best
633,45,112.5,5062.5,1,good
634,51,69.86,3562.86,1,good
635,42,87.5,3675,1,good
636,47,68.12,3201.64,1,good
637,28,87.5,2450,0,poor
638,3,100,300,0,poor
639,14,41.18,576.52,0,poor
640,17,106.25,1806.25,0,poor
641,2,66.67,133.34,0,poor
642,17,113.33,1926.61,0,poor
643,15,214.29,3214.35,1,good
644,31,147.62,4576.22,1,good
645,0,0,0,0,poor
646,77,80.21,6176.17,1,good
647,8,100,800,0,poor
648,13,81.25,1056.25,0,poor
649,9,128.57,1157.13,0,poor
650,72,81.82,5891.04,1,good
651,18,94.74,1705.32,0,poor
652,7,100,700,0,poor
653,10,111.11,1111.1,0,poor
654,0,0,0,0,poor
655,6,54.55,327.3,0,poor
656,37,72.55,2684.35,1,good
657,11,84.62,930.82,0,poor
658,43,87.76,3773.68,1,good
659,7,53.85,376.95,0,poor
660,10,76.92,769.2,0,poor
661,102,107.37,10951.74,2,best
662,15,55.56,833.4,0,poor
663,5,83.33,416.65,0,poor
664,54,114.89,6204.06,1,good
665,27,96.43,2603.61,1,good
666,43,66.15,2844.45,1,good
667,42,76.36,3207.12,1,good
668,0,0,0,0,poor
669,2,50,100,0,poor
670,60,63.83,3829.8,1,good
671,0,0,0,0,poor
672,17,113.33,1926.61,0,poor
673,0,0,0,0,poor
674,5,31.25,156.25,0,poor
675,24,92.31,2215.44,0,poor
676,0,0,0,0,poor
677,11,110,1210,0,poor
678,0,0,0,0,poor
679,1,12.5,12.5,0,poor
680,51,72.86,3715.86,1,good
681,5,55.56,277.8,0,poor
682,73,76.84,5609.32,1,good
683,12,85.71,1028.52,0,poor
684,0,0,0,0,poor
685,20,111.11,2222.2,0,poor
686,4,50,200,0,poor
687,18,120,2160,0,poor
688,1,50,50,0,poor
689,0,0,0,0,poor
690,0,0,0,0,poor
691,51,57.95,2955.45,1,good
692,102,76.12,7764.24,2,best
693,14,87.5,1225,0,poor
694,1,20,20,0,poor
695,22,66.67,1466.74,0,poor
696,7,29.17,204.19,0,poor
697,22,78.57,1728.54,0,poor
698,0,0,0,0,poor
699,12,80,960,0,poor
700,2,15.38,30.76,0,poor
701,4,200,800,0,poor
702,4,36.36,145.44,0,poor
703,9,100,900,0,poor
704,38,97.44,3702.72,1,good
705,19,39.58,752.02,0,poor
706,1,10,10,0,poor
707,6,31.58,189.48,0,poor
708,67,84.81,5682.27,1,good
709,14,46.67,653.38,0,poor
710,26,65,1690,0,poor
711,7,116.67,816.69,0,poor
712,14,127.27,1781.78,0,poor
713,2,40,80,0,poor
714,2,40,80,0,poor
715,42,116.67,4900.14,1,good
716,113,104.63,11823.19,2,best
717,63,92.65,5836.95,1,good
718,3,100,300,0,poor
719,18,85.71,1542.78,0,poor
720,10,111.11,1111.1,0,poor
721,56,84.85,4751.6,1,good
722,125,97.66,12207.5,2,best
723,48,97.96,4702.08,1,good
724,4,50,200,0,poor
725,6,66.67,400.02,0,poor
726,5,71.43,357.15,0,poor
727,0,0,0,0,poor
728,25,166.67,4166.75,1,good
729,11,110,1210,0,poor
730,0,0,0,0,poor
731,5,166.67,833.35,0,poor
732,0,0,0,0,poor
733,20,111.11,2222.2,0,poor
734,68,78.16,5314.88,1,good
735,4,50,200,0,poor
736,0,0,0,0,poor
737,9,26.47,238.23,0,poor
738,9,32.14,289.26,0,poor
739,15,51.72,775.8,0,poor
740,8,72.73,581.84,0,poor
741,0,0,0,0,poor
742,2,66.67,133.34,0,poor
743,6,54.55,327.3,0,poor
744,44,78.57,3457.08,1,good
745,134,99.26,13300.84,2,best
746,42,97.67,4102.14,1,good
747,58,152.63,8852.54,2,best
748,4,133.33,533.32,0,poor
749,34,58.62,1993.08,0,poor
750,3,27.27,81.81,0,poor
751,57,66.28,3777.96,1,good
752,84,103.7,8710.8,2,best
753,12,60,720,0,poor
754,31,96.88,3003.28,1,good
755,6,120,720,0,poor
756,2,40,80,0,poor
757,2,200,400,0,poor
758,4,50,200,0,poor
759,18,85.71,1542.78,0,poor
760,17,38.64,656.88,0,poor
761,7,22.58,158.06,0,poor
762,38,60.32,2292.16,0,poor
763,51,57.3,2922.3,1,good
764,25,71.43,1785.75,0,poor
765,0,0,0,0,poor
766,1,33.33,33.33,0,poor
767,7,350,2450,0,poor
768,25,58.14,1453.5,0,poor
769,52,100,5200,1,good
770,17,73.91,1256.47,0,poor
771,21,56.76,1191.96,0,poor
772,55,71.43,3928.65,1,good
773,6,31.58,189.48,0,poor
774,2,33.33,66.66,0,poor
775,5,41.67,208.35,0,poor
776,4,50,200,0,poor
777,8,88.89,711.12,0,poor
778,2,40,80,0,poor
779,174,109.43,19040.82,2,best
780,107,95.54,10222.78,2,best
781,44,151.72,6675.68,1,good
782,7,50,350,0,poor
783,7,58.33,408.31,0,poor
784,90,94.74,8526.6,2,best
785,2,25,50,0,poor
786,23,31.51,724.73,0,poor
787,30,111.11,3333.3,1,good
788,8,160,1280,0,poor
789,14,155.56,2177.84,0,poor
790,7,116.67,816.69,0,poor
791,6,54.55,327.3,0,poor
792,11,100,1100,0,poor
793,0,0,0,0,poor
794,26,48.15,1251.9,0,poor
795,0,0,0,0,poor
796,10,90.91,909.1,0,poor
797,13,81.25,1056.25,0,poor
798,6,27.27,163.62,0,poor
799,4,66.67,266.68,0,poor
800,2,25,50,0,poor
801,7,140,980,0,poor
802,11,37.93,417.23,0,poor
803,22,78.57,1728.54,0,poor
804,71,71,5041,1,good
805,46,63.89,2938.94,1,good
806,10,41.67,416.7,0,poor
807,2,50,100,0,poor
808,5,71.43,357.15,0,poor
809,5,50,250,0,poor
810,5,41.67,208.35,0,poor
811,0,0,0,0,poor
812,1,20,20,0,poor
813,43,67.19,2889.17,1,good
814,10,125,1250,0,poor
815,169,123.36,20847.84,2,best
816,42,82.35,3458.7,1,good
817,17,51.52,875.84,0,poor
818,16,228.57,3657.12,1,good
819,1,100,100,0,poor
820,3,21.43,64.29,0,poor
821,43,67.19,2889.17,1,good
822,37,61.67,2281.79,0,poor
823,17,58.62,996.54,0,poor
824,13,48.15,625.95,0,poor
825,43,84.31,3625.33,1,good
826,8,53.33,426.64,0,poor
827,11,78.57,864.27,0,poor
828,13,81.25,1056.25,0,poor
829,7,87.5,612.5,0,poor
830,0,0,0,0,poor
831,5,21.74,108.7,0,poor
832,6,75,450,0,poor
833,0,0,0,0,poor
834,24,47.06,1129.44,0,poor
835,29,44.62,1293.98,0,poor
836,14,70,980,0,poor
837,1,20,20,0,poor
838,65,132.65,8622.25,2,best
839,12,36.36,436.32,0,poor
840,0,0,0,0,poor
841,0,0,0,0,poor
842,115,88.46,10172.9,2,best
843,12,46.15,553.8,0,poor
844,91,90.1,8199.1,2,best
845,1,12.5,12.5,0,poor
846,99,90,8910,2,best
847,9,56.25,506.25,0,poor
848,68,73.12,4972.16,1,good
849,75,166.67,12500.25,2,best
850,23,104.55,2404.65,0,poor
851,17,121.43,2064.31,0,poor
852,0,0,0,0,poor
853,81,71.05,5755.05,1,good
854,79,97.53,7704.87,2,best
855,1,14.29,14.29,0,poor
856,74,115.63,8556.62,2,best
857,2,33.33,66.66,0,poor
858,9,69.23,623.07,0,poor
859,12,133.33,1599.96,0,poor
860,0,0,0,0,poor
861,14,350,4900,1,good
862,0,0,0,0,poor
863,4,50,200,0,poor
864,55,76.39,4201.45,1,good
865,71,120.34,8544.14,2,best
866,46,100,4600,1,good
867,53,106,5618,1,good
868,0,0,0,0,poor
869,23,79.31,1824.13,0,poor
870,0,0,0,0,poor
871,15,78.95,1184.25,0,poor
872,8,57.14,457.12,0,poor
873,14,82.35,1152.9,0,poor
874,21,150,3150,1,good
875,17,242.86,4128.62,1,good
876,64,94.12,6023.68,1,good
877,30,69.77,2093.1,0,poor
878,23,69.7,1603.1,0,poor
879,46,92,4232,1,good
880,10,62.5,625,0,poor
881,31,96.88,3003.28,1,good
882,6,100,600,0,poor
883,42,168,7056,1,good
884,42,175,7350,1,good
885,0,0,0,0,poor
886,1,100,100,0,poor
887,16,66.67,1066.72,0,poor
888,40,83.33,3333.2,1,good
889,58,86.57,5021.06,1,good
890,44,77.19,3396.36,1,good
891,5,35.71,178.55,0,poor
892,47,106.82,5020.54,1,good
893,32,123.08,3938.56,1,good
894,6,120,720,0,poor
895,16,133.33,2133.28,0,poor
896,6,200,1200,0,poor
897,7,53.85,376.95,0,poor
898,59,95.16,5614.44,1,good
899,0,0,0,0,poor
900,14,100,1400,0,poor
901,36,67.92,2445.12,0,poor
902,44,86.27,3795.88,1,good
903,1,9.09,9.09,0,poor
904,22,146.67,3226.74,1,good
905,2,33.33,66.66,0,poor
906,4,33.33,133.32,0,poor
907,19,70.37,1337.03,0,poor
908,8,100,800,0,poor
909,8,114.29,914.32,0,poor
910,51,65.38,3334.38,1,good
911,5,41.67,208.35,0,poor
912,74,79.57,5888.18,1,good
913,38,82.61,3139.18,1,good
914,1,14.29,14.29,0,poor
915,27,103.85,2803.95,1,good
916,0,0,0,0,poor
917,2,18.18,36.36,0,poor
918,0,0,0,0,poor
919,47,114.63,5387.61,1,good
920,45,65.22,2934.9,1,good
921,22,45.83,1008.26,0,poor
922,64,91.43,5851.52,1,good
923,1,16.67,16.67,0,poor
924,8,25.81,206.48,0,poor
925,14,107.69,1507.66,0,poor
926,3,60,180,0,poor
927,0,0,0,0,poor
928,19,135.71,2578.49,1,good
929,20,111.11,2222.2,0,poor
930,3,27.27,81.81,0,poor
931,8,57.14,457.12,0,poor
932,13,46.43,603.59,0,poor
933,6,75,450,0,poor
934,3,20,60,0,poor
935,7,31.82,222.74,0,poor
936,0,0,0,0,poor
937,80,140.35,11228,2,best
938,30,62.5,1875,0,poor
939,0,0,0,0,poor
940,8,114.29,914.32,0,poor
941,8,50,400,0,poor
942,128,111.3,14246.4,2,best
943,9,64.29,578.61,0,poor
944,60,61.86,3711.6,1,good
945,56,143.59,8041.04,2,best
946,0,0,0,0,poor
947,13,144.44,1877.72,0,poor
948,106,85.48,9060.88,2,best
949,18,58.06,1045.08,0,poor
950,9,60,540,0,poor
951,64,91.43,5851.52,1,good
952,20,76.92,1538.4,0,poor
953,22,115.79,2547.38,1,good
954,14,53.85,753.9,0,poor
955,102,92.73,9458.46,2,best
956,67,103.08,6906.36,1,good
957,13,68.42,889.46,0,poor
958,55,110,6050,1,good
959,6,66.67,400.02,0,poor
960,2,100,200,0,poor
961,19,100,1900,0,poor
962,64,79.01,5056.64,1,good
963,38,69.09,2625.42,1,good
964,103,122.62,12629.86,2,best
965,9,75,675,0,poor
966,0,0,0,0,poor
967,6,33.33,199.98,0,poor
968,12,92.31,1107.72,0,poor
969,9,75,675,0,poor
970,11,61.11,672.21,0,poor
971,5,250,1250,0,poor
972,33,67.35,2222.55,0,poor
973,5,31.25,156.25,0,poor
974,76,74.51,5662.76,1,good
975,14,100,1400,0,poor
976,26,63.41,1648.66,0,poor
977,45,109.76,4939.2,1,good
978,17,106.25,1806.25,0,poor
979,19,82.61,1569.59,0,poor
980,0,0,0,0,poor
981,33,55,1815,0,poor
982,2,40,80,0,poor
983,0,0,0,0,poor
984,24,63.16,1515.84,0,poor
985,74,71.84,5316.16,1,good
986,44,84.62,3723.28,1,good
987,15,65.22,978.3,0,poor
988,7,116.67,816.69,0,poor
989,42,113.51,4767.42,1,good
990,101,93.52,9445.52,2,best
991,0,0,0,0,poor
992,75,80.65,6048.75,1,good
993,13,72.22,938.86,0,poor
994,16,123.08,1969.28,0,poor
995,6,66.67,400.02,0,poor
996,0,0,0,0,poor
997,24,46.15,1107.6,0,poor
998,8,33.33,266.64,0,poor
999,39,63.93,2493.27,0,poor
1000,30,56.6,1698,0,poor
1001,5,100,500,0,poor
1002,31,70.45,2183.95,0,poor
1003,42,123.53,5188.26,1,good
1004,3,21.43,64.29,0,poor
1005,18,200,3600,1,good
1006,0,0,0,0,poor
1007,33,82.5,2722.5,1,good
1008,8,61.54,492.32,0,poor
1009,35,85.37,2987.95,1,good
1010,18,85.71,1542.78,0,poor
1011,8,100,800,0,poor
1012,0,0,0,0,poor
1013,2,33.33,66.66,0,poor
1014,11,100,1100,0,poor
1015,10,62.5,625,0,poor
1016,4,80,320,0,poor
1017,10,27.03,270.3,0,poor
1018,88,87.13,7667.44,2,best
1019,40,59.7,2388,0,poor
1020,2,25,50,0,poor
1021,30,85.71,2571.3,1,good
1022,43,130.3,5602.9,1,good
1023,14,155.56,2177.84,0,poor
1024,0,0,0,0,poor
1025,2,100,200,0,poor
1026,7,116.67,816.69,0,poor
1027,7,43.75,306.25,0,poor
1028,2,18.18,36.36,0,poor
1029,13,56.52,734.76,0,poor
1030,12,36.36,436.32,0,poor
1031,6,40,240,0,poor
1032,11,91.67,1008.37,0,poor
1033,2,22.22,44.44,0,poor
1034,5,38.46,192.3,0,poor
1035,0,0,0,0,poor
1036,0,0,0,0,poor
1037,2,33.33,66.66,0,poor
1038,71,65.14,4624.94,1,good
1039,19,126.67,2406.73,0,poor
1040,112,107.69,12061.28,2,best
1041,7,50,350,0,poor
1042,30,100,3000,1,good
1043,16,114.29,1828.64,0,poor
1044,9,128.57,1157.13,0,poor
1045,0,0,0,0,poor
1046,12,240,2880,1,good
1047,4,400,1600,0,poor
1048,0,0,0,0,poor
1049,28,121.74,3408.72,1,good
1050,19,65.52,1244.88,0,poor
1051,2,15.38,30.76,0,poor
1052,53,58.89,3121.17,1,good
1053,60,59.41,3564.6,1,good
1054,42,123.53,5188.26,1,good
1055,34,103.03,3503.02,1,good
1056,40,86.96,3478.4,1,good
1057,88,104.76,9218.88,2,best
1058,10,62.5,625,0,poor
1059,5,62.5,312.5,0,poor
1060,13,100,1300,0,poor
1061,15,57.69,865.35,0,poor
1062,1,33.33,33.33,0,poor
1063,6,120,720,0,poor
1064,0,0,0,0,poor
1065,6,150,900,0,poor
1066,7,77.78,544.46,0,poor
1067,86,95.56,8218.16,2,best
1068,7,77.78,544.46,0,poor
1069,36,73.47,2644.92,1,good
1070,48,68.57,3291.36,1,good
1071,34,89.47,3041.98,1,good
1072,25,166.67,4166.75,1,good
1073,0,0,0,0,poor
1074,9,150,1350,0,poor
1075,2,33.33,66.66,0,poor
1076,0,0,0,0,poor
1077,37,148,5476,1,good
1078,30,125,3750,1,good
1079,36,156.52,5634.72,1,good
1080,2,25,50,0,poor
1081,22,59.46,1308.12,0,poor
1082,58,71.6,4152.8,1,good
1083,30,65.22,1956.6,0,poor
1084,13,81.25,1056.25,0,poor
1085,1,25,25,0,poor
1086,0,0,0,0,poor
1087,0,0,0,0,poor
1088,18,78.26,1408.68,0,poor
1089,6,42.86,257.16,0,poor
1090,25,62.5,1562.5,0,poor
1091,63,95.45,6013.35,1,good
1092,6,42.86,257.16,0,poor
1093,89,104.71,9319.19,2,best
1094,13,130,1690,0,poor
1095,39,260,10140,2,best
1096,3,100,300,0,poor
1097,27,90,2430,0,poor
1098,13,130,1690,0,poor
1099,11,68.75,756.25,0,poor
1100,67,90.54,6066.18,1,good
1101,93,80.87,7520.91,2,best
1102,1,16.67,16.67,0,poor
1103,3,42.86,128.58,0,poor
1104,65,180.56,11736.4,2,best
1105,5,83.33,416.65,0,poor
1106,0,0,0,0,poor
1107,14,82.35,1152.9,0,poor
1108,50,90.91,4545.5,1,good
1109,2,40,80,0,poor
1110,26,81.25,2112.5,0,poor
1111,0,0,0,0,poor
1112,28,52.83,1479.24,0,poor
1113,18,81.82,1472.76,0,poor
1114,13,100,1300,0,poor
1115,43,119.44,5135.92,1,good
1116,5,38.46,192.3,0,poor
1117,23,71.88,1653.24,0,poor
1118,12,57.14,685.68,0,poor
1119,29,107.41,3114.89,1,good
1120,5,62.5,312.5,0,poor
1121,0,0,0,0,poor
1122,0,0,0,0,poor
1123,0,0,0,0,poor
1124,35,116.67,4083.45,1,good
1125,61,70.93,4326.73,1,good
1126,4,36.36,145.44,0,poor
1127,92,91.09,8380.28,2,best
1128,13,92.86,1207.18,0,poor
1129,1,50,50,0,poor
1130,10,90.91,909.1,0,poor
1131,10,76.92,769.2,0,poor
1132,30,107.14,3214.2,1,good
1133,4,66.67,266.68,0,poor
1134,53,66.25,3511.25,1,good
1135,0,0,0,0,poor
1136,118,95.16,11228.88,2,best
1137,10,71.43,714.3,0,poor
1138,2,25,50,0,poor
1139,2,28.57,57.14,0,poor
1140,1,25,25,0,poor
1141,29,90.63,2628.27,1,good
1142,7,58.33,408.31,0,poor
1143,0,0,0,0,poor
1144,0,0,0,0,poor
1145,34,103.03,3503.02,1,good
1146,9,69.23,623.07,0,poor
1147,2,40,80,0,poor
1148,75,110.29,8271.75,2,best
1149,59,85.51,5045.09,1,good
1150,29,100,2900,1,good
1151,11,110,1210,0,poor
1152,0,0,0,0,poor
1153,4,33.33,133.32,0,poor
1154,12,80,960,0,poor
1155,4,40,160,0,poor
1156,35,145.83,5104.05,1,good
1157,5,16.13,80.65,0,poor
1158,32,96.97,3103.04,1,good
1159,139,119.83,16656.37,2,best
1160,52,68.42,3557.84,1,good
1161,6,120,720,0,poor
1162,0,0,0,0,poor
1163,0,0,0,0,poor
1164,88,89.8,7902.4,2,best
1165,59,79.73,4704.07,1,good
1166,2,50,100,0,poor
1167,55,94.83,5215.65,1,good
1168,33,137.5,4537.5,1,good
1169,4,66.67,266.68,0,poor
1170,27,122.73,3313.71,1,good
1171,30,214.29,6428.7,1,good
1172,26,113.04,2939.04,1,good
1173,9,90,810,0,poor
1174,67,72.04,4826.68,1,good
1175,77,96.25,7411.25,2,best
1176,23,121.05,2784.15,1,good
1177,0,0,0,0,poor
1178,63,101.61,6401.43,1,good
1179,0,0,0,0,poor
1180,37,82.22,3042.14,1,good
1181,62,131.91,8178.42,2,best
1182,12,120,1440,0,poor
1183,8,80,640,0,poor
1184,22,275,6050,1,good
1185,2,66.67,133.34,0,poor
1186,16,76.19,1219.04,0,poor
1187,31,75.61,2343.91,0,poor
1188,86,81.9,7043.4,1,good
1189,44,88,3872,1,good
1190,51,85,4335,1,good
1191,19,90.48,1719.12,0,poor
1192,35,112.9,3951.5,1,good
1193,0,0,0,0,poor
1194,91,73.98,6732.18,1,good
1195,2,66.67,133.34,0,poor
1196,40,52.63,2105.2,0,poor
1197,8,42.11,336.88,0,poor
1198,12,80,960,0,poor
1199,27,158.82,4288.14,1,good
1200,0,0,0,0,poor
1201,5,100,500,0,poor
1202,0,0,0,0,poor
1203,5,33.33,166.65,0,poor
1204,68,64.76,4403.68,1,good
1205,112,100,11200,2,best
1206,20,166.67,3333.4,1,good
1207,1,20,20,0,poor
1208,35,112.9,3951.5,1,good
1209,16,160,2560,1,good
1210,12,109.09,1309.08,0,poor
1211,28,127.27,3563.56,1,good
1212,101,81.45,8226.45,2,best
1213,33,66,2178,0,poor
1214,20,74.07,1481.4,0,poor
1215,55,110,6050,1,good
1216,54,207.69,11215.26,2,best
1217,0,0,0,0,poor
1218,1,100,100,0,poor
1219,5,62.5,312.5,0,poor
1220,19,45.24,859.56,0,poor
1221,4,26.67,106.68,0,poor
1222,104,97.2,10108.8,2,best
1223,15,45.45,681.75,0,poor
1224,23,46,1058,0,poor
1225,23,92,2116,0,poor
1226,0,0,0,0,poor
1227,6,150,900,0,poor
1228,7,63.64,445.48,0,poor
1229,5,125,625,0,poor
1230,21,55.26,1160.46,0,poor
1231,116,91.34,10595.44,2,best
1232,38,92.68,3521.84,1,good
1233,27,93.1,2513.7,1,good
1234,39,84.78,3306.42,1,good
1235,2,40,80,0,poor
1236,5,31.25,156.25,0,poor
1237,44,77.19,3396.36,1,good
1238,76,91.57,6959.32,1,good
1239,94,114.63,10775.22,2,best
1240,0,0,0,0,poor
1241,19,61.29,1164.51,0,poor
1242,5,83.33,416.65,0,poor
1243,12,120,1440,0,poor
1244,4,57.14,228.56,0,poor
1245,1,33.33,33.33,0,poor
1246,0,0,0,0,poor
1247,45,69.23,3115.35,1,good
1248,116,109.43,12693.88,2,best
1249,9,52.94,476.46,0,poor
1250,30,103.45,3103.5,1,good
1251,3,75,225,0,poor
1252,18,105.88,1905.84,0,poor
1253,0,0,0,0,poor
1254,0,0,0,0,poor
1255,12,92.31,1107.72,0,poor
1256,3,75,225,0,poor
1257,0,0,0,0,poor
1258,29,67.44,1955.76,0,poor
1259,21,58.33,1224.93,0,poor
1260,81,122.73,9941.13,2,best
1261,9,50,450,0,poor
1262,26,76.47,1988.22,0,poor
1263,9,75,675,0,poor
1264,3,37.5,112.5,0,poor
1265,2,50,100,0,poor
1266,2,15.38,30.76,0,poor
1267,1,20,20,0,poor
1268,3,60,180,0,poor
1269,30,73.17,2195.1,0,poor
1270,81,82.65,6694.65,1,good
1271,113,107.62,12161.06,2,best
1272,14,100,1400,0,poor
1273,1,33.33,33.33,0,poor
1274,5,33.33,166.65,0,poor
1275,20,166.67,3333.4,1,good
1276,12,100,1200,0,poor
1277,65,108.33,7041.45,1,good
1278,24,58.54,1404.96,0,poor
1279,39,102.63,4002.57,1,good
1280,0,0,0,0,poor
1281,14,66.67,933.38,0,poor
1282,46,88.46,4069.16,1,good
1283,4,100,400,0,poor
1284,10,47.62,476.2,0,poor
1285,13,68.42,889.46,0,poor
1286,0,0,0,0,poor
1287,7,41.18,288.26,0,poor
1288,0,0,0,0,poor
1289,0,0,0,0,poor
1290,7,53.85,376.95,0,poor
1291,23,71.88,1653.24,0,poor
1292,100,83.33,8333,2,best
1293,44,54.32,2390.08,0,poor
1294,9,52.94,476.46,0,poor
1295,47,180.77,8496.19,2,best
1296,52,66.67,3466.84,1,good
1297,161,110.27,17753.47,2,best
1298,105,138.16,14506.8,2,best
1299,139,97.2,13510.8,2,best
1300,44,80,3520,1,good
1301,117,136.05,15917.85,2,best
1302,1,20,20,0,poor
1303,62,103.33,6406.46,1,good
1304,104,97.2,10108.8,2,best
1305,19,86.36,1640.84,0,poor
1306,35,112.9,3951.5,1,good
1307,52,216.67,11266.84,2,best
1308,8,266.67,2133.36,0,poor
1309,4,80,320,0,poor
1310,9,81.82,736.38,0,poor
1311,7,87.5,612.5,0,poor
1312,0,0,0,0,poor
1313,4,19.05,76.2,0,poor
1314,104,105.05,10925.2,2,best
1315,124,130.53,16185.72,2,best
1316,2,33.33,66.66,0,poor
1317,51,242.86,12385.86,2,best
1318,24,184.62,4430.88,1,good
1319,7,63.64,445.48,0,poor
1320,3,60,180,0,poor
1321,18,105.88,1905.84,0,poor
1322,1,33.33,33.33,0,poor
1323,12,133.33,1599.96,0,poor
1324,3,30,90,0,poor
1325,0,0,0,0,poor
1326,45,46.88,2109.6,0,poor
1327,41,85.42,3502.22,1,good
1328,4,25,100,0,poor
1329,19,59.38,1128.22,0,poor
1330,0,0,0,0,poor
1331,1,50,50,0,poor
1332,0,0,0,0,poor
1333,2,40,80,0,poor
1334,3,50,150,0,poor
1335,26,74.29,1931.54,0,poor
1336,38,58.46,2221.48,0,poor
1337,23,100,2300,0,poor
1338,20,74.07,1481.4,0,poor
1339,38,70.37,2674.06,1,good
1340,65,95.59,6213.35,1,good
1341,1,33.33,33.33,0,poor
1342,22,104.76,2304.72,0,poor
1343,0,0,0,0,poor
1344,4,100,400,0,poor
1345,68,272,18496,2,best
1346,47,74.6,3506.2,1,good
1347,28,77.78,2177.84,0,poor
1348,8,72.73,581.84,0,poor
1349,4,50,200,0,poor
1350,48,76.19,3657.12,1,good
1351,26,92.86,2414.36,0,poor
1352,33,117.86,3889.38,1,good
1353,15,68.18,1022.7,0,poor
1354,2,40,80,0,poor
1355,20,111.11,2222.2,0,poor
1356,14,66.67,933.38,0,poor
1357,56,83.58,4680.48,1,good
1358,16,76.19,1219.04,0,poor
1359,4,30.77,123.08,0,poor
1360,18,60,1080,0,poor
1361,12,36.36,436.32,0,poor
1362,2,66.67,133.34,0,poor
1363,19,61.29,1164.51,0,poor
1364,6,75,450,0,poor
1365,3,100,300,0,poor
1366,0,0,0,0,poor
1367,50,84.75,4237.5,1,good
1368,90,71.43,6428.7,1,good
1369,12,52.17,626.04,0,poor
1370,20,95.24,1904.8,0,poor
1371,18,64.29,1157.22,0,poor
1372,19,172.73,3281.87,1,good
1373,14,107.69,1507.66,0,poor
1374,17,130.77,2223.09,0,poor
1375,1,33.33,33.33,0,poor
1376,0,0,0,0,poor
1377,116,106.42,12344.72,2,best
1378,62,88.57,5491.34,1,good
1379,30,100,3000,1,good
1380,29,116,3364,1,good
1381,70,175,12250,2,best
1382,52,200,10400,2,best
1383,14,87.5,1225,0,poor
1384,59,184.38,10878.42,2,best
1385,17,85,1445,0,poor
1386,13,76.47,994.11,0,poor
1387,12,66.67,800.04,0,poor
1388,7,87.5,612.5,0,poor
1389,0,0,0,0,poor
1390,7,53.85,376.95,0,poor
1391,21,105,2205,0,poor
1392,0,0,0,0,poor
1393,1,25,25,0,poor
1394,99,107.61,10653.39,2,best
1395,17,130.77,2223.09,0,poor
1396,81,85.26,6906.06,1,good
1397,15,75,1125,0,poor
1398,50,106.38,5319,1,good
1399,21,110.53,2321.13,0,poor
1400,21,61.76,1296.96,0,poor
1401,23,65.71,1511.33,0,poor
1402,27,81.82,2209.14,0,poor
1403,17,130.77,2223.09,0,poor
1404,11,73.33,806.63,0,poor
1405,8,72.73,581.84,0,poor
1406,9,90,810,0,poor
1407,1,5.26,5.26,0,poor
1408,5,31.25,156.25,0,poor
1409,0,0,0,0,poor
1410,66,80.49,5312.34,1,good
1411,8,33.33,266.64,0,poor
1412,58,79.45,4608.1,1,good
1413,4,50,200,0,poor
1414,13,44.83,582.79,0,poor
1415,8,88.89,711.12,0,poor
1416,17,68,1156,0,poor
1417,7,63.64,445.48,0,poor
1418,1,20,20,0,poor
1419,9,37.5,337.5,0,poor
1420,17,77.27,1313.59,0,poor
1421,12,85.71,1028.52,0,poor
1422,12,120,1440,0,poor
1423,19,79.17,1504.23,0,poor
1424,0,0,0,0,poor
1425,9,75,675,0,poor
1426,7,43.75,306.25,0,poor
1427,65,144.44,9388.6,2,best
1428,91,98.91,9000.81,2,best
1429,87,84.47,7348.89,1,good
1430,27,69.23,1869.21,0,poor
1431,15,41.67,625.05,0,poor
1432,5,125,625,0,poor
1433,2,66.67,133.34,0,poor
1434,50,76.92,3846,1,good
1435,95,81.9,7780.5,2,best
1436,15,115.38,1730.7,0,poor
1437,39,177.27,6913.53,1,good
1438,10,125,1250,0,poor
1439,15,107.14,1607.1,0,poor
1440,0,0,0,0,poor
1441,0,0,0,0,poor
1442,32,84.21,2694.72,1,good
1443,9,81.82,736.38,0,poor
1444,51,86.44,4408.44,1,good
1445,100,93.46,9346,2,best
1446,49,92.45,4530.05,1,good
1447,42,221.05,9284.1,2,best
1448,0,0,0,0,poor
1449,7,116.67,816.69,0,poor
1450,3,100,300,0,poor
1451,135,105.47,14238.45,2,best
1452,63,80.77,5088.51,1,good
1453,95,206.52,19619.4,2,best
1454,1,50,50,0,poor
1455,29,181.25,5256.25,1,good
1456,24,133.33,3199.92,1,good
1457,3,75,225,0,poor
1458,8,114.29,914.32,0,poor
1459,1,100,100,0,poor
1460,0,0,0,0,poor
1461,24,104.35,2504.4,0,poor
1462,9,90,810,0,poor
1463,17,121.43,2064.31,0,poor
1464,37,66.07,2444.59,0,poor
1465,73,66.97,4888.81,1,good
1466,59,210.71,12431.89,2,best
1467,3,75,225,0,poor
1468,20,105.26,2105.2,0,poor
1469,31,103.33,3203.23,1,good
1470,7,87.5,612.5,0,poor
1471,37,82.22,3042.14,1,good
1472,22,104.76,2304.72,0,poor
1473,0,0,0,0,poor
1474,52,60.47,3144.44,1,good
1475,44,81.48,3585.12,1,good
1476,2,33.33,66.66,0,poor
1477,53,108.16,5732.48,1,good
1478,2,66.67,133.34,0,poor
1479,26,96.3,2503.8,0,poor
1480,9,36,324,0,poor
1481,1,50,50,0,poor
1482,53,80.3,4255.9,1,good
1483,62,80.52,4992.24,1,good
1484,56,83.58,4680.48,1,good
1485,2,40,80,0,poor
1486,40,121.21,4848.4,1,good
1487,2,25,50,0,poor
1488,9,81.82,736.38,0,poor
1489,3,75,225,0,poor
1490,2,100,200,0,poor
1491,1,100,100,0,poor
1492,62,96.88,6006.56,1,good
1493,77,120.31,9263.87,2,best
1494,63,123.53,7782.39,2,best
1495,67,124.07,8312.69,2,best
1496,9,112.5,1012.5,0,poor
1497,19,190,3610,1,good
1498,6,40,240,0,poor
1499,48,106.67,5120.16,1,good
1500,22,64.71,1423.62,0,poor
1501,53,80.3,4255.9,1,good
1502,13,86.67,1126.71,0,poor
1503,0,0,0,0,poor
1504,22,75.86,1668.92,0,poor
1505,5,29.41,147.05,0,poor
1506,10,43.48,434.8,0,poor
1507,7,87.5,612.5,0,poor
1508,1,33.33,33.33,0,poor
1509,1,50,50,0,poor
1510,22,81.48,1792.56,0,poor
1511,67,70.53,4725.51,1,good
1512,80,67.8,5424,1,good
1513,0,0,0,0,poor
1514,2,33.33,66.66,0,poor
1515,19,73.08,1388.52,0,poor
1516,21,150,3150,1,good
1517,10,166.67,1666.7,0,poor
1518,2,100,200,0,poor
1519,2,25,50,0,poor
1520,10,90.91,909.1,0,poor
1521,69,100,6900,1,good
1522,48,71.64,3438.72,1,good
1523,57,95,5415,1,good
1524,7,70,490,0,poor
1525,54,101.89,5502.06,1,good
1526,12,200,2400,0,poor
1527,2,200,400,0,poor
1528,5,125,625,0,poor
1529,2,50,100,0,poor
1530,5,100,500,0,poor
1531,42,64.62,2714.04,1,good
1532,4,200,800,0,poor
1533,102,78.46,8002.92,2,best
1534,2,50,100,0,poor
1535,12,40,480,0,poor
1536,11,55,605,0,poor
1537,9,90,810,0,poor
1538,3,42.86,128.58,0,poor
1539,17,80.95,1376.15,0,poor
1540,1,50,50,0,poor
1541,76,87.36,6639.36,1,good
1542,0,0,0,0,poor
1543,1,12.5,12.5,0,poor
1544,5,35.71,178.55,0,poor
1545,40,56.34,2253.6,0,poor
1546,7,43.75,306.25,0,poor
1547,6,42.86,257.16,0,poor
1548,13,50,650,0,poor
1549,24,61.54,1476.96,0,poor
1550,18,85.71,1542.78,0,poor
1551,1,50,50,0,poor
1552,34,72.34,2459.56,0,poor
1553,39,97.5,3802.5,1,good
1554,33,91.67,3025.11,1,good
1555,1,33.33,33.33,0,poor
1556,15,60,900,0,poor
1557,14,51.85,725.9,0,poor
1558,13,76.47,994.11,0,poor
1559,32,84.21,2694.72,1,good
1560,5,71.43,357.15,0,poor
1561,0,0,0,0,poor
1562,0,0,0,0,poor
1563,78,104,8112,2,best
1564,21,77.78,1633.38,0,poor
1565,41,107.89,4423.49,1,good
1566,12,150,1800,0,poor
1567,3,30,90,0,poor
1568,4,36.36,145.44,0,poor
1569,28,62.22,1742.16,0,poor
1570,4,66.67,266.68,0,poor
1571,12,26.67,320.04,0,poor
1572,18,72,1296,0,poor
1573,31,52.54,1628.74,0,poor
1574,45,112.5,5062.5,1,good
1575,16,123.08,1969.28,0,poor
1576,0,0,0,0,poor
1577,0,0,0,0,poor
1578,58,96.67,5606.86,1,good
1579,7,100,700,0,poor
1580,94,88.68,8335.92,2,best
1581,94,128.77,12104.38,2,best
1582,9,75,675,0,poor
1583,26,136.84,3557.84,1,good
1584,6,85.71,514.26,0,poor
1585,24,150,3600,1,good
1586,0,0,0,0,poor
1587,14,107.69,1507.66,0,poor
1588,16,100,1600,0,poor
1589,57,79.17,4512.69,1,good
1590,57,58.16,3315.12,1,good
1591,16,64,1024,0,poor
1592,1,25,25,0,poor
1593,5,83.33,416.65,0,poor
1594,62,65.96,4089.52,1,good
1595,22,40,880,0,poor
1596,6,37.5,225,0,poor
1597,28,52.83,1479.24,0,poor
1598,10,111.11,1111.1,0,poor
1599,17,106.25,1806.25,0,poor
1600,8,50,400,0,poor
1601,3,25,75,0,poor
1602,2,20,40,0,poor
1603,25,113.64,2841,1,good
1604,26,86.67,2253.42,0,poor
1605,20,90.91,1818.2,0,poor
1606,36,78.26,2817.36,1,good
1607,1,20,20,0,poor
1608,18,75,1350,0,poor
1609,14,100,1400,0,poor
1610,26,74.29,1931.54,0,poor
1611,12,60,720,0,poor
1612,2,40,80,0,poor
1613,0,0,0,0,poor
1614,74,92.5,6845,1,good
1615,31,68.89,2135.59,0,poor
1616,4,57.14,228.56,0,poor
1617,4,28.57,114.28,0,poor
1618,16,64,1024,0,poor
1619,2,14.29,28.58,0,poor
1620,18,69.23,1246.14,0,poor
1621,0,0,0,0,poor
1622,0,0,0,0,poor
1623,5,71.43,357.15,0,poor
1624,0,0,0,0,poor
1625,58,123.4,7157.2,1,good
1626,119,132.22,15734.18,2,best
1627,29,85.29,2473.41,0,poor
1628,58,113.73,6596.34,1,good
1629,5,35.71,178.55,0,poor
1630,38,122.58,4658.04,1,good
1631,1,50,50,0,poor
1632,1,33.33,33.33,0,poor
1633,6,75,450,0,poor
1634,1,14.29,14.29,0,poor
1635,1,50,50,0,poor
1636,39,205.26,8005.14,2,best
1637,7,63.64,445.48,0,poor
1638,1,14.29,14.29,0,poor
1639,10,111.11,1111.1,0,poor
1640,11,57.89,636.79,0,poor
1641,114,97.44,11108.16,2,best
1642,56,90.32,5057.92,1,good
1643,7,70,490,0,poor
1644,7,38.89,272.23,0,poor
1645,20,71.43,1428.6,0,poor
1646,0,0,0,0,poor
1647,19,65.52,1244.88,0,poor
1648,4,23.53,94.12,0,poor
1649,59,84.29,4973.11,1,good
1650,24,60,1440,0,poor
1651,22,88,1936,0,poor
1652,31,96.88,3003.28,1,good
1653,55,157.14,8642.7,2,best
1654,8,88.89,711.12,0,poor
1655,3,42.86,128.58,0,poor
1656,0,0,0,0,poor
1657,9,81.82,736.38,0,poor
1658,65,85.53,5559.45,1,good
1659,102,95.33,9723.66,2,best
1660,24,80,1920,0,poor
1661,39,139.29,5432.31,1,good
1662,30,100,3000,1,good
1663,9,150,1350,0,poor
1664,9,112.5,1012.5,0,poor
1665,2,100,200,0,poor
1666,0,0,0,0,poor
1667,0,0,0,0,poor
1668,34,89.47,3041.98,1,good
1669,35,100,3500,1,good
1670,54,71.05,3836.7,1,good
1671,21,60,1260,0,poor
1672,12,75,900,0,poor
1673,34,77.27,2627.18,1,good
1674,52,130,6760,1,good
1675,1,33.33,33.33,0,poor
1676,15,136.36,2045.4,0,poor
1677,1,100,100,0,poor
1678,2,200,400,0,poor
1679,41,124.24,5093.84,1,good
1680,57,82.61,4708.77,1,good
1681,11,110,1210,0,poor
1682,12,57.14,685.68,0,poor
1683,0,0,0,0,poor
1684,44,66.67,2933.48,1,good
1685,4,30.77,123.08,0,poor
1686,13,65,845,0,poor
1687,0,0,0,0,poor
1688,1,50,50,0,poor
1689,5,41.67,208.35,0,poor
1690,7,38.89,272.23,0,poor
1691,76,105.56,8022.56,2,best
1692,89,95.7,8517.3,2,best
1693,47,106.82,5020.54,1,good
1694,52,115.56,6009.12,1,good
1695,34,161.9,5504.6,1,good
1696,73,84.88,6196.24,1,good
1697,13,65,845,0,poor
1698,27,93.1,2513.7,1,good
1699,0,0,0,0,poor
1700,39,72.22,2816.58,1,good
1701,1,16.67,16.67,0,poor
1702,27,61.36,1656.72,0,poor
1703,1,20,20,0,poor
1704,26,76.47,1988.22,0,poor
1705,9,64.29,578.61,0,poor
1706,1,33.33,33.33,0,poor
1707,10,76.92,769.2,0,poor
1708,60,77.92,4675.2,1,good
1709,86,107.5,9245,2,best
1710,79,108.22,8549.38,2,best
1711,43,143.33,6163.19,1,good
1712,28,107.69,3015.32,1,good
1713,1,100,100,0,poor
1714,35,64.81,2268.35,0,poor
1715,8,114.29,914.32,0,poor
1716,0,0,0,0,poor
1717,75,87.21,6540.75,1,good
1718,28,80,2240,0,poor
1719,102,87.93,8968.86,2,best
1720,116,104.5,12122,2,best
1721,28,112,3136,1,good
1722,44,137.5,6050,1,good
1723,116,98.31,11403.96,2,best
1724,87,86.14,7494.18,2,best
1725,42,105,4410,1,good
1726,22,110,2420,0,poor
1727,1,33.33,33.33,0,poor
1728,0,0,0,0,poor
1729,19,111.76,2123.44,0,poor
1730,3,37.5,112.5,0,poor
1731,52,60.47,3144.44,1,good
1732,1,12.5,12.5,0,poor
1733,6,66.67,400.02,0,poor
1734,24,51.06,1225.44,0,poor
1735,59,72.84,4297.56,1,good
1736,0,0,0,0,poor
1737,5,100,500,0,poor
1738,7,35,245,0,poor
1739,19,61.29,1164.51,0,poor
1740,64,86.49,5535.36,1,good
1741,35,79.55,2784.25,1,good
1742,36,97.3,3502.8,1,good
1743,13,56.52,734.76,0,poor
1744,36,72,2592,1,good
1745,1,50,50,0,poor
1746,2,40,80,0,poor
1747,0,0,0,0,poor
1748,5,62.5,312.5,0,poor
1749,8,133.33,1066.64,0,poor
1750,0,0,0,0,poor
1751,31,129.17,4004.27,1,good
1752,19,51.35,975.65,0,poor
1753,19,39.58,752.02,0,poor
1754,9,128.57,1157.13,0,poor
1755,20,48.78,975.6,0,poor
1756,58,100,5800,1,good
1757,40,65.57,2622.8,1,good
1758,9,81.82,736.38,0,poor
1759,6,85.71,514.26,0,poor
1760,3,50,150,0,poor
1761,13,86.67,1126.71,0,poor
1762,36,50.7,1825.2,0,poor
1763,1,10,10,0,poor
1764,80,76.19,6095.2,1,good
1765,11,47.83,526.13,0,poor
1766,14,63.64,890.96,0,poor
1767,29,107.41,3114.89,1,good
1768,2,33.33,66.66,0,poor
1769,6,60,360,0,poor
1770,5,83.33,416.65,0,poor
1771,1,20,20,0,poor
1772,14,127.27,1781.78,0,poor
1773,11,45.83,504.13,0,poor
1774,1,14.29,14.29,0,poor
1775,18,66.67,1200.06,0,poor
1776,70,87.5,6125,1,good
1777,39,90.7,3537.3,1,good
1778,22,100,2200,0,poor
1779,11,57.89,636.79,0,poor
1780,3,16.67,50.01,0,poor
1781,5,125,625,0,poor
1782,0,0,0,0,poor
1783,2,33.33,66.66,0,poor
1784,48,141.18,6776.64,1,good
1785,4,80,320,0,poor
1786,67,65.69,4401.23,1,good
1787,55,56.12,3086.6,1,good
1788,18,138.46,2492.28,0,poor
1789,9,100,900,0,poor
1790,4,44.44,177.76,0,poor
1791,8,100,800,0,poor
1792,7,63.64,445.48,0,poor
1793,2,50,100,0,poor
1794,19,146.15,2776.85,1,good
1795,18,47.37,852.66,0,poor
1796,4,44.44,177.76,0,poor
1797,53,71.62,3795.86,1,good
1798,2,25,50,0,poor
1799,0,0,0,0,poor
1800,21,72.41,1520.61,0,poor
1801,50,69.44,3472,1,good
1802,25,53.19,1329.75,0,poor
1803,7,77.78,544.46,0,poor
1804,3,42.86,128.58,0,poor
1805,112,77.78,8711.36,2,best
1806,10,41.67,416.7,0,poor
1807,12,35.29,423.48,0,poor
1808,2,50,100,0,poor
1809,3,60,180,0,poor
1810,7,140,980,0,poor
1811,1,50,50,0,poor
1812,22,40,880,0,poor
1813,1,50,50,0,poor
1814,3,50,150,0,poor
1815,18,69.23,1246.14,0,poor
1816,61,76.25,4651.25,1,good
1817,19,38.78,736.82,0,poor
1818,18,60,1080,0,poor
1819,28,62.22,1742.16,0,poor
1820,2,50,100,0,poor
1821,0,0,0,0,poor
1822,38,102.7,3902.6,1,good
1823,1,50,50,0,poor
1824,10,83.33,833.3,0,poor
1825,0,0,0,0,poor
1826,22,137.5,3025,1,good
1827,0,0,0,0,poor
1828,16,66.67,1066.72,0,poor
1829,62,65.96,4089.52,1,good
1830,0,0,0,0,poor
1831,13,40.63,528.19,0,poor
1832,5,38.46,192.3,0,poor
1833,0,0,0,0,poor
1834,18,48.65,875.7,0,poor
1835,23,76.67,1763.41,0,poor
1836,1,12.5,12.5,0,poor
1837,8,88.89,711.12,0,poor
1838,0,0,0,0,poor
1839,0,0,0,0,poor
1840,19,61.29,1164.51,0,poor
1841,0,0,0,0,poor
1842,6,46.15,276.9,0,poor
1843,16,47.06,752.96,0,poor
1844,25,86.21,2155.25,0,poor
1845,2,20,40,0,poor
1846,11,73.33,806.63,0,poor
1847,7,63.64,445.48,0,poor
1848,1,9.09,9.09,0,poor
1849,49,106.52,5219.48,1,good
1850,0,0,0,0,poor
1851,25,59.52,1488,0,poor
1852,26,108.33,2816.58,1,good
1853,16,84.21,1347.36,0,poor
1854,7,50,350,0,poor
1855,21,60,1260,0,poor
1856,111,84.09,9333.99,2,best
1857,22,110,2420,0,poor
1858,34,113.33,3853.22,1,good
1859,5,166.67,833.35,0,poor
1860,2,25,50,0,poor
1861,11,64.71,711.81,0,poor
1862,11,50,550,0,poor
1863,13,108.33,1408.29,0,poor
1864,95,115.85,11005.75,2,best
1865,42,73.68,3094.56,1,good
1866,17,60.71,1032.07,0,poor
1867,8,200,1600,0,poor
1868,17,33.33,566.61,0,poor
1869,6,100,600,0,poor
1870,7,58.33,408.31,0,poor
1871,1,25,25,0,poor
1872,1,50,50,0,poor
1873,0,0,0,0,poor
1874,80,96.39,7711.2,2,best
1875,11,64.71,711.81,0,poor
1876,0,0,0,0,poor
1877,42,65.63,2756.46,1,good
1878,34,103.03,3503.02,1,good
1879,4,44.44,177.76,0,poor
1880,64,172.97,11070.08,2,best
1881,11,91.67,1008.37,0,poor
1882,8,42.11,336.88,0,poor
1883,5,55.56,277.8,0,poor
1884,1,25,25,0,poor
1885,1,33.33,33.33,0,poor
1886,25,71.43,1785.75,0,poor
1887,19,55.88,1061.72,0,poor
1888,16,72.73,1163.68,0,poor
1889,28,71.79,2010.12,0,poor
1890,16,84.21,1347.36,0,poor
1891,29,207.14,6007.06,1,good
1892,0,0,0,0,poor
1893,14,82.35,1152.9,0,poor
1894,1,16.67,16.67,0,poor
1895,0,0,0,0,poor
1896,49,85.96,4212.04,1,good
1897,17,50,850,0,poor
1898,36,81.82,2945.52,1,good
1899,7,41.18,288.26,0,poor
1900,38,53.52,2033.76,0,poor
1901,9,42.86,385.74,0,poor
1902,39,150,5850,1,good
1903,35,100,3500,1,good
1904,39,105.41,4110.99,1,good
1905,6,54.55,327.3,0,poor
1906,56,56.57,3167.92,1,good
1907,28,311.11,8711.08,2,best
1908,42,73.68,3094.56,1,good
1909,45,60.81,2736.45,1,good
1910,2,20,40,0,poor
1911,6,42.86,257.16,0,poor
1912,17,106.25,1806.25,0,poor
1913,7,116.67,816.69,0,poor
1914,2,50,100,0,poor
1915,1,50,50,0,poor
1916,2,66.67,133.34,0,poor
1917,10,58.82,588.2,0,poor
1918,3,50,150,0,poor
1919,81,112.5,9112.5,2,best
1920,5,62.5,312.5,0,poor
1921,0,0,0,0,poor
1922,49,163.33,8003.17,2,best
1923,11,36.67,403.37,0,poor
1924,5,31.25,156.25,0,poor
1925,5,38.46,192.3,0,poor
1926,3,50,150,0,poor
1927,9,112.5,1012.5,0,poor
1928,69,88.46,6103.74,1,good
1929,0,0,0,0,poor
1930,12,50,600,0,poor
1931,79,71.17,5622.43,1,good
1932,18,66.67,1200.06,0,poor
1933,19,95,1805,0,poor
1934,9,75,675,0,poor
1935,7,87.5,612.5,0,poor
1936,11,100,1100,0,poor
1937,19,111.76,2123.44,0,poor
1938,10,100,1000,0,poor
1939,27,158.82,4288.14,1,good
1940,31,91.18,2826.58,1,good
1941,16,114.29,1828.64,0,poor
1942,32,76.19,2438.08,0,poor
1943,84,127.27,10690.68,2,best
1944,37,88.1,3259.7,1,good
1945,12,80,960,0,poor
1946,0,0,0,0,poor
1947,7,53.85,376.95,0,poor
1948,34,97.14,3302.76,1,good
1949,36,87.8,3160.8,1,good
1950,14,107.69,1507.66,0,poor
1951,51,159.38,8128.38,2,best
1952,22,95.65,2104.3,0,poor
1953,10,100,1000,0,poor
1954,51,113.33,5779.83,1,good
1955,65,191.18,12426.7,2,best
1956,1,50,50,0,poor
1957,43,66.15,2844.45,1,good
1958,19,105.56,2005.64,0,poor
1959,8,114.29,914.32,0,poor
1960,38,88.37,3358.06,1,good
1961,97,100,9700,2,best
1962,30,73.17,2195.1,0,poor
1963,13,86.67,1126.71,0,poor
1964,21,140,2940,1,good
1965,5,250,1250,0,poor
1966,27,168.75,4556.25,1,good
1967,0,0,0,0,poor
1968,11,45.83,504.13,0,poor
1969,0,0,0,0,poor
1970,16,47.06,752.96,0,poor
1971,7,31.82,222.74,0,poor
1972,6,66.67,400.02,0,poor
1973,29,65.91,1911.39,0,poor
1974,20,80,1600,0,poor
1975,4,12.9,51.6,0,poor
1976,3,100,300,0,poor
1977,0,0,0,0,poor
1978,36,56.25,2025,0,poor
1979,23,60.53,1392.19,0,poor
1980,17,100,1700,0,poor
1981,22,56.41,1241.02,0,poor
1982,14,50,700,0,poor
1983,28,77.78,2177.84,0,poor
1984,0,0,0,0,poor
1985,2,20,40,0,poor
1986,1,14.29,14.29,0,poor
1987,2,40,80,0,poor
1988,9,100,900,0,poor
1989,0,0,0,0,poor
1990,6,46.15,276.9,0,poor
1991,30,81.08,2432.4,0,poor
1992,8,53.33,426.64,0,poor
1993,36,72,2592,1,good
1994,44,89.8,3951.2,1,good
1995,36,180,6480,1,good
1996,35,102.94,3602.9,1,good
1997,0,0,0,0,poor
1998,34,80.95,2752.3,1,good
1999,0,0,0,0,poor
2000,3,30,90,0,poor
2001,21,210,4410,1,good
2002,7,175,1225,0,poor
2003,2,100,200,0,poor
2004,0,0,0,0,poor
2005,52,74.29,3863.08,1,good
2006,1,14.29,14.29,0,poor
2007,33,70.21,2316.93,0,poor
2008,5,35.71,178.55,0,poor
2009,17,60.71,1032.07,0,poor
2010,66,100,6600,1,good
2011,44,107.32,4722.08,1,good
2012,32,123.08,3938.56,1,good
2013,4,400,1600,0,poor
2014,95,97.94,9304.3,2,best
2015,54,112.5,6075,1,good
2016,80,109.59,8767.2,2,best
2017,56,169.7,9503.2,2,best
2018,18,163.64,2945.52,1,good
2019,11,91.67,1008.37,0,poor
2020,19,126.67,2406.73,0,poor
2021,18,163.64,2945.52,1,good
2022,76,152,11552,2,best
2023,43,69.35,2982.05,1,good
2024,102,118.6,12097.2,2,best
2025,18,90,1620,0,poor
2026,10,55.56,555.6,0,poor
2027,11,47.83,526.13,0,poor
2028,4,80,320,0,poor
2029,16,114.29,1828.64,0,poor
2030,11,157.14,1728.54,0,poor
2031,6,85.71,514.26,0,poor
2032,6,200,1200,0,poor
2033,9,90,810,0,poor
2034,71,97.26,6905.46,1,good
2035,4,17.39,69.56,0,poor
2036,20,66.67,1333.4,0,poor
2037,3,25,75,0,poor
2038,6,120,720,0,poor
2039,140,189.19,26486.6,2,best
2040,0,0,0,0,poor
2041,17,77.27,1313.59,0,poor
2042,6,30,180,0,poor
2043,3,60,180,0,poor
2044,46,124.32,5718.72,1,good
2045,36,124.14,4469.04,1,good
2046,43,87.76,3773.68,1,good
2047,0,0,0,0,poor
2048,2,28.57,57.14,0,poor
2049,80,126.98,10158.4,2,best
2050,31,59.62,1848.22,0,poor
2051,1,12.5,12.5,0,poor
2052,0,0,0,0,poor
2053,0,0,0,0,poor
2054,0,0,0,0,poor
2055,8,114.29,914.32,0,poor
2056,9,81.82,736.38,0,poor
2057,33,91.67,3025.11,1,good
2058,49,100,4900,1,good
2059,60,82.19,4931.4,1,good
2060,39,75,2925,1,good
2061,7,77.78,544.46,0,poor
2062,0,0,0,0,poor
2063,15,62.5,937.5,0,poor
2064,3,30,90,0,poor
2065,1,9.09,9.09,0,poor
2066,6,60,360,0,poor
2067,10,111.11,1111.1,0,poor
2068,8,34.78,278.24,0,poor
2069,31,68.89,2135.59,0,poor
2070,24,77.42,1858.08,0,poor
2071,15,57.69,865.35,0,poor
2072,23,100,2300,0,poor
2073,4,25,100,0,poor
2074,0,0,0,0,poor
2075,1,25,25,0,poor
2076,2,33.33,66.66,0,poor
2077,23,88.46,2034.58,0,poor
2078,2,28.57,57.14,0,poor
2079,25,56.82,1420.5,0,poor
2080,41,132.26,5422.66,1,good
2081,12,85.71,1028.52,0,poor
2082,8,61.54,492.32,0,poor
2083,0,0,0,0,poor
2084,29,107.41,3114.89,1,good
2085,4,66.67,266.68,0,poor
2086,0,0,0,0,poor
2087,21,50,1050,0,poor
2088,0,0,0,0,poor
2089,9,36,324,0,poor
2090,22,47.83,1052.26,0,poor
2091,12,70.59,847.08,0,poor
2092,78,136.84,10673.52,2,best
2093,0,0,0,0,poor
2094,0,0,0,0,poor
2095,9,60,540,0,poor
2096,2,25,50,0,poor
2097,22,46.81,1029.82,0,poor
2098,56,66.67,3733.52,1,good
2099,31,83.78,2597.18,1,good
2100,33,57.89,1910.37,0,poor
2101,2,28.57,57.14,0,poor
2102,12,100,1200,0,poor
2103,32,110.34,3530.88,1,good
2104,3,75,225,0,poor
2105,0,0,0,0,poor
2106,74,94.87,7020.38,1,good
2107,77,87.5,6737.5,1,good
2108,66,117.86,7778.76,2,best
2109,0,0,0,0,poor
2110,1,10,10,0,poor
2111,44,110,4840,1,good
2112,7,70,490,0,poor
2113,13,162.5,2112.5,0,poor
2114,15,214.29,3214.35,1,good
2115,12,300,3600,1,good
2116,4,200,800,0,poor
2117,52,61.9,3218.8,1,good
2118,29,120.83,3504.07,1,good
2119,0,0,0,0,poor
2120,4,30.77,123.08,0,poor
2121,0,0,0,0,poor
2122,1,25,25,0,poor
2123,27,117.39,3169.53,1,good
2124,0,0,0,0,poor
2125,7,53.85,376.95,0,poor
2126,1,50,50,0,poor
2127,30,66.67,2000.1,0,poor
2128,78,96.3,7511.4,2,best
2129,25,73.53,1838.25,0,poor
2130,2,100,200,0,poor
2131,0,0,0,0,poor
2132,0,0,0,0,poor
2133,2,50,100,0,poor
2134,10,47.62,476.2,0,poor
2135,15,115.38,1730.7,0,poor
2136,4,28.57,114.28,0,poor
2137,0,0,0,0,poor
2138,97,89.81,8711.57,2,best
2139,52,144.44,7510.88,2,best
2140,16,61.54,984.64,0,poor
2141,30,81.08,2432.4,0,poor
2142,9,81.82,736.38,0,poor
2143,3,75,225,0,poor
2144,7,233.33,1633.31,0,poor
2145,16,53.33,853.28,0,poor
2146,8,100,800,0,poor
2147,1,20,20,0,poor
2148,0,0,0,0,poor
2149,1,12.5,12.5,0,poor
2150,2,33.33,66.66,0,poor
2151,49,125.64,6156.36,1,good
2152,46,67.65,3111.9,1,good
2153,85,73.91,6282.35,1,good
2154,0,0,0,0,poor
2155,29,61.7,1789.3,0,poor
2156,2,33.33,66.66,0,poor
2157,6,150,900,0,poor
2158,1,20,20,0,poor
2159,1,100,100,0,poor
2160,0,0,0,0,poor
2161,30,88.24,2647.2,1,good
2162,30,103.45,3103.5,1,good
2163,23,45.1,1037.3,0,poor
2164,11,37.93,417.23,0,poor
2165,24,58.54,1404.96,0,poor
2166,18,39.13,704.34,0,poor
2167,21,84,1764,0,poor
2168,17,53.13,903.21,0,poor
2169,5,71.43,357.15,0,poor
2170,4,200,800,0,poor
2171,32,66.67,2133.44,0,poor
2172,64,125.49,8031.36,2,best
2173,104,100.97,10500.88,2,best
2174,39,95.12,3709.68,1,good
2175,26,130,3380,1,good
2176,45,136.36,6136.2,1,good
2177,3,50,150,0,poor
2178,6,200,1200,0,poor
2179,10,58.82,588.2,0,poor
2180,18,128.57,2314.26,0,poor
2181,20,95.24,1904.8,0,poor
2182,3,23.08,69.24,0,poor
2183,113,88.28,9975.64,2,best
2184,53,77.94,4130.82,1,good
2185,29,80.56,2336.24,0,poor
2186,2,66.67,133.34,0,poor
2187,1,100,100,0,poor
2188,7,53.85,376.95,0,poor
2189,36,97.3,3502.8,1,good
2190,111,112.12,12445.32,2,best
2191,43,87.76,3773.68,1,good
2192,48,92.31,4430.88,1,good
2193,25,83.33,2083.25,0,poor
2194,2,66.67,133.34,0,poor
2195,18,150,2700,1,good
2196,6,100,600,0,poor
2197,0,0,0,0,poor
2198,82,109.33,8965.06,2,best
2199,15,51.72,775.8,0,poor
2200,30,88.24,2647.2,1,good
2201,41,55.41,2271.81,0,poor
2202,52,91.23,4743.96,1,good
2203,6,42.86,257.16,0,poor
2204,46,76.67,3526.82,1,good
2205,42,82.35,3458.7,1,good
2206,54,93.1,5027.4,1,good
2207,87,96.67,8410.29,2,best
2208,30,214.29,6428.7,1,good
2209,13,185.71,2414.23,0,poor
2210,12,240,2880,1,good
2211,0,0,0,0,poor
2212,0,0,0,0,poor
2213,14,73.68,1031.52,0,poor
2214,6,42.86,257.16,0,poor
2215,0,0,0,0,poor
2216,1,7.14,7.14,0,poor
2217,0,0,0,0,poor
2218,96,88.07,8454.72,2,best
2219,68,85,5780,1,good
2220,30,130.43,3912.9,1,good
2221,1,25,25,0,poor
2222,1,12.5,12.5,0,poor
2223,0,0,0,0,poor
2224,133,99.25,13200.25,2,best
2225,4,66.67,266.68,0,poor
2226,36,67.92,2445.12,0,poor
2227,13,52,676,0,poor
2228,36,92.31,3323.16,1,good
2229,3,50,150,0,poor
2230,43,179.17,7704.31,2,best
2231,10,83.33,833.3,0,poor
2232,0,0,0,0,poor
2233,1,50,50,0,poor
